x,y,z,yaw,size_m,nx,ny,nz
-8270.4,-12073.7,156257.1,216.1,0.62,-0.322,-0.336,0.885
95306.9,114992.3,231726.2,280.7,0.25,0.394,0.493,0.775
78314.3,105799.8,229735.8,112.9,1.1,-0.646,-0.302,0.701
39234.5,114338.2,206791.9,119.8,0.28,-0.545,-0.18,0.819
22248.3,112371.1,195481.2,144.8,0.27,-0.486,-0.376,0.789
92768.6,119941.2,236617.5,135.8,0.08,0.758,-0.382,0.554
57976.8,116003.0,221215.3,213.5,0.43,-0.556,-0.514,0.653
29554.4,123235.1,209174.0,130.4,0.19,-0.529,-0.534,0.659
21892.4,112344.6,195266.6,274.3,0.54,-0.537,-0.278,0.796
16142.9,116428.3,195563.1,26.3,0.39,-0.591,-0.191,0.783
37412.6,122006.1,210499.7,324.8,0.09,-0.362,-0.735,0.574
91592.4,122407.4,238983.3,296.8,0.19,0.592,-0.392,0.697
-17987.0,5658.6,158179.5,251.7,0.25,-0.479,-0.453,0.751
54741.2,123671.7,225528.1,164.5,0.16,-0.568,-0.495,0.657
30306.7,115004.9,201303.2,119.0,0.29,-0.388,-0.477,0.789
36385.5,110914.6,204075.7,123.6,0.63,-0.456,-0.252,0.853
79868.7,130301.0,243253.5,26.8,0.18,-0.575,0.564,0.593
11147.8,79958.5,170665.2,109.5,2.05,0.044,-0.45,0.892
87810.1,119044.5,245020.4,356.7,0.36,-0.496,-0.422,0.758
60397.6,119636.2,222667.7,71.8,0.22,-0.606,0.276,0.745
76804.9,120762.1,236637.2,90.1,0.15,-0.697,0.304,0.65
39158.5,109126.7,205063.2,305.6,0.3,-0.421,-0.262,0.868
92221.7,121248.9,237790.6,86.7,1.33,0.648,-0.277,0.709
-22633.4,-15562.6,147400.2,281.9,1.69,-0.426,-0.328,0.843
69101.0,124870.7,236701.2,301.9,0.47,-0.21,-0.786,0.582
-31498.4,-32027.3,139600.4,269.1,0.31,-0.12,0.019,0.993
46482.2,102308.4,207666.0,243.0,0.51,-0.431,-0.191,0.882
39372.3,110430.7,205522.7,145.1,0.38,-0.465,-0.254,0.848
53566.5,130918.2,230071.6,97.3,0.25,-0.071,0.628,0.775
46069.2,103587.3,207775.8,322.8,0.28,-0.497,-0.26,0.828
60890.2,115314.5,223272.2,247.7,0.2,-0.478,-0.508,0.716
55295.8,117170.5,219495.8,325.4,0.24,-0.631,-0.288,0.72
61776.2,114475.3,223658.5,237.4,0.09,-0.661,-0.507,0.554
89064.0,123579.3,245972.2,133.3,0.34,0.822,-0.04,0.565
-8520.1,56.3,158814.1,332.0,0.31,-0.079,0.18,0.981
87113.8,125626.9,249460.5,233.3,0.33,-0.461,-0.473,0.744
31332.5,129010.6,217086.2,167.1,0.39,-0.07,-0.408,0.89
57550.0,117238.0,221470.6,228.8,0.55,-0.527,0.389,0.756
27047.6,113937.9,199047.2,279.2,1.68,-0.391,-0.42,0.819
87513.5,122407.3,246347.7,274.9,1.41,-0.738,0.106,0.667
71846.9,114594.0,230513.8,310.3,0.24,-0.716,-0.231,0.658
13932.9,112408.7,192288.8,10.1,0.24,-0.459,-0.451,0.766
40235.9,109024.0,205500.1,16.4,0.42,-0.376,-0.276,0.884
56808.3,111334.6,216137.4,174.6,0.63,-0.651,0.253,0.715
56532.1,107312.3,214961.9,22.3,0.8,-0.491,-0.138,0.859
25158.2,124375.7,207092.6,109.7,0.82,-0.614,-0.21,0.758
41281.2,111229.7,206787.8,212.6,1.91,-0.424,-0.319,0.848
15972.8,65068.6,162963.1,228.1,0.3,0.155,-0.405,0.901
77823.6,140704.0,235777.3,67.8,0.34,-0.621,0.198,0.757
39139.3,109970.7,205271.3,85.9,0.32,-0.454,-0.217,0.864
30025.4,118186.6,202767.2,146.8,2.48,-0.572,-0.204,0.794
81681.9,121693.4,241210.2,162.0,0.23,-0.57,0.367,0.735
41529.3,105156.0,206296.5,85.2,2.84,-0.509,-0.023,0.86
77712.9,113861.6,233292.7,200.2,0.13,-0.229,-0.755,0.614
82886.2,134203.8,242811.6,283.5,0.44,-0.476,0.479,0.737
22023.2,119685.7,200478.1,46.6,0.73,-0.443,-0.327,0.833
40543.7,119935.1,209917.2,307.0,0.31,-0.574,-0.202,0.793
85144.2,120381.8,243936.6,66.6,0.12,-0.487,-0.629,0.606
47838.4,97801.5,206187.2,230.0,0.23,-0.529,-0.435,0.729
12549.3,64968.5,162951.5,117.1,0.47,-0.058,-0.407,0.911
36625.8,115815.7,205873.5,259.1,2.82,-0.499,-0.296,0.815
22344.5,112358.0,195532.9,55.8,0.26,-0.477,-0.392,0.787
62895.7,119471.0,224909.2,181.8,0.28,-0.531,0.481,0.698
73507.7,126665.1,238929.7,76.6,0.62,-0.343,0.407,0.846
25560.0,118864.0,200668.6,128.7,1.8,-0.269,-0.569,0.777
86439.5,125342.2,248912.8,291.9,0.83,-0.361,-0.449,0.815
21864.5,108058.6,194019.7,106.8,0.26,-0.622,0.236,0.747
70522.3,126013.3,237389.6,93.1,0.45,-0.465,0.37,0.804
32742.2,109669.4,201521.8,69.5,1.82,-0.518,-0.142,0.843
54726.5,124313.7,225915.5,60.6,0.21,-0.632,-0.385,0.672
37208.0,110181.7,204297.6,115.2,0.54,-0.472,-0.252,0.845
66417.8,111230.0,222433.2,75.7,0.25,-0.487,-0.449,0.749
-32229.8,3731.9,152238.4,353.0,0.65,-0.337,-0.492,0.803
18707.9,3413.5,161781.5,54.2,1.81,-0.507,0.316,0.802
58059.0,117326.2,221834.4,264.9,1.44,-0.557,0.257,0.79
37069.9,126902.0,215650.4,240.5,1.78,-0.511,-0.522,0.683
39958.2,107238.7,205085.4,77.9,0.5,-0.363,0.138,0.921
33738.7,120005.7,205633.6,111.5,0.3,-0.378,-0.421,0.825
58635.7,133780.4,226949.4,182.3,2.38,0.016,0.594,0.805
-22640.2,-5720.5,150530.5,49.6,0.3,-0.445,0.258,0.857
30428.9,120301.9,205016.7,333.2,0.73,-0.221,-0.788,0.575
67778.0,119722.7,228683.3,134.8,0.25,-0.592,0.469,0.655
20943.6,125359.9,203869.2,299.0,0.5,-0.047,-0.572,0.819
68329.3,138890.0,226918.1,90.8,0.84,-0.492,0.166,0.854
8604.9,121891.9,204637.1,1.1,0.29,0.232,-0.568,0.79
-25518.1,-110968.7,139590.2,125.0,0.63,-0.045,-0.085,0.995
22171.0,112378.4,195448.4,358.5,0.26,-0.499,-0.354,0.79
61470.6,105199.8,217022.2,221.5,2.07,-0.576,-0.246,0.779
17021.3,-8385.6,164962.5,339.1,1.07,-0.234,0.018,0.972
61601.7,124554.1,231925.4,275.4,0.66,-0.497,-0.617,0.611
62647.5,127040.5,234119.3,119.3,0.24,-0.484,0.407,0.773
19650.8,111331.7,193712.4,87.2,0.3,-0.237,-0.494,0.836
49360.6,99262.5,207859.2,202.1,0.24,-0.463,-0.439,0.77
83068.9,119737.0,241845.9,42.4,0.62,-0.277,-0.699,0.659
76262.2,133848.6,237319.5,128.5,0.51,-0.303,0.568,0.761
30886.8,112458.9,201018.0,6.7,0.3,-0.491,-0.321,0.81
23479.5,108863.9,194943.9,203.2,0.69,-0.49,0.28,0.826
47943.3,119846.6,213679.6,161.6,1.92,-0.579,-0.231,0.781
14704.2,-6493.8,163815.4,114.3,0.28,-0.586,0.242,0.773
27926.5,115542.7,200363.4,68.7,1.57,-0.47,-0.392,0.791
58690.8,114790.0,221135.9,206.5,1.38,-0.513,-0.52,0.684
77438.1,121619.0,236783.6,298.0,0.58,-0.702,0.124,0.692
57349.4,130662.5,229624.9,149.8,2.23,-0.252,0.604,0.753
-31598.5,-31574.6,139585.6,6.5,0.76,-0.078,-0.001,0.997
22104.1,112197.2,195287.1,293.6,0.28,-0.472,-0.34,0.814
14018.2,65933.1,163536.7,293.0,1.4,-0.015,-0.388,0.921
-19953.8,-1655.5,152469.6,347.4,0.69,-0.193,-0.379,0.905
77574.4,123765.4,240676.0,330.4,0.23,-0.35,-0.752,0.553
87591.7,122244.8,246468.3,26.7,0.37,-0.725,0.088,0.683
104349.2,120263.9,221480.3,271.7,0.78,0.356,0.604,0.714
23642.2,111203.6,195636.8,354.3,0.6,-0.489,-0.463,0.739
39249.9,86766.0,192893.6,117.1,1.47,-0.107,-0.725,0.68
65796.0,101408.4,219794.9,301.5,0.46,-0.623,0.097,0.776
41109.7,104511.8,206000.9,50.4,0.46,-0.397,-0.047,0.916
19914.2,113134.3,195087.3,214.0,1.69,-0.028,-0.667,0.744
76054.7,114209.2,232985.5,150.1,0.18,-0.351,-0.702,0.619
70722.9,121054.0,230708.3,167.4,0.12,-0.53,-0.615,0.589
88485.6,123443.1,246798.1,39.2,0.34,0.743,0.036,0.666
23449.1,111018.3,195374.1,86.5,2.01,-0.482,-0.462,0.744
42149.0,96992.2,203029.6,276.7,1.14,-0.346,-0.571,0.741
85180.4,124193.8,247858.2,116.5,0.15,-0.281,-0.718,0.644
67595.8,121026.0,227969.5,198.2,1.21,-0.626,-0.392,0.672
82346.5,138673.4,240574.4,154.0,0.56,-0.313,0.526,0.791
20119.6,124871.1,203462.8,247.1,1.51,-0.027,-0.586,0.81
86979.3,110250.4,240067.0,306.0,0.93,-0.659,-0.01,0.752
76367.8,131412.2,239825.1,323.0,0.45,-0.394,0.523,0.75
33305.4,112064.7,202230.6,343.8,0.27,-0.586,-0.094,0.805
37140.5,107966.2,203860.2,0.7,0.53,-0.493,0.03,0.869
93893.5,129003.8,248018.5,251.1,0.69,0.365,0.373,0.848
85502.4,121812.7,244662.2,306.2,0.48,-0.742,0.189,0.642
27334.2,114400.3,199432.0,248.8,0.34,-0.438,-0.426,0.792
65370.0,115348.8,225935.7,110.0,0.32,-0.333,-0.725,0.603
19188.4,62929.2,162079.3,142.8,0.51,-0.17,-0.506,0.845
40314.8,106133.5,205675.6,348.9,0.39,-0.341,0.225,0.912
70437.4,97684.9,224540.0,212.6,0.67,-0.628,0.041,0.776
44259.8,117503.6,210732.4,322.7,0.39,-0.496,-0.255,0.83
57337.2,127617.7,233945.3,232.4,0.64,0.273,0.697,0.665
-10403.4,-432.8,158703.0,195.8,0.38,-0.174,-0.341,0.924
57370.4,119123.3,220300.3,7.6,0.26,-0.533,0.301,0.791
76300.5,123080.1,239423.4,113.3,0.25,-0.14,-0.801,0.592
85031.0,125665.5,247999.1,260.8,0.5,-0.695,0.233,0.678
59917.3,106004.5,216302.8,348.4,1.39,-0.518,-0.335,0.787
-21500.2,-48686.3,139728.6,195.6,0.49,-0.206,-0.069,0.976
39196.1,109907.7,205285.1,264.8,2.93,-0.446,-0.223,0.866
21761.3,110128.7,193923.2,217.0,2.14,-0.5,-0.335,0.799
61249.8,114504.4,222940.1,169.1,0.11,-0.567,-0.585,0.581
11434.1,-5970.2,161966.2,283.3,0.55,-0.112,0.491,0.864
65860.5,112956.3,223446.5,0.0,0.18,-0.453,-0.571,0.684
69149.5,97621.4,223608.2,277.5,0.36,-0.551,0.249,0.796
87216.9,124576.0,248567.6,45.6,0.16,-0.231,-0.714,0.661
57341.9,116405.5,221353.3,153.5,0.95,-0.541,-0.609,0.588
94.7,83315.7,181409.9,261.9,0.59,0.625,-0.524,0.58
65832.6,100139.4,220051.4,138.2,0.27,-0.612,0.1,0.785
27411.4,59940.7,163722.7,36.8,0.3,-0.491,-0.106,0.865
83492.9,120537.3,242690.3,250.8,0.25,-0.413,-0.484,0.771
87488.6,126767.9,249662.1,168.6,0.72,-0.329,0.325,0.886
61152.0,110580.6,219452.7,263.5,0.23,-0.554,-0.372,0.744
29963.1,108234.8,199558.4,90.3,2.47,-0.572,0.101,0.814
57236.7,128517.7,232809.4,20.2,0.15,0.379,0.686,0.621
84338.6,132236.6,244753.7,180.3,0.41,-0.342,0.496,0.798
87280.0,134770.3,245461.3,216.3,0.59,-0.543,0.273,0.794
-16435.6,4765.1,158270.4,240.5,0.3,-0.138,-0.518,0.844
58335.0,115506.3,221329.8,30.9,0.33,-0.535,-0.384,0.752
59635.0,112711.6,219840.8,66.4,0.34,-0.213,-0.432,0.876
84468.1,105861.0,235581.8,241.5,0.28,-0.64,0.187,0.745
63150.2,125369.9,234213.0,77.4,0.64,-0.464,-0.585,0.666
25092.7,112416.5,197090.7,29.8,0.29,-0.456,-0.452,0.767
85872.5,124408.2,248026.5,140.9,0.27,-0.137,-0.592,0.794
-35565.9,3261.2,150961.7,35.2,1.58,-0.084,-0.566,0.82
16489.8,111875.3,193733.5,111.5,0.42,-0.485,-0.363,0.793
68951.9,116096.9,230434.9,76.8,0.21,-0.651,-0.178,0.735
82359.3,105973.5,233417.8,183.2,1.88,-0.678,-0.002,0.735
32175.4,65782.2,167173.0,149.2,0.29,-0.55,0.219,0.806
27968.1,122578.6,206672.2,225.2,0.24,-0.562,-0.508,0.651
68704.4,113992.9,228083.6,236.6,0.15,-0.755,-0.247,0.608
56802.4,111237.5,216167.9,172.8,1.11,-0.683,0.224,0.695
81000.7,124083.0,243315.6,197.4,0.56,-0.746,-0.179,0.644
75885.9,125237.2,241123.7,152.4,0.15,-0.693,0.309,0.651
27758.9,118936.4,201599.4,186.3,1.36,-0.449,-0.417,0.79
81312.3,121862.1,240779.8,346.1,0.39,-0.581,0.431,0.69
86788.5,121513.4,245763.3,283.8,0.23,-0.532,-0.394,0.749
28562.0,112971.1,199342.1,236.9,1.81,-0.582,-0.201,0.788
57950.6,111463.9,216840.0,246.7,0.16,-0.756,-0.168,0.629
21929.4,113437.9,195706.9,281.4,0.57,-0.299,-0.518,0.8
29807.1,110220.7,199268.1,124.3,2.71,-0.568,-0.137,0.81
49280.4,102671.5,209180.5,186.8,0.51,-0.444,-0.247,0.861
47456.6,106687.3,209485.3,108.8,0.54,-0.453,-0.254,0.854
21582.0,113070.2,195333.4,258.3,0.61,-0.301,-0.496,0.814
89996.1,117321.4,240683.2,221.2,0.1,0.792,0.259,0.556
57485.6,109752.4,216582.4,72.5,0.2,-0.613,-0.389,0.688
78213.4,108300.6,231196.0,48.5,0.15,-0.531,-0.575,0.622
41049.9,101135.0,204918.8,346.8,0.38,0.046,-0.519,0.854
13150.1,65133.6,163068.5,184.8,0.33,-0.139,-0.411,0.901
89982.4,120213.0,240564.3,25.5,0.29,0.694,-0.262,0.67
58524.8,115078.4,221240.8,194.3,0.56,-0.474,-0.519,0.711
88426.6,123727.7,246694.0,178.5,0.12,0.766,0.195,0.612
82237.3,110241.9,235734.9,305.7,0.19,-0.695,0.13,0.707
87069.8,137670.6,243957.8,225.6,0.94,-0.638,0.14,0.757
58681.2,110854.7,217514.6,196.0,0.4,-0.546,0.173,0.813
30033.8,111622.9,200013.2,149.5,0.3,-0.531,-0.301,0.792
17922.3,9875.5,159091.3,316.2,0.81,-0.581,-0.032,0.813
91619.5,129024.5,248893.6,107.7,0.13,0.61,0.488,0.622
58991.6,127618.6,233038.6,322.2,1.11,0.057,0.07,0.972
93358.0,115568.5,234007.0,25.7,0.6,0.811,0.086,0.578
15332.8,106819.2,189636.5,74.0,0.78,0.036,-0.636,0.771
14584.0,89234.1,178725.9,10.6,0.34,-0.211,-0.559,0.802
33055.5,121252.9,206188.2,200.7,2.0,-0.079,-0.636,0.767
87103.0,124971.7,248908.4,37.1,0.24,-0.299,-0.572,0.764
87857.9,121473.1,246435.4,235.0,0.45,-0.533,-0.365,0.763
68757.7,116153.6,230297.3,314.0,0.29,-0.613,-0.109,0.771
79975.1,108619.1,232831.6,328.3,1.05,-0.505,-0.461,0.729
-5009.2,-4347.3,158961.2,230.5,1.2,0.212,0.049,0.975
67869.3,96871.8,223284.6,285.2,0.4,-0.539,0.381,0.75
88061.4,122403.2,247002.7,206.0,0.3,-0.337,-0.02,0.916
42555.2,104056.9,206573.2,54.7,0.3,-0.317,-0.253,0.914
38568.1,109505.0,204853.1,297.3,0.33,-0.454,-0.182,0.872
65762.6,120100.2,227022.9,326.2,0.63,-0.678,0.358,0.642
-17972.2,5790.2,158271.1,344.6,0.27,-0.488,-0.332,0.806
14522.2,97993.9,183899.8,266.9,0.36,-0.203,-0.573,0.794
55368.3,117532.7,219641.4,50.0,0.83,-0.565,-0.075,0.821
45183.2,117852.4,211373.3,86.8,0.46,-0.486,-0.261,0.834
16489.2,97946.6,184915.7,4.8,1.19,-0.732,-0.129,0.669
-18660.6,6098.0,158027.3,307.1,0.3,-0.327,-0.372,0.868
59297.7,115893.1,222430.1,272.1,0.61,-0.618,-0.35,0.704
46494.2,109283.4,209406.6,245.4,0.65,-0.637,0.371,0.676
59545.8,131512.7,229016.9,324.9,0.19,-0.375,0.643,0.667
2903.1,108657.0,204149.1,27.0,0.42,0.108,0.011,0.994
71312.9,111126.5,226700.5,17.5,0.17,-0.652,-0.42,0.63
55223.3,102568.7,212632.4,59.2,1.29,-0.47,-0.212,0.857
71055.5,96639.2,225216.8,30.7,0.26,-0.586,-0.11,0.801
38918.1,119881.4,209009.3,296.6,1.79,-0.393,-0.392,0.832
-24141.2,-110555.6,139690.4,71.9,1.51,-0.117,-0.15,0.982
22278.2,115476.1,197339.9,357.0,0.35,-0.064,-0.668,0.742
70106.3,119634.7,230957.0,162.0,0.57,-0.438,0.542,0.717
65231.8,127255.7,235979.9,265.9,0.38,0.208,0.72,0.662
77211.9,107413.9,229508.3,149.3,2.2,-0.564,-0.354,0.746
41265.3,98881.7,203700.8,43.4,0.27,-0.03,-0.582,0.812
7586.7,83806.2,175184.8,87.8,0.98,0.351,-0.706,0.618
8817.9,69444.4,164990.6,328.9,0.34,-0.029,-0.416,0.909
59470.3,112794.0,219853.7,292.2,0.31,-0.266,-0.437,0.859
78364.9,135473.9,239602.5,326.8,0.25,-0.45,0.399,0.78
40018.4,120492.7,209844.1,196.4,0.6,-0.388,-0.44,0.81
38042.2,110705.9,204915.4,71.6,2.44,-0.463,-0.252,0.85
46571.8,103741.7,208127.2,185.6,0.39,-0.501,-0.221,0.837
39686.4,109706.1,205461.0,330.5,1.6,-0.42,-0.25,0.873
-13243.5,5939.0,158183.6,179.0,0.31,-0.084,-0.003,0.996
90046.5,134246.0,247472.5,337.1,2.34,0.181,0.44,0.863
-25238.6,-4046.8,150479.4,283.6,0.3,-0.262,-0.353,0.898
93747.6,112049.5,234878.2,337.6,1.1,0.58,0.52,0.628
2312.7,-10039.5,161107.2,84.2,0.3,-0.404,0.3,0.864
-33797.0,4093.1,151907.1,300.4,0.41,-0.204,-0.576,0.792
52405.3,124343.3,223726.4,354.7,0.11,-0.585,-0.532,0.599
83290.6,107410.8,234654.1,84.4,1.04,-0.65,-0.241,0.721
92512.6,133386.7,244660.8,121.4,0.44,0.605,0.483,0.632
96870.1,116877.3,229440.8,21.1,0.27,0.623,0.191,0.758
-28502.7,17050.0,164295.8,268.8,0.62,0.138,0.322,0.934
88826.2,127139.8,248563.9,119.0,0.08,0.502,-0.654,0.56
73417.9,130962.5,236652.6,348.9,0.2,-0.725,0.05,0.687
36054.1,110401.3,203711.4,195.9,0.53,-0.452,-0.299,0.841
36570.3,122696.8,210882.1,68.6,0.21,-0.519,-0.477,0.704
25090.3,113254.3,197605.1,316.2,0.55,-0.494,-0.355,0.794
28326.2,110779.4,198552.9,24.9,0.28,-0.546,-0.268,0.794
52262.4,94175.5,207116.2,165.4,1.91,-0.455,-0.411,0.79
61779.4,133397.3,227495.5,27.3,0.29,-0.058,0.536,0.842
29569.9,59950.3,165005.6,6.9,0.32,-0.509,-0.118,0.853
81145.2,105101.0,232316.8,167.1,0.19,-0.717,-0.09,0.691
55853.6,123937.2,226831.4,247.4,0.32,-0.565,-0.536,0.628
87506.3,124118.3,248106.7,242.6,0.62,0.123,-0.772,0.614
36509.2,109310.0,203666.2,225.4,0.71,-0.485,-0.225,0.845
80772.2,121597.2,240511.6,353.3,0.17,-0.594,0.432,0.679
26057.1,115157.4,198954.7,220.3,0.38,-0.562,-0.281,0.778
-11990.9,6357.6,158233.0,130.2,0.3,0.06,0.063,0.996
89577.8,99904.5,234614.2,220.3,0.59,0.659,0.378,0.647
96629.0,115992.7,230000.1,214.0,0.62,0.687,0.223,0.692
12172.2,-5456.5,161847.7,51.5,3.03,-0.152,0.437,0.886
40136.3,109925.2,205755.4,238.2,1.94,-0.422,-0.266,0.866
87369.3,122588.8,246149.0,268.7,0.22,-0.722,0.007,0.692
15824.9,66615.9,163690.2,314.1,0.44,0.071,-0.432,0.899
88681.2,135342.0,246093.5,23.6,0.39,-0.589,0.267,0.762
19177.0,61264.0,161231.5,355.3,0.3,-0.233,-0.378,0.896
56598.7,120158.4,219434.2,208.6,0.91,-0.595,-0.252,0.76
96912.6,115662.1,229851.2,312.5,0.18,0.671,0.288,0.683
88744.4,102602.4,233392.3,77.0,0.53,0.686,0.454,0.566
77348.3,121119.2,237030.4,165.7,0.47,-0.673,0.425,0.606
59914.5,88406.7,212235.7,152.9,0.23,-0.706,-0.054,0.707
68118.5,119484.0,229155.1,249.6,0.49,-0.674,0.407,0.616
34489.6,111511.2,202986.7,310.6,1.19,-0.562,-0.127,0.817
33271.2,58840.9,167209.6,190.5,1.68,-0.551,-0.171,0.817
34290.4,107230.8,201732.3,325.7,0.22,-0.646,0.175,0.743
26909.8,99797.2,198932.0,328.9,2.13,-0.352,0.281,0.89
41910.8,101739.0,205285.6,18.8,1.22,-0.15,-0.609,0.778
85099.3,127115.9,248140.7,309.5,0.23,-0.544,-0.371,0.752
40120.9,108805.1,205381.1,285.9,0.38,-0.428,-0.224,0.876
-17877.8,5672.3,158314.5,179.6,0.25,-0.489,-0.412,0.769
31573.9,65481.3,166826.1,133.0,0.27,-0.553,0.17,0.816
15129.6,67227.2,164070.0,72.6,0.5,0.063,-0.436,0.898
75284.9,126266.2,240065.1,154.7,0.3,-0.438,0.443,0.782
17054.4,54927.6,159020.9,299.1,2.92,-0.119,-0.29,0.95
74053.1,111904.4,230070.6,122.2,0.87,-0.417,-0.506,0.754
7244.7,98.6,158183.2,79.2,0.3,-0.091,0.253,0.963
69573.2,114101.4,228685.7,223.5,1.72,-0.079,-0.681,0.729
66000.8,114796.6,225553.8,141.4,0.21,-0.456,-0.697,0.556
63509.6,125698.5,234493.9,184.6,1.3,-0.285,-0.521,0.804
76373.5,107691.2,229049.9,210.2,0.48,-0.561,-0.477,0.675
41550.4,111147.8,206891.5,307.5,0.61,-0.437,-0.321,0.84
51721.7,123777.7,223042.4,44.7,0.41,-0.771,-0.05,0.635
60332.2,119526.3,222659.8,186.6,1.84,-0.625,0.319,0.711
28226.3,101823.7,199195.8,46.6,0.75,-0.477,0.275,0.834
89960.3,120865.9,240893.0,58.3,0.49,0.757,-0.237,0.608
14936.1,114673.4,194089.4,56.7,1.77,-0.579,-0.286,0.762
34001.1,91485.9,189641.2,214.9,0.15,0.617,-0.47,0.637
80978.6,147343.6,237915.6,100.9,0.53,-0.725,0.263,0.637
-21601.4,-48616.0,139702.0,265.6,0.45,-0.244,-0.029,0.969
31473.0,112657.2,201413.2,16.5,0.77,-0.464,-0.406,0.787
89207.6,112768.7,241767.4,223.7,0.11,0.79,-0.169,0.59
40436.3,105648.8,205744.2,353.5,0.5,-0.37,0.022,0.929
32779.2,109115.0,201449.3,26.9,2.05,-0.515,-0.152,0.843
81593.3,111145.2,235070.1,151.0,0.48,-0.617,-0.32,0.719
36756.2,110401.5,204097.5,203.8,0.52,-0.478,-0.267,0.837
-10725.6,-622.6,158635.2,51.4,0.74,0.114,-0.233,0.965
68299.9,95242.2,222482.8,137.8,0.66,-0.75,0.066,0.655
18053.3,56801.7,159645.2,309.8,1.87,-0.16,-0.211,0.964
79142.9,109110.0,232431.9,351.9,0.77,-0.447,-0.543,0.71
81544.2,111082.8,234982.1,335.6,1.12,-0.642,-0.28,0.713
58830.1,116019.1,222127.8,19.2,0.14,-0.541,-0.557,0.631
67831.2,119866.0,228610.5,242.0,0.15,-0.628,0.417,0.656
42135.6,93553.7,200000.5,20.3,0.76,0.027,-0.663,0.748
99712.4,115978.4,227604.3,289.1,0.23,0.528,0.437,0.728
84026.8,121183.6,243478.6,252.9,0.53,-0.575,-0.241,0.776
19031.5,61466.7,161283.4,318.6,0.52,-0.219,-0.393,0.893
55641.1,118847.9,219355.7,256.8,0.54,-0.351,0.622,0.7
39086.0,108830.0,204922.2,121.3,1.47,-0.373,-0.289,0.882
60287.4,114782.9,222529.3,304.8,0.99,-0.405,-0.64,0.653
95398.5,117264.0,231276.1,198.6,0.09,0.825,0.096,0.557
73000.0,126252.6,238910.6,303.9,1.07,-0.421,0.404,0.812
-40268.5,-28386.7,139961.1,225.1,0.78,-0.116,-0.056,0.992
83180.1,119554.1,241610.6,275.8,0.19,-0.396,-0.618,0.678
75293.3,128675.1,239035.3,332.8,0.25,-0.613,0.125,0.78
35189.3,108249.9,202596.8,115.6,0.28,-0.506,-0.254,0.824
59725.8,101138.7,215028.1,237.9,0.26,-0.632,-0.207,0.747
31391.3,108425.7,200461.1,327.3,0.38,-0.545,-0.034,0.837
17606.8,99603.4,186569.0,21.4,0.44,-0.786,-0.191,0.594
87598.2,127139.4,249494.6,193.2,0.46,-0.25,0.499,0.829
31211.8,121733.1,206901.6,13.7,0.19,0.162,-0.779,0.606
-12344.8,6684.1,158230.9,108.6,0.31,0.057,0.089,0.994
69240.9,99500.3,223264.3,142.5,0.31,-0.663,0.173,0.728
73890.7,113577.7,230953.5,185.6,0.18,-0.518,-0.509,0.685
89545.2,133821.5,247336.5,353.3,0.25,-0.527,0.33,0.783
87850.6,121956.5,246747.5,116.4,1.53,-0.575,-0.227,0.784
58338.2,114978.7,221044.3,218.7,0.6,-0.52,-0.603,0.609
58758.2,136049.6,225361.5,229.8,0.93,-0.018,0.534,0.845
58107.8,121235.0,220976.0,108.6,0.25,-0.393,-0.538,0.735
85941.1,121821.8,245155.7,295.6,0.25,-0.716,0.046,0.696
56025.2,117667.8,220075.2,148.4,1.11,-0.625,0.052,0.778
87621.7,127852.8,248970.8,141.4,0.24,-0.119,0.626,0.77
100313.4,109975.2,230616.3,315.4,0.28,0.412,0.471,0.779
57945.1,113067.5,218302.8,98.3,0.64,-0.776,-0.024,0.63
6934.5,113558.8,201808.7,50.0,0.14,0.778,0.065,0.626
34020.8,123282.8,208991.3,359.0,0.4,-0.349,-0.656,0.67
82015.9,128332.6,246103.7,110.2,0.19,-0.478,0.529,0.702
35857.5,109375.9,203292.5,44.3,0.56,-0.481,-0.254,0.839
11591.2,98029.6,183259.7,50.8,0.7,-0.498,-0.358,0.789
88719.2,123270.3,246464.3,38.1,0.14,0.815,-0.165,0.556
9103.3,93917.3,179484.5,243.5,0.23,0.015,-0.659,0.752
-35643.0,-17193.2,143057.5,202.4,0.38,-0.14,-0.241,0.96
58992.7,112579.0,219413.9,325.3,0.81,-0.619,-0.337,0.708
57991.1,115321.8,221057.2,180.9,1.71,-0.6,-0.423,0.679
24988.5,113079.6,197468.0,341.3,0.43,-0.509,-0.402,0.761
61118.2,110772.1,219519.6,169.8,2.23,-0.594,-0.306,0.744
58170.6,117001.3,222007.0,95.4,0.29,-0.515,0.212,0.83
27900.5,114907.0,200023.3,308.8,0.44,-0.434,-0.418,0.798
87890.8,101388.0,235811.7,192.0,0.13,0.612,0.482,0.626
72638.2,136225.0,232667.4,118.4,0.12,-0.666,0.436,0.605
87709.8,121478.8,246327.0,106.9,0.24,-0.531,-0.345,0.774
72746.0,101541.0,224948.9,123.2,0.81,-0.605,-0.178,0.776
42008.0,120310.8,211021.3,357.6,1.65,-0.415,-0.415,0.809
-19732.5,-1440.1,152623.9,349.8,0.74,-0.28,-0.399,0.873
22895.3,112356.9,195850.8,278.1,0.51,-0.462,-0.366,0.808
60185.8,117803.3,223578.0,143.7,0.25,-0.6,0.115,0.79
86552.7,132454.6,245757.4,290.2,0.22,-0.605,0.285,0.744
61515.8,120546.9,223250.5,241.9,0.84,-0.583,0.194,0.789
14637.4,4562.4,159312.3,94.1,1.11,-0.523,0.113,0.845
75425.6,110047.0,229222.7,16.3,0.58,-0.683,-0.176,0.709
93521.0,111047.8,235761.1,152.2,0.62,0.741,0.256,0.622
58637.6,121431.4,221396.5,32.2,1.68,-0.448,-0.531,0.718
24698.6,113076.9,197208.3,203.2,0.37,-0.503,-0.385,0.774
3543.9,92879.3,180162.9,108.4,0.26,0.531,-0.417,0.738
40586.7,106073.1,205815.1,23.1,0.32,-0.443,0.157,0.882
-27378.4,2363.2,152942.4,64.8,0.3,-0.205,-0.498,0.843
68253.6,125361.7,236926.5,272.6,0.17,-0.215,-0.734,0.645
40252.6,111118.8,206236.3,26.6,0.45,-0.444,-0.261,0.857
15251.4,66136.6,163546.9,65.8,0.45,0.046,-0.431,0.901
49625.9,118168.2,213841.1,310.0,0.69,-0.373,-0.455,0.805
82400.1,127594.3,246906.1,78.4,0.24,-0.325,0.57,0.755
27557.2,114387.1,199550.9,288.3,0.26,-0.425,-0.442,0.79
35679.8,94634.4,193396.8,251.9,0.21,0.214,-0.791,0.577
80386.2,110289.4,234045.4,189.5,1.34,-0.704,0.063,0.707
39527.2,108802.1,205102.8,294.1,0.73,-0.383,-0.322,0.866
73283.7,122295.1,235613.3,216.0,0.43,-0.503,-0.608,0.615
86418.7,124694.4,248322.9,328.5,0.26,-0.202,-0.593,0.78
-25420.3,-6457.4,149519.7,40.4,0.93,-0.106,-0.307,0.946
18485.6,63253.4,162123.5,264.0,0.85,-0.181,-0.497,0.848
34421.2,106630.6,202280.4,328.8,0.28,-0.662,0.295,0.689
-6297.3,-7348.5,159105.5,245.3,0.37,-0.504,-0.076,0.86
74266.5,111888.8,230148.8,231.7,1.17,-0.374,-0.548,0.749
55640.1,128068.3,233510.0,271.7,0.39,0.174,0.662,0.729
59771.8,115079.3,222523.7,84.8,0.46,-0.484,-0.566,0.67
60765.8,133620.6,227180.4,144.3,1.08,-0.129,0.581,0.804
-36049.5,2871.4,150624.7,230.7,0.3,-0.063,-0.603,0.795
56687.7,128841.1,232651.6,76.9,0.12,-0.101,0.785,0.61
30654.7,115339.2,201656.9,117.4,0.72,-0.418,-0.42,0.805
24194.4,113275.0,197019.0,117.5,0.3,-0.46,-0.363,0.81
58911.0,112201.6,219221.7,309.1,0.57,-0.556,-0.507,0.658
60697.6,114689.1,222767.9,292.7,0.17,-0.475,-0.576,0.666
23171.3,110978.2,195192.8,258.8,2.33,-0.437,-0.472,0.766
29843.9,108071.6,199511.0,332.5,1.92,-0.558,0.101,0.824
81545.7,121446.2,241206.4,117.8,0.35,-0.548,0.364,0.753
62039.2,105822.5,217744.1,172.6,0.29,-0.533,-0.294,0.794
83882.5,122386.2,242795.0,252.8,0.15,-0.633,-0.358,0.65
71790.7,113367.8,229963.3,269.7,0.17,-0.513,-0.535,0.668
53025.6,118675.5,217260.4,251.5,0.19,-0.626,0.345,0.699
54908.4,118443.6,219092.6,284.9,0.17,-0.62,0.403,0.673
12439.5,1257.7,159241.2,337.8,0.86,-0.247,0.424,0.871
96681.5,122561.4,232613.3,276.5,0.69,0.649,-0.364,0.664
39896.1,100951.6,205000.4,124.2,0.86,0.038,-0.622,0.782
36402.6,107575.7,203572.9,103.2,1.98,-0.415,0.266,0.87
15955.2,97584.8,184213.3,77.1,0.19,-0.642,-0.292,0.708
81062.4,129633.0,244420.1,187.9,0.36,-0.166,0.599,0.773
80031.2,124375.4,242158.9,188.3,1.13,-0.459,-0.601,0.626
60170.6,120811.1,222152.7,162.2,0.38,-0.547,0.093,0.828
16657.9,-4342.0,164039.1,276.7,0.3,-0.432,0.128,0.892
56995.2,117287.1,221078.2,201.9,0.24,-0.546,0.392,0.74
23611.7,116333.6,198265.6,248.1,0.25,-0.212,-0.58,0.786
65219.0,110922.1,221632.7,240.7,0.62,-0.259,-0.58,0.769
-416.3,84489.7,182584.1,90.5,0.51,0.543,-0.311,0.78
78418.3,133725.0,238866.7,7.9,0.3,-0.561,0.272,0.78
87838.9,123463.5,247442.5,327.2,0.24,0.333,-0.533,0.751
68957.3,114158.1,228381.0,313.9,1.17,-0.671,-0.205,0.712
31223.2,111835.4,200881.6,24.5,1.5,-0.437,-0.456,0.775
76396.5,111009.4,230279.2,202.4,0.17,-0.727,-0.155,0.669
42570.3,104206.6,206621.8,45.4,0.31,-0.319,-0.25,0.914
61778.9,114968.2,223939.7,129.6,0.12,-0.682,-0.404,0.61
12295.3,85082.1,173406.5,324.5,0.89,-0.247,-0.548,0.798
92032.7,143346.3,242773.1,145.8,0.48,0.357,0.564,0.744
32373.5,48399.7,163809.0,15.2,0.53,-0.409,-0.254,0.876
76476.9,128810.4,239965.1,142.9,0.1,-0.727,0.405,0.559
47899.0,103217.7,208576.0,65.8,2.22,-0.488,-0.245,0.837
69704.3,127786.4,235809.3,5.0,0.15,-0.803,0.112,0.587
37993.4,108634.5,204379.7,275.6,0.71,-0.455,-0.166,0.875
94714.9,113316.0,233193.9,32.8,0.21,0.35,0.585,0.731
33808.5,109525.9,202158.8,49.9,0.74,-0.508,-0.195,0.839
15667.9,61146.0,161221.4,50.9,2.88,0.119,-0.363,0.924
59815.2,108030.4,217041.6,35.1,1.8,-0.51,-0.349,0.786
35453.5,112428.2,203832.2,304.8,0.53,-0.575,-0.155,0.803
79295.0,108590.4,232376.7,259.1,0.18,-0.687,-0.252,0.682
-20827.9,-3407.6,151628.6,336.5,0.46,-0.241,-0.348,0.906
17144.0,65522.1,163088.4,132.8,2.49,-0.034,-0.468,0.883
-31482.3,-31604.7,139593.1,115.6,0.41,-0.092,0.009,0.996
71637.4,125705.8,238224.3,227.7,1.03,-0.533,0.473,0.702
84435.5,134530.9,243508.0,96.9,1.39,-0.39,0.439,0.809
84224.0,123840.3,246667.2,205.4,0.5,-0.223,-0.781,0.583
59422.7,123411.8,228522.9,106.7,0.74,-0.332,-0.733,0.596
53516.9,124491.2,225025.2,69.0,2.0,-0.628,-0.134,0.766
57522.5,110327.4,216885.0,92.0,0.26,-0.558,-0.36,0.747
15959.4,113082.4,193595.1,50.0,0.44,-0.525,-0.318,0.789
33652.2,107223.4,201257.4,285.6,2.1,-0.522,-0.176,0.833
86890.2,116792.0,242552.4,335.3,0.65,-0.381,-0.614,0.691
62691.6,96936.7,218382.7,301.4,0.14,-0.705,0.365,0.609
-27973.3,2844.5,153175.6,43.5,0.29,-0.12,-0.545,0.83
31307.6,48131.9,163245.3,249.7,0.52,-0.389,-0.251,0.887
71697.0,121888.8,234046.9,173.9,0.14,-0.436,-0.656,0.616
68681.5,124962.7,236614.7,234.5,0.15,-0.327,-0.682,0.653
65765.7,114904.0,225564.2,83.0,0.18,-0.303,-0.723,0.621
57325.6,124558.6,228575.4,299.3,0.37,-0.54,-0.546,0.64
14182.5,125928.6,204377.2,175.4,0.17,0.353,-0.711,0.612
88176.7,126087.1,249522.6,62.1,0.21,0.672,0.119,0.732
72930.1,101061.3,224867.3,156.5,0.99,-0.583,-0.123,0.798
80333.8,108351.3,232871.4,56.0,0.17,-0.454,-0.582,0.675
95636.8,120674.3,231675.3,67.4,0.68,0.161,-0.798,0.576
87313.1,125786.5,249674.7,224.5,0.26,-0.438,-0.393,0.799
21269.8,108706.6,193441.3,261.9,0.63,-0.549,0.146,0.823
-24227.5,-3472.6,150885.5,220.9,0.82,-0.258,-0.217,0.941
71995.5,128481.7,237189.4,269.1,1.54,-0.677,0.327,0.659
16421.9,63362.2,162166.0,304.7,0.3,0.035,-0.412,0.91
86607.9,120934.8,245422.6,305.9,0.24,-0.644,-0.099,0.758
-17833.9,6001.0,158410.7,235.8,0.3,-0.408,-0.14,0.902
80794.7,108290.4,233120.6,296.8,0.41,-0.495,-0.599,0.63
15624.5,95878.2,183114.4,83.5,0.19,-0.717,-0.252,0.652
54633.3,105553.6,213308.6,241.2,0.56,-0.447,-0.264,0.854
58963.6,114777.9,221220.3,202.2,0.17,-0.516,-0.578,0.634
37206.7,94824.3,195088.0,144.9,0.09,-0.812,-0.133,0.568
70465.0,128167.8,236241.9,37.8,1.12,-0.488,0.441,0.753
57895.9,116484.2,221722.1,193.4,0.17,-0.551,-0.517,0.655
77673.4,100161.9,228365.9,253.4,0.3,-0.583,0.032,0.81
58794.5,127633.0,233093.7,338.6,0.86,0.362,0.079,0.906
51287.4,119148.5,215602.2,214.0,0.24,-0.648,-0.091,0.748
13974.4,57628.9,159709.8,247.6,0.68,-0.017,-0.392,0.92
13089.1,61394.2,161305.4,307.2,0.3,-0.091,-0.422,0.902
88647.1,122396.3,246456.2,193.5,0.1,0.814,-0.073,0.578
58025.6,118313.7,221255.0,312.2,0.45,-0.616,0.405,0.676
40403.0,105245.6,205751.6,74.2,0.67,-0.275,0.07,0.958
88309.0,127179.8,249270.3,305.4,0.48,0.707,-0.093,0.701
87634.0,122129.6,246541.0,272.8,1.51,-0.701,0.024,0.712
-39038.4,-25371.6,140663.1,273.1,0.31,0.298,-0.229,0.924
43373.2,98677.6,204841.5,343.2,2.02,-0.415,-0.507,0.755
45064.9,117135.3,211065.0,111.6,1.42,-0.494,-0.242,0.835
84353.2,120348.1,243185.5,238.3,0.53,-0.518,-0.56,0.647
12452.2,80296.1,170784.3,98.9,0.31,0.133,-0.448,0.884
92687.6,119730.6,236522.3,274.0,0.17,0.564,-0.593,0.574
33390.5,112071.2,202302.1,305.4,0.27,-0.584,-0.078,0.808
89976.8,117682.8,240459.8,58.9,0.1,0.761,0.313,0.57
62768.6,119658.8,224684.4,343.6,0.4,-0.532,0.441,0.723
33613.9,111597.7,202401.5,354.1,2.07,-0.56,-0.128,0.818
15817.3,93908.5,182342.5,283.1,0.16,-0.782,-0.29,0.553
73107.6,120178.6,233581.7,347.4,0.58,-0.665,0.368,0.65
14908.9,-6676.9,163996.8,124.8,0.88,-0.492,0.161,0.855
88591.6,126922.5,248893.0,299.6,0.08,0.825,-0.114,0.553
88078.6,122537.2,247019.5,63.7,1.04,-0.318,0.052,0.922
25164.2,113148.6,197610.5,147.3,0.59,-0.471,-0.391,0.791
16292.2,112113.2,193613.7,77.5,0.26,-0.641,-0.21,0.738
-25455.3,-109096.0,139660.6,44.2,0.3,-0.044,-0.116,0.992
95873.8,127683.7,245940.6,116.6,0.75,0.681,-0.185,0.708
46620.7,106134.4,208697.9,286.7,0.22,-0.622,-0.249,0.741
57818.9,125437.0,229334.1,281.3,0.14,-0.565,-0.526,0.635
34501.3,107203.9,201957.8,139.6,0.22,-0.674,0.231,0.701
86837.9,118252.8,244080.3,283.6,0.14,-0.55,-0.609,0.572
85042.8,109423.3,237966.4,11.1,0.77,-0.48,-0.51,0.714
63853.4,138721.7,225026.1,77.4,0.85,-0.381,0.285,0.879
40396.2,100444.1,204541.1,97.8,3.08,0.021,-0.523,0.852
15909.4,54734.3,158828.9,246.7,0.3,-0.129,-0.324,0.937
39441.5,124789.0,214274.1,267.3,0.17,-0.314,-0.673,0.668
45539.0,102041.9,207133.0,136.1,0.3,-0.499,-0.337,0.798
52606.6,115734.0,213588.0,105.4,0.58,-0.615,-0.361,0.702
82699.1,103013.2,233581.3,352.8,0.14,-0.638,-0.453,0.623
42924.7,104379.2,206785.1,205.6,0.46,-0.235,-0.252,0.939
88975.1,132434.6,247572.6,114.2,0.84,-0.491,0.336,0.804
54983.1,137137.4,224078.4,306.4,0.24,-0.171,0.627,0.76
84117.9,120472.6,243054.5,209.2,0.18,-0.502,-0.52,0.691
66161.4,122151.1,228709.4,303.3,0.4,0.067,-0.79,0.613
63223.9,114652.9,224440.4,123.9,0.61,-0.103,-0.819,0.564
18964.4,60382.8,160863.6,169.0,0.53,-0.199,-0.296,0.934
-25649.1,-3520.4,150640.7,291.7,0.83,-0.266,-0.362,0.893
75429.8,120542.1,235596.5,327.2,0.98,-0.669,0.391,0.632
75316.7,111450.6,230301.0,266.4,0.09,-0.205,-0.801,0.561
74946.0,90961.8,231418.6,53.0,2.4,-0.416,0.453,0.773
58132.4,117384.5,221871.5,342.0,0.26,-0.548,0.256,0.796
4833.8,119238.6,205027.7,193.9,0.27,0.434,-0.387,0.813
61780.5,98108.5,217112.1,142.7,0.15,-0.726,0.222,0.651
69593.8,119505.8,230675.7,42.7,0.17,-0.627,0.377,0.681
35990.9,109028.4,203278.1,60.9,0.57,-0.495,-0.23,0.838
88165.5,116773.0,243646.6,307.0,0.2,-0.635,-0.325,0.703
71991.1,124069.3,237328.8,356.7,0.13,-0.304,-0.774,0.557
58383.7,112934.8,218860.2,157.5,1.35,-0.776,-0.075,0.626
86655.9,120473.2,245343.5,353.7,0.19,-0.601,-0.408,0.686
71891.0,130521.8,236024.9,165.5,0.68,-0.417,0.583,0.697
71601.2,130701.3,235608.1,20.4,0.18,-0.593,0.548,0.591
32971.0,100383.1,201928.2,296.7,0.21,-0.223,-0.722,0.655
100261.6,112107.8,229343.6,134.7,0.68,0.546,0.342,0.761
86329.9,117379.3,242482.4,150.8,0.37,-0.683,-0.392,0.616
61392.0,120418.2,223156.7,281.7,0.36,-0.595,0.179,0.783
50915.4,106894.9,211500.0,90.2,0.3,-0.511,-0.103,0.853
16557.1,56042.5,159300.3,336.7,1.06,-0.075,-0.31,0.948
59586.1,112606.6,219779.2,37.3,0.46,-0.24,-0.448,0.861
30329.7,109082.5,199851.7,311.9,0.6,-0.616,-0.036,0.787
35772.9,107561.6,203123.6,112.9,0.32,-0.673,0.291,0.68
67315.5,113308.1,224923.4,95.3,0.32,-0.4,-0.616,0.679
36876.1,105339.1,204292.3,313.7,1.24,-0.579,0.359,0.733
58674.3,117979.4,222014.2,127.2,0.19,-0.649,0.28,0.707
45210.9,97296.1,204469.5,268.2,0.23,-0.276,-0.647,0.711
46174.2,96302.7,203641.4,115.4,0.94,-0.28,-0.765,0.579
51334.9,87956.8,204192.2,163.2,0.13,-0.622,-0.507,0.597
46323.2,101727.3,207403.2,5.3,0.65,-0.472,-0.286,0.833
25052.8,113175.5,197558.5,249.7,1.06,-0.499,-0.377,0.78
-39286.8,1202.8,149252.8,152.2,2.83,0.079,-0.561,0.824
87131.9,126384.6,249475.7,236.8,0.22,-0.663,0.071,0.745
84647.0,122224.5,243564.5,73.7,1.91,-0.664,0.029,0.742
39256.7,108918.3,205046.5,233.1,0.72,-0.394,-0.305,0.867
39550.7,108430.2,204986.6,181.0,2.6,-0.429,-0.202,0.88
58666.4,132902.4,227580.7,167.0,1.2,-0.05,0.544,0.836
58705.2,116113.5,222089.7,57.1,0.21,-0.527,-0.574,0.628
-26239.3,5092.6,154878.1,84.4,1.1,-0.033,-0.523,0.851
59229.7,113559.4,220194.4,137.4,0.29,-0.234,-0.485,0.842
70262.5,120075.2,230695.3,44.9,0.77,-0.538,0.42,0.73
53682.6,116990.7,217903.7,131.2,0.83,-0.449,-0.619,0.645
56067.0,111578.1,215403.1,337.9,0.42,-0.684,0.042,0.728
58671.1,114597.7,220976.8,35.4,0.3,-0.533,-0.544,0.648
35433.8,110503.3,203373.1,83.9,0.69,-0.503,-0.238,0.831
47587.3,119027.1,213306.6,24.5,0.57,-0.547,-0.143,0.824
74169.6,114123.8,231720.8,24.1,0.29,-0.398,-0.677,0.619
87408.6,122544.0,246201.0,47.8,1.22,-0.727,0.043,0.684
64196.9,113406.8,223247.8,59.2,0.15,-0.324,-0.756,0.569
40267.3,109968.0,205826.9,54.0,1.25,-0.418,-0.273,0.867
66202.1,127398.6,235755.7,181.3,0.68,-0.271,0.708,0.652
70958.2,129186.7,235974.9,350.7,0.95,-0.535,0.423,0.731
48806.6,99991.9,207968.2,256.7,0.61,-0.568,-0.25,0.783
27968.6,114652.8,199918.7,161.1,0.35,-0.408,-0.457,0.791
76010.7,106442.9,228096.0,86.5,0.27,-0.593,-0.429,0.682
56692.2,119919.4,219511.0,265.5,1.11,-0.616,0.095,0.777
10821.3,63740.8,162302.4,312.5,2.17,-0.068,-0.439,0.896
56687.5,125546.3,228292.2,355.9,0.13,-0.457,-0.682,0.572
8492.3,77800.4,169018.8,330.4,0.46,-0.03,-0.507,0.861
42656.3,104123.1,206630.7,304.5,0.33,-0.299,-0.26,0.918
10994.9,80048.1,170734.7,356.6,2.13,-0.036,-0.418,0.906
46479.3,102882.0,207784.8,53.8,0.93,-0.441,-0.241,0.865
103827.7,119193.1,222561.7,7.1,1.57,0.33,0.445,0.829
20132.1,124572.8,203239.0,141.2,1.69,-0.029,-0.581,0.813
89140.3,132400.0,247686.2,226.9,0.36,-0.462,0.338,0.82
36316.7,105126.3,204051.0,278.7,1.04,-0.407,0.358,0.84
77569.0,121846.6,236937.2,226.5,0.18,-0.68,-0.321,0.65
74322.2,139571.5,233976.4,199.1,0.13,-0.773,0.133,0.62
29746.1,108853.7,199365.6,236.2,0.24,-0.636,0.003,0.772
-1152.6,-85716.2,146177.2,244.3,1.41,-0.544,-0.208,0.813
16046.1,66088.3,163405.2,322.1,0.42,-0.001,-0.458,0.888
82992.3,130174.0,245799.3,229.1,0.66,-0.538,0.308,0.784
34729.8,112259.7,203288.7,129.7,1.04,-0.577,-0.131,0.806
63264.5,111537.1,221340.7,312.6,0.95,-0.349,-0.627,0.696
-28940.8,2378.8,152611.5,172.2,0.28,-0.286,-0.535,0.795
61847.4,115969.0,224659.1,145.2,0.66,-0.478,-0.305,0.824
86949.9,125345.9,249085.3,28.3,0.47,-0.337,-0.543,0.768
86198.8,133460.8,245102.3,46.5,0.94,-0.513,0.359,0.78
71942.4,132648.3,234347.9,219.7,0.25,-0.611,0.072,0.786
40687.6,106084.9,205866.0,212.2,2.7,-0.459,0.159,0.874
38383.9,109831.8,204813.6,106.7,0.31,-0.476,-0.199,0.857
67927.7,117432.1,229367.9,174.9,0.24,-0.586,-0.262,0.766
21319.6,-5727.5,166628.4,321.4,1.46,-0.492,0.255,0.833
99024.6,105727.7,226334.5,133.0,0.13,0.77,-0.167,0.621
80994.6,106582.9,232612.6,280.1,2.21,-0.55,-0.329,0.767
33231.4,123228.7,208495.9,39.0,0.25,-0.299,-0.754,0.585
53267.9,115004.7,213984.3,44.5,1.25,-0.61,-0.126,0.782
87753.4,126449.1,249802.3,88.0,1.71,0.247,0.198,0.948
-25590.3,8724.2,157764.2,277.5,2.43,-0.255,-0.499,0.828
27294.8,59665.3,163628.5,329.7,0.31,-0.484,-0.109,0.868
18631.7,120691.6,199927.8,106.4,0.13,-0.354,-0.693,0.628
15129.1,111013.2,192329.9,13.7,0.45,-0.646,-0.191,0.739
13337.4,-4729.4,162082.8,273.4,0.25,-0.573,0.268,0.774
-13542.5,4840.2,158218.4,329.4,0.34,-0.204,0.201,0.958
29093.2,101457.6,199825.7,1.1,0.47,-0.421,0.385,0.821
86525.2,126192.4,248867.0,8.1,0.59,-0.682,0.053,0.728
69465.9,114450.2,228849.3,197.7,1.32,-0.46,-0.546,0.699
24107.8,60755.7,162153.4,11.7,0.29,-0.57,0.036,0.821
17655.0,9736.2,158844.6,303.0,0.29,-0.588,0.041,0.807
36205.0,103979.9,204691.4,167.4,0.24,-0.512,0.43,0.743
98929.8,113914.9,229316.9,99.8,0.23,0.588,0.389,0.709
70655.1,128290.6,236225.0,267.4,1.19,-0.478,0.487,0.73
41520.7,120369.4,210761.9,198.3,0.25,-0.572,-0.251,0.781
81693.9,125243.3,244254.1,243.3,0.16,-0.715,-0.188,0.665
81321.0,111115.9,234738.0,298.2,1.4,-0.664,-0.275,0.695
53092.4,119901.4,217246.3,220.2,0.53,-0.475,-0.268,0.837
24593.6,113110.4,197171.3,165.6,0.92,-0.486,-0.373,0.79
86826.6,118341.2,244180.0,139.1,0.15,-0.56,-0.573,0.6
22122.8,112597.6,195526.5,133.5,0.25,-0.569,-0.259,0.78
34744.8,111681.7,203186.1,260.9,1.02,-0.554,-0.144,0.82
53451.2,106506.3,212816.0,298.2,0.32,-0.475,-0.167,0.864
71275.5,114556.1,229886.0,40.8,0.45,-0.519,-0.423,0.74
86173.4,104185.9,237676.9,285.0,1.39,-0.661,0.309,0.684
9023.6,77553.5,169041.2,192.6,0.57,-0.345,-0.288,0.893
16383.4,60610.7,160941.9,288.4,1.82,0.089,-0.347,0.934
77988.5,107564.5,230403.4,6.2,0.12,-0.598,-0.512,0.616
58560.0,115087.4,221253.5,189.6,0.4,-0.473,-0.511,0.718
17845.4,-928.7,163233.4,286.7,2.15,-0.485,0.463,0.742
39091.0,102118.0,205358.2,176.3,0.96,-0.114,-0.333,0.936
99856.9,117670.9,226476.1,291.0,0.1,0.813,0.124,0.568
59158.2,117233.7,222632.4,185.0,0.65,-0.625,0.148,0.766
35844.9,111165.9,203801.4,273.0,1.45,-0.508,-0.167,0.845
24868.4,122849.4,205233.7,261.6,0.55,-0.388,-0.739,0.551
84539.1,106305.7,235636.4,354.2,0.47,-0.81,-0.175,0.56
57866.0,118045.5,221268.6,120.4,0.17,-0.611,0.412,0.676
16241.0,64278.8,162580.3,34.9,1.13,0.06,-0.374,0.925
55435.9,114165.7,215365.4,311.6,1.77,-0.647,-0.327,0.689
76040.9,130446.1,239669.1,306.1,0.49,-0.749,0.247,0.613
32392.2,109645.8,201302.4,93.5,1.0,-0.543,-0.128,0.83
75845.2,110881.7,229658.2,74.8,0.23,-0.602,-0.258,0.752
33939.3,107780.2,201627.5,277.5,0.29,-0.446,-0.336,0.83
70026.1,112803.8,227802.1,138.4,0.2,-0.628,-0.418,0.654
75213.0,97751.9,227878.0,97.3,1.41,-0.482,0.464,0.743
12306.1,4745.0,158266.5,327.4,1.0,-0.324,-0.167,0.931
81493.1,122228.9,240707.6,256.7,0.36,-0.657,0.012,0.723
-34739.7,-10268.5,145048.3,155.1,0.66,-0.222,-0.286,0.932
62031.7,109981.9,219480.0,161.3,0.8,-0.326,-0.554,0.766
87344.8,125129.3,249080.9,338.4,0.72,-0.034,-0.592,0.803
86634.1,100975.6,236382.0,238.2,1.65,-0.722,-0.102,0.686
75863.4,133443.9,237650.8,197.2,0.59,0.016,0.649,0.76
29907.2,114887.6,201035.7,76.1,0.34,-0.384,-0.476,0.791
52684.9,119446.0,216824.8,158.9,0.43,-0.477,-0.296,0.826
38829.8,84453.9,190548.9,139.5,0.37,-0.229,-0.618,0.752
69423.4,120135.9,230053.8,325.0,1.32,-0.553,0.464,0.692
30980.6,112301.6,201009.0,107.4,0.39,-0.475,-0.341,0.811
95050.2,106925.0,231366.1,165.6,0.34,0.578,-0.561,0.593
22222.9,115425.5,197291.6,141.7,0.88,-0.057,-0.665,0.745
70967.5,114619.7,229803.7,50.2,1.25,-0.323,-0.611,0.721
2073.8,108063.5,204231.8,84.3,0.3,0.14,-0.075,0.987
22277.6,2489.6,164247.6,318.0,0.3,-0.51,0.182,0.841
26670.7,123558.0,207695.4,203.5,0.43,-0.365,-0.601,0.709
62604.9,119711.8,224529.0,57.8,0.27,-0.524,0.426,0.738
75435.3,125221.3,240673.3,257.1,1.36,-0.609,0.336,0.718
18339.9,60167.3,160630.5,180.3,2.09,-0.08,-0.324,0.942
40500.2,109578.5,205822.8,119.4,0.81,-0.378,-0.308,0.873
32546.9,58624.2,166703.9,137.0,1.24,-0.518,-0.178,0.837
91893.0,129577.8,248271.4,235.4,0.95,0.443,0.556,0.7
13410.1,57972.8,159838.4,97.6,0.32,-0.053,-0.386,0.921
-26476.0,17564.1,162823.7,117.2,0.28,0.531,0.245,0.811
40963.9,120536.2,210371.4,114.6,0.26,-0.534,-0.299,0.791
78529.7,103366.7,229139.3,117.0,0.27,-0.585,-0.085,0.807
95958.9,112445.2,232664.8,86.1,0.16,0.686,0.321,0.653
62508.9,112822.9,221867.2,154.2,0.9,-0.332,-0.559,0.76
31936.7,102356.2,201449.2,130.6,0.91,-0.706,0.395,0.587
64266.9,128847.4,234511.7,357.9,0.44,0.102,0.756,0.647
75733.0,135397.2,236104.7,224.5,0.19,-0.656,0.285,0.699
94171.1,129910.4,246963.4,285.2,0.2,0.032,0.697,0.708
59286.7,115361.7,222237.9,160.3,0.84,-0.749,-0.313,0.585
73168.9,125860.2,239150.6,140.5,0.32,-0.403,0.349,0.846
72008.1,125022.6,238761.8,153.3,0.26,-0.53,-0.413,0.738
83746.0,132463.7,244367.3,345.3,1.64,-0.259,0.586,0.768
25137.9,101946.3,197414.5,117.6,1.24,-0.584,0.121,0.803
77286.2,134138.0,238061.0,44.0,1.55,-0.558,0.322,0.765
61223.4,119270.3,223501.9,177.3,0.17,-0.586,0.45,0.673
67516.3,127500.0,235596.2,125.8,0.94,0.391,0.666,0.634
58676.2,121263.7,221356.1,221.9,1.56,-0.504,-0.352,0.789
82651.8,137659.7,241403.8,113.7,0.42,-0.44,0.367,0.818
33575.9,111735.0,202395.0,99.9,0.73,-0.565,-0.103,0.818
82570.8,131330.5,244781.8,43.7,0.1,-0.513,0.631,0.581
59936.3,135637.3,225631.3,319.2,0.57,0.009,0.529,0.849
46407.0,101702.8,207441.4,139.1,0.75,-0.486,-0.272,0.83
41801.8,105475.8,206478.0,84.6,0.8,-0.487,-0.014,0.873
15574.1,66254.2,163585.8,329.8,2.81,0.13,-0.416,0.9
37707.6,86624.2,192396.3,306.4,0.25,-0.46,-0.452,0.764
52948.1,117273.6,217325.9,202.8,0.26,-0.757,-0.26,0.599
19368.7,111267.6,193594.1,70.1,0.29,-0.297,-0.468,0.832
87572.5,126015.8,249863.4,45.6,0.4,-0.181,-0.172,0.955
76418.1,134108.9,237284.5,12.3,1.48,-0.561,0.374,0.737
-29368.5,5804.1,154669.7,62.1,0.32,-0.247,-0.513,0.822
74811.8,120333.4,235038.9,182.2,1.66,-0.529,0.429,0.732
33496.6,104457.1,202100.9,282.8,0.16,-0.63,0.535,0.562
29571.9,114727.7,200780.7,327.6,0.36,-0.398,-0.46,0.794
20942.3,106972.8,192900.2,164.2,0.46,-0.698,-0.434,0.569
23541.5,111850.1,195992.4,52.0,0.79,-0.416,-0.442,0.795
-29988.5,-225.4,150967.8,67.7,0.3,-0.322,-0.234,0.917
58427.9,118363.1,221665.4,44.4,0.17,-0.668,0.313,0.675
17726.0,6197.1,160572.3,162.6,0.89,-0.423,0.306,0.852
58887.5,114171.5,220721.4,297.1,0.54,-0.235,-0.755,0.612
58895.6,115866.3,222020.0,98.3,0.24,-0.577,-0.524,0.626
24519.1,113713.9,197406.9,220.4,0.96,-0.48,-0.339,0.809
99222.2,112167.3,230006.4,264.3,0.2,0.455,0.551,0.7
63651.7,113438.6,223131.4,172.1,0.46,-0.207,-0.786,0.583
8547.4,122450.5,205119.8,100.9,0.11,0.316,-0.753,0.578
78588.3,140781.9,236321.3,85.1,0.48,-0.6,0.023,0.799
84191.3,128245.5,247403.2,352.1,1.33,-0.39,0.407,0.826
83487.9,127029.5,247620.4,149.0,1.67,-0.237,-0.674,0.699
79650.8,121374.3,239501.2,274.4,1.58,-0.673,0.282,0.684
-24241.8,-2711.7,151101.6,243.9,0.31,-0.002,-0.488,0.872
12511.8,97450.0,183147.1,18.2,0.28,0.093,-0.564,0.821
83076.9,120344.8,242394.3,192.8,0.24,-0.336,-0.561,0.757
5765.5,69225.4,164796.4,106.7,1.19,-0.047,-0.44,0.897
37927.7,110537.3,204801.2,125.5,1.01,-0.466,-0.267,0.843
87165.8,133317.8,245836.1,39.8,1.55,-0.539,0.343,0.769
92811.9,117007.2,234911.4,12.6,0.13,0.835,-0.008,0.551
33813.4,109647.7,202191.8,107.4,0.75,-0.515,-0.173,0.839
86371.6,119079.9,244394.9,140.9,0.73,-0.451,-0.449,0.771
87521.8,120165.6,245605.3,239.4,2.08,-0.358,-0.589,0.725
34738.5,110575.3,202983.3,6.3,0.29,-0.54,-0.195,0.819
85784.3,124576.1,248107.0,41.5,1.65,-0.189,-0.51,0.839
-12233.7,5088.3,158241.0,235.3,0.3,-0.019,0.013,1.0
59422.3,116540.3,222773.4,0.8,0.44,-0.563,-0.306,0.768
34497.6,109122.0,202443.0,232.7,0.86,-0.484,-0.219,0.847
42416.5,102787.1,206151.7,79.9,1.55,-0.133,-0.447,0.884
62910.4,119914.1,224656.9,74.0,0.67,-0.5,0.45,0.74
77843.2,109054.0,231148.2,353.6,0.42,-0.58,-0.473,0.663
36156.1,114087.4,204725.2,292.1,1.96,-0.353,-0.489,0.797
75662.4,114569.3,233100.6,210.4,0.13,-0.46,-0.641,0.615
34302.8,109365.1,202399.7,279.2,0.47,-0.477,-0.239,0.846
83578.5,132278.6,244463.2,82.1,0.68,-0.269,0.58,0.769
21493.6,110957.6,194314.9,139.1,0.39,-0.431,-0.538,0.724
82404.5,120728.0,242104.5,272.9,0.28,-0.565,0.06,0.821
-164.3,-2368.0,158249.1,78.2,0.45,-0.033,0.151,0.988
73690.4,112468.6,230114.4,24.1,0.25,-0.549,-0.463,0.696
58310.7,119469.9,221106.7,44.5,1.24,-0.76,0.118,0.639
40181.4,123508.3,213869.8,33.8,0.23,-0.41,-0.593,0.692
55954.9,117739.4,220022.1,175.0,1.03,-0.595,0.062,0.801
82884.3,121734.8,242022.5,194.8,0.49,-0.639,0.333,0.693
57134.6,120287.2,220000.0,294.9,0.66,-0.572,-0.331,0.751
35799.4,108461.6,203014.4,101.1,0.38,-0.55,-0.144,0.822
24416.0,111436.3,196256.4,304.2,0.27,-0.45,-0.388,0.804
85762.8,124184.7,247857.6,275.9,0.54,-0.038,-0.775,0.638
-13985.9,-98333.0,142626.9,334.4,0.64,-0.392,0.341,0.854
57088.7,118396.1,220483.6,157.9,0.23,-0.48,0.452,0.752
57936.5,112864.5,218375.1,161.7,0.43,-0.789,-0.162,0.59
93335.0,136649.1,241732.4,328.3,1.01,0.696,0.333,0.636
28171.9,101899.0,199140.7,224.5,0.29,-0.469,0.288,0.835
16155.7,4910.2,160171.1,109.0,2.15,-0.436,0.123,0.891
60214.9,130225.3,230511.5,146.0,0.26,-0.545,0.48,0.687
17126.1,99079.2,186002.4,1.2,0.31,-0.549,-0.173,0.817
83983.4,125464.6,246994.7,341.8,1.57,-0.585,0.445,0.678
84554.2,118965.3,242178.4,286.4,0.88,-0.254,-0.582,0.772
59924.8,121036.2,222034.1,59.8,0.27,-0.515,-0.279,0.81
11658.7,98213.3,183364.2,21.5,2.36,-0.477,-0.394,0.786
52494.7,97213.5,208584.1,31.2,1.24,-0.568,-0.292,0.77
68837.9,108136.0,223068.7,266.6,0.34,-0.608,-0.309,0.732
40212.8,109734.9,205736.5,101.4,0.33,-0.415,-0.263,0.871
30392.7,69044.3,167522.8,1.9,0.15,-0.458,-0.662,0.601
88515.7,124245.6,246357.2,128.3,0.1,0.821,0.041,0.57
58799.8,123770.5,228742.3,344.8,0.16,-0.278,-0.752,0.597
72103.0,116053.8,231917.2,270.9,0.36,0.087,-0.822,0.561
53391.8,119642.4,217226.4,127.5,1.54,-0.48,-0.241,0.841
29646.4,123255.4,209293.8,325.6,1.37,-0.559,-0.459,0.691
81828.4,121922.6,241202.3,337.0,0.22,-0.587,0.347,0.732
39549.1,110080.4,205517.4,254.3,1.03,-0.433,-0.256,0.864
89029.2,123821.0,245971.7,102.1,0.12,0.771,0.174,0.611
26386.2,125430.6,209224.1,254.3,0.13,-0.574,-0.557,0.6
17260.7,62682.9,161736.2,97.1,0.3,0.14,-0.416,0.898
36673.9,103800.3,205227.9,223.4,1.53,-0.495,0.394,0.774
42686.5,104124.7,206638.6,49.6,0.3,-0.292,-0.261,0.92
23246.1,116336.0,198176.2,273.5,0.24,-0.136,-0.619,0.774
94573.5,119989.8,232542.0,92.7,0.09,0.821,-0.131,0.558
17566.2,10314.6,158888.4,255.8,0.32,-0.581,-0.038,0.812
58216.6,115178.1,221142.4,20.2,0.87,-0.505,-0.537,0.676
15486.5,59377.6,160546.9,270.2,0.3,0.041,-0.351,0.936
28001.9,126563.0,211664.3,243.9,1.58,-0.708,-0.096,0.698
88365.5,126333.4,249286.3,77.6,0.13,0.794,0.134,0.595
58790.8,115787.3,221837.0,97.6,1.08,-0.575,-0.511,0.639
36383.1,112705.5,204550.6,201.8,0.94,-0.545,-0.203,0.813
-24471.8,-1908.3,151666.5,135.1,0.84,-0.164,-0.465,0.869
72773.3,126669.5,238541.2,178.0,0.25,-0.513,0.42,0.748
56821.1,114050.6,216745.9,164.1,0.21,-0.769,-0.118,0.62
30905.3,115476.9,201850.5,115.3,1.26,-0.455,-0.368,0.81
67324.2,116158.8,228869.0,39.6,0.19,-0.782,-0.237,0.575
8984.6,-1198.0,159174.9,56.7,0.43,-0.275,0.283,0.919
58830.4,115592.9,221747.5,150.2,0.29,-0.605,-0.45,0.658
14454.9,89502.2,178900.6,135.3,0.66,-0.225,-0.573,0.788
105262.5,116127.5,223669.3,246.5,0.32,0.323,0.547,0.771
11711.5,109707.6,189609.2,120.5,0.28,-0.42,-0.514,0.748
25932.7,61775.4,163261.2,334.2,1.23,-0.461,-0.088,0.882
62069.6,128730.9,232902.6,209.6,1.37,-0.473,0.317,0.819
29808.9,59978.9,165160.0,311.0,2.91,-0.522,-0.122,0.844
60606.0,115521.4,223207.1,242.4,0.3,-0.525,-0.495,0.693
36163.6,107724.2,203403.0,92.9,2.06,-0.539,0.282,0.794
17083.0,66471.5,163587.6,10.6,1.37,-0.07,-0.469,0.879
84859.2,124279.3,247689.0,64.7,0.55,-0.405,-0.658,0.635
55628.7,118427.5,219684.5,50.2,1.65,-0.456,0.45,0.768
15755.3,58169.5,160070.8,306.7,0.36,0.034,-0.376,0.926
68251.0,119840.6,229103.2,242.6,0.23,-0.718,0.349,0.602
26772.2,113682.7,198783.7,301.3,0.9,-0.413,-0.428,0.804
58618.9,115909.6,221771.5,220.8,0.19,-0.552,-0.551,0.627
21029.1,112899.4,195071.9,72.8,0.51,-0.196,-0.587,0.785
28686.5,115361.7,200674.8,253.8,0.31,-0.414,-0.438,0.798
39982.0,104721.3,205733.9,99.2,0.54,-0.147,0.004,0.989
87075.1,124793.2,248754.7,139.5,0.36,-0.333,-0.623,0.707
53241.5,91148.0,207036.8,121.8,0.62,-0.629,0.078,0.774
38143.8,106429.8,204648.0,250.4,1.28,-0.485,0.359,0.797
68150.6,107935.0,222094.2,336.5,0.64,-0.702,-0.391,0.596
34374.7,111081.8,202853.6,218.2,0.27,-0.565,-0.133,0.815
80709.0,121456.9,240535.2,195.8,0.59,-0.612,0.387,0.69
74958.9,95916.8,229006.2,253.9,0.09,-0.701,0.433,0.567
11241.1,88980.7,175930.0,277.6,0.53,-0.25,-0.474,0.843
76115.8,107975.8,229132.9,239.2,0.24,-0.552,-0.535,0.638
64121.3,135581.4,226574.7,231.6,1.13,-0.402,0.446,0.8
13994.4,112221.1,192218.6,33.3,0.64,-0.407,-0.464,0.786
60044.6,120501.6,222186.8,214.5,1.16,-0.586,0.312,0.748
31192.0,106760.8,200014.5,109.6,0.61,-0.401,-0.247,0.882
54999.4,94634.8,209323.3,312.6,0.37,-0.626,-0.446,0.64
63389.5,126660.1,234728.5,115.2,0.77,-0.333,0.45,0.828
82683.9,127491.8,247105.1,21.9,0.41,-0.328,0.506,0.797
60801.9,120390.8,222728.5,158.9,2.61,-0.561,0.242,0.792
56108.8,111112.9,215458.4,238.8,1.49,-0.734,-0.082,0.674
65862.1,105066.2,220335.1,304.3,0.51,-0.524,-0.445,0.723
79431.4,128754.3,244724.8,349.5,0.23,-0.524,0.583,0.621
-33238.6,4640.1,152454.0,204.5,0.29,-0.244,-0.526,0.815
59481.0,115529.0,222498.2,6.5,1.75,-0.656,-0.247,0.715
87236.0,125668.1,249582.2,224.7,1.49,-0.413,-0.504,0.754
-34785.7,-10332.2,145017.3,112.6,0.36,-0.218,-0.29,0.932
83788.9,120052.4,242512.5,154.3,0.2,-0.471,-0.512,0.718
54758.6,120143.2,218324.1,121.7,0.43,-0.474,-0.368,0.8
79571.1,110292.0,233099.8,83.9,0.21,-0.724,0.042,0.685
88902.3,129095.4,248815.8,12.7,0.47,-0.677,0.285,0.679
58060.4,132993.1,227388.7,276.7,0.58,-0.081,0.612,0.787
33928.8,103522.5,203215.8,216.8,2.03,-0.615,0.311,0.724
101790.3,114661.2,226639.8,239.5,0.11,0.61,0.541,0.578
78485.2,121331.4,238091.5,335.4,0.13,-0.69,0.376,0.616
59076.4,114120.5,220633.7,292.0,0.26,-0.086,-0.741,0.665
46459.2,107800.0,209046.0,275.1,0.15,-0.681,-0.372,0.63
35048.1,110290.6,203106.3,71.9,2.15,-0.493,-0.238,0.837
34786.0,111248.3,203154.2,268.9,0.28,-0.563,-0.123,0.817
79789.9,111931.5,233626.3,169.7,0.17,-0.745,-0.107,0.658
42696.5,96691.0,202678.5,233.7,0.86,0.023,-0.778,0.628
33375.7,63607.7,167968.6,13.1,2.64,-0.575,-0.047,0.817
46542.7,103071.7,207873.7,4.8,0.92,-0.451,-0.259,0.854
61144.5,114377.0,222710.6,259.6,0.51,-0.461,-0.648,0.607
29616.1,111426.9,199673.5,66.5,1.42,-0.542,-0.289,0.789
5959.5,-322.6,158237.4,71.4,1.87,-0.126,0.312,0.941
14975.5,55878.0,159143.3,270.2,2.34,-0.176,-0.37,0.912
29641.3,112457.5,200104.2,282.9,0.29,-0.611,-0.153,0.777
22047.5,51080.7,159425.9,104.6,0.34,-0.437,-0.148,0.887
63440.5,125309.6,234288.1,357.9,1.97,-0.285,-0.64,0.716
-29748.8,-5175.8,149081.3,247.4,0.51,-0.163,-0.238,0.957
39234.6,47298.2,166736.4,322.6,0.21,-0.627,0.274,0.729
-30525.0,6458.8,154600.3,175.9,1.87,-0.231,-0.585,0.777
28505.3,111649.2,199028.0,165.5,1.56,-0.583,-0.264,0.768
60894.4,129861.3,231461.5,328.3,0.09,-0.699,0.422,0.575
7573.6,78270.4,169061.7,283.9,0.43,-0.565,-0.061,0.821
54147.3,120865.8,218154.5,242.8,0.2,-0.47,-0.537,0.698
80618.1,121371.5,240530.5,250.5,0.86,-0.64,0.337,0.689
77624.2,120801.4,237603.5,95.3,0.34,-0.671,0.39,0.631
31130.2,112904.7,201348.6,159.3,0.66,-0.504,-0.364,0.783
75774.3,110389.1,229578.7,68.8,0.79,-0.693,0.005,0.721
83156.5,127636.9,247243.9,81.6,0.25,-0.413,0.469,0.781
45724.9,103385.5,207501.2,92.2,1.08,-0.471,-0.232,0.851
86446.8,125395.9,248936.0,343.9,0.29,-0.39,-0.383,0.833
79459.8,121394.9,239307.1,181.1,1.17,-0.69,0.266,0.673
18468.8,55112.7,159261.3,3.1,0.69,-0.054,-0.298,0.953
21701.7,113182.3,195441.7,241.3,0.28,-0.31,-0.497,0.81
87641.8,119721.4,245286.7,32.9,1.63,-0.362,-0.509,0.781
23530.1,97365.0,195451.4,287.0,0.32,-0.069,-0.827,0.558
35519.3,110576.0,203448.1,133.4,1.06,-0.518,-0.243,0.82
23973.3,100907.0,196947.3,55.8,1.78,-0.58,0.414,0.7
87984.5,122267.4,246909.6,216.7,0.34,-0.511,-0.075,0.854
30468.3,108724.1,199891.9,270.6,1.47,-0.563,-0.1,0.821
22699.3,112413.7,195765.4,350.2,0.26,-0.466,-0.389,0.795
45761.4,89010.0,197864.0,350.2,0.16,-0.682,-0.437,0.587
59577.2,115592.6,222584.5,230.5,0.78,-0.591,-0.238,0.771
52035.1,92940.2,206733.0,23.7,1.66,-0.47,-0.219,0.854
82382.9,120382.7,242052.5,11.5,0.3,-0.414,-0.284,0.864
-31639.5,2578.8,151942.9,193.4,0.31,-0.284,-0.417,0.863
75629.0,104825.3,227375.5,13.1,0.73,-0.588,-0.186,0.787
52328.5,115295.7,213322.3,266.1,1.72,-0.607,-0.11,0.787
80028.8,132247.2,242291.6,71.6,0.6,-0.456,0.382,0.789
67288.1,127389.0,235721.6,211.3,1.03,0.336,0.722,0.607
90288.8,131616.9,248434.4,35.5,1.76,0.418,0.357,0.83
-25716.9,1878.3,153161.1,95.2,2.39,-0.204,-0.467,0.861
61255.4,119842.2,223241.8,135.6,1.58,-0.606,0.312,0.732
57852.1,92627.5,212685.3,74.5,0.74,-0.655,-0.268,0.705
43299.2,119163.5,210926.5,93.1,0.66,-0.306,-0.482,0.821
-27930.1,5190.4,154695.8,212.4,0.43,-0.325,-0.542,0.775
81426.1,128043.8,246040.9,342.4,0.74,-0.203,0.63,0.749
78485.6,100491.6,228966.1,342.0,0.83,-0.599,-0.172,0.782
64070.6,100022.2,218548.8,149.4,1.95,-0.576,0.269,0.772
16493.2,62571.0,161824.0,205.4,0.4,0.009,-0.45,0.893
72566.4,132769.0,234542.9,327.2,0.12,-0.534,0.605,0.595
29143.0,104065.2,198864.0,295.8,0.3,-0.187,-0.02,0.982
77001.1,124549.6,241575.8,47.7,0.1,-0.43,-0.692,0.577
13206.0,58554.8,160076.9,356.1,1.27,-0.042,-0.385,0.922
25403.0,102123.6,197576.0,174.3,2.18,-0.548,0.123,0.827
61179.1,109716.8,218887.9,51.4,0.4,-0.405,-0.532,0.744
15412.0,107725.6,190435.0,225.8,0.23,-0.011,-0.646,0.763
58635.0,114373.2,220812.2,171.2,0.84,-0.531,-0.625,0.572
65104.9,125078.6,234452.4,11.7,0.95,-0.284,-0.625,0.727
88498.7,123449.7,246785.6,124.6,0.23,0.746,0.042,0.662
61351.9,120032.4,223232.9,133.7,2.11,-0.601,0.291,0.744
1142.2,-7012.0,159836.4,136.8,1.25,-0.339,0.309,0.889
61656.6,97349.0,217081.3,98.6,0.49,-0.705,0.17,0.689
25452.6,100485.9,197879.7,326.2,0.95,-0.398,0.142,0.906
95263.6,113301.9,232936.5,73.8,1.55,0.555,0.457,0.694
59219.9,116372.2,222591.4,290.4,0.31,-0.487,-0.311,0.816
23562.9,110859.9,195360.7,157.6,0.29,-0.528,-0.405,0.747
75512.6,121587.9,234968.3,169.6,1.78,-0.648,-0.216,0.686
54336.1,89526.2,207651.1,228.0,1.1,-0.423,-0.568,0.705
28593.2,108766.7,198387.5,309.3,0.26,-0.613,0.125,0.78
32429.7,107769.5,200914.1,77.5,0.49,-0.394,-0.328,0.859
60847.1,127764.5,232859.2,100.6,1.65,-0.049,0.684,0.727
-2239.4,99159.0,188814.9,190.6,0.21,0.758,-0.152,0.632
52005.3,118743.7,216332.5,170.2,0.31,-0.585,0.234,0.777
25614.8,111685.9,197010.1,315.0,0.27,-0.348,-0.494,0.797
-19496.4,5812.9,157535.7,198.4,0.98,-0.276,-0.489,0.826
22155.0,117418.0,198952.4,32.5,0.67,-0.136,-0.595,0.792
87563.6,126046.8,249867.4,272.8,0.99,-0.203,-0.124,0.957
11993.5,114103.3,192923.7,355.7,1.21,0.503,-0.529,0.684
59019.6,120692.3,221279.1,49.8,1.53,-0.527,-0.191,0.824
75723.6,120725.8,235693.3,24.1,0.2,-0.554,0.424,0.717
57612.9,113540.1,217857.2,78.5,0.36,-0.815,0.01,0.579
-17917.6,6122.6,158351.3,202.6,0.3,-0.405,-0.149,0.902
64517.7,98605.8,219502.7,308.2,0.22,-0.645,0.212,0.732
58585.9,113853.7,220071.1,149.3,0.3,-0.6,-0.559,0.577
88460.1,121013.0,246597.7,68.8,0.16,0.807,-0.29,0.595
52205.2,117707.2,216603.1,158.7,0.32,-0.653,-0.108,0.749
86507.5,122205.6,245597.7,170.8,0.81,-0.622,0.364,0.693
83594.0,109409.0,236864.6,117.3,0.09,-0.476,-0.666,0.569
28135.2,114775.9,200078.2,275.2,0.32,-0.408,-0.451,0.794
68603.4,126256.8,237274.0,320.9,0.14,-0.041,0.838,0.567
-28053.2,6020.6,155190.6,185.5,0.4,-0.233,-0.449,0.863
4369.5,90085.5,178294.3,251.2,1.33,0.704,0.184,0.686
58670.4,114242.4,220657.4,44.8,0.13,-0.47,-0.685,0.555
-40438.6,-31282.7,139552.0,134.3,1.9,-0.029,-0.09,0.995
78732.9,109870.5,232434.7,280.9,0.41,-0.57,0.158,0.806
57347.5,111438.4,216533.7,287.0,0.2,-0.528,0.461,0.712
31222.0,108078.3,200367.0,68.2,1.21,-0.504,-0.07,0.86
59120.2,115593.1,222042.4,165.8,0.24,-0.713,-0.344,0.61
23488.7,111063.6,195433.7,221.0,0.94,-0.484,-0.467,0.74
84443.9,132308.0,244767.0,286.8,1.15,-0.362,0.493,0.791
59221.8,119224.7,222018.8,19.8,1.95,-0.566,0.376,0.733
67544.8,126124.9,237102.8,253.9,0.6,0.174,0.481,0.857
62164.3,128779.7,232920.4,10.1,2.49,-0.347,0.38,0.855
69261.7,116146.9,230688.0,17.8,0.78,-0.677,0.04,0.728
67588.7,119872.8,228391.2,258.3,0.19,-0.588,0.457,0.667
10949.3,1148.6,158882.4,148.5,2.96,-0.235,0.364,0.901
40715.9,105777.1,205907.7,325.4,0.52,-0.465,0.03,0.885
84941.4,128900.8,247296.2,68.1,0.31,-0.262,0.541,0.799
82506.1,120589.5,242173.0,134.0,0.62,-0.519,-0.123,0.842
83054.8,128952.8,246397.5,153.7,0.32,-0.487,0.45,0.748
86903.3,126401.5,249252.9,222.8,0.25,-0.665,-0.034,0.745
30875.6,113320.7,201341.2,95.1,0.34,-0.63,-0.212,0.746
93791.6,111501.0,235236.3,88.6,0.45,0.609,0.448,0.655
13971.7,86356.7,176737.4,206.0,1.26,-0.177,-0.705,0.689
92130.9,143694.7,242459.1,353.7,0.31,0.373,0.553,0.745
79490.3,110725.4,233159.4,81.1,0.72,-0.736,-0.128,0.664
57483.1,105425.8,214633.5,262.8,2.38,-0.471,-0.276,0.838
31447.5,103915.8,199880.2,223.1,0.24,-0.656,0.178,0.733
-28554.1,4245.3,153871.9,339.3,0.46,-0.307,-0.469,0.828
80727.7,110410.9,234346.4,76.0,0.23,-0.639,0.155,0.753
9853.1,83335.4,172330.4,225.8,0.92,0.488,-0.546,0.681
22450.6,114887.9,196903.2,174.1,1.26,-0.215,-0.566,0.795
16132.5,116494.6,195565.7,64.3,1.3,-0.613,-0.155,0.775
-3734.8,103415.5,202047.9,194.9,0.26,0.264,-0.769,0.583
28412.3,103380.3,198781.3,284.2,0.39,-0.297,0.148,0.943
52615.8,128718.8,231661.6,301.6,1.3,-0.252,0.632,0.732
33950.8,102660.4,203837.1,235.8,0.68,-0.612,0.393,0.687
80633.6,110291.3,234263.2,162.5,0.21,-0.673,0.129,0.728
32573.2,104376.1,200807.6,113.2,0.16,-0.749,0.314,0.586
87384.2,122251.7,246209.5,115.3,0.59,-0.676,0.176,0.716
95526.4,138829.1,238838.1,31.7,0.14,0.75,-0.19,0.632
35981.8,114459.6,204919.4,9.0,0.48,-0.357,-0.481,0.8
92048.7,130056.3,247757.2,88.3,0.18,0.575,0.468,0.67
51470.4,92481.6,206191.0,341.4,1.66,-0.48,-0.368,0.796
-18669.5,10409.0,159444.8,82.3,0.35,0.144,-0.019,0.989
71802.4,112834.8,229512.1,228.6,0.24,-0.132,-0.771,0.619
70514.5,126113.6,237342.1,245.3,0.26,-0.483,0.363,0.797
45522.2,102915.2,207293.6,57.0,0.74,-0.491,-0.158,0.856
78097.1,124298.3,241711.0,113.4,0.64,-0.4,-0.715,0.574
31520.6,100514.0,202177.1,179.0,1.29,-0.344,-0.279,0.882
72399.7,130724.5,236050.9,192.0,0.56,-0.068,0.708,0.702
-3039.2,98981.4,189985.1,177.2,0.44,0.799,0.049,0.596
74629.1,120514.8,234830.1,96.5,0.22,-0.519,0.451,0.726
-31465.8,3516.9,152413.8,27.3,2.4,-0.298,-0.412,0.861
22061.2,126617.4,205332.1,141.2,0.27,-0.28,-0.65,0.706
86125.7,125487.5,248797.7,241.8,2.8,-0.526,-0.047,0.843
32933.4,110194.4,201732.4,175.5,0.76,-0.545,-0.109,0.831
87727.7,134279.6,245875.3,357.9,0.8,-0.551,0.246,0.797
84316.8,126875.5,247487.5,57.1,0.11,-0.226,-0.776,0.589
19318.4,111205.3,193539.9,107.6,0.91,-0.302,-0.47,0.829
57155.3,119731.4,219901.0,337.5,0.92,-0.532,0.255,0.807
76093.0,126771.5,240493.9,35.5,1.4,-0.681,0.141,0.719
87182.7,119766.0,245142.6,210.1,2.52,-0.378,-0.463,0.802
84504.2,138030.3,242118.1,107.2,0.28,-0.485,0.406,0.774
14047.7,125753.3,204297.6,139.7,0.19,0.41,-0.59,0.697
80326.9,107212.3,232132.9,316.1,2.07,-0.653,-0.196,0.732
67279.7,114605.9,226849.2,192.2,0.15,-0.588,-0.578,0.564
-32850.6,16712.4,164832.1,167.1,0.3,0.484,-0.143,0.862
37624.8,95122.9,195699.6,294.5,0.45,-0.791,-0.122,0.6
45482.1,99664.2,206185.5,131.9,0.5,-0.494,-0.321,0.808
16647.2,54221.5,158744.0,168.6,0.77,-0.115,-0.319,0.941
60840.2,120128.0,222833.8,173.3,0.26,-0.54,0.253,0.803
5822.8,77699.9,168217.4,251.4,0.29,0.144,-0.616,0.774
79799.5,138242.7,238410.3,315.5,0.38,-0.768,0.151,0.622
71745.8,111427.5,227212.6,352.1,0.12,-0.361,-0.708,0.607
65198.4,96909.0,220901.2,223.1,0.33,-0.514,0.413,0.752
61127.6,114933.8,223160.9,301.9,0.4,-0.586,-0.465,0.665
55913.0,117720.2,220000.4,26.9,0.27,-0.59,0.041,0.806
61475.2,128825.2,232226.9,226.4,0.16,-0.743,0.089,0.663
76808.3,114365.8,233485.0,152.7,0.47,-0.266,-0.758,0.597
59607.5,107276.6,216644.1,72.4,0.25,-0.59,-0.218,0.777
86889.3,120946.1,245650.4,68.8,0.24,-0.658,-0.008,0.753
28471.8,112631.3,199172.8,156.6,0.34,-0.616,-0.14,0.775
41393.1,105085.6,206208.1,356.8,0.42,-0.507,-0.022,0.862
44075.0,81568.7,191419.1,138.5,0.15,-0.784,-0.285,0.551
78430.7,130089.1,241936.3,77.3,0.14,-0.317,0.708,0.632
61678.5,127463.2,233142.2,117.6,0.29,-0.311,0.552,0.769
29446.3,114093.1,200329.0,263.0,0.26,-0.462,-0.404,0.788
57529.8,116847.2,221675.0,207.1,0.48,-0.529,0.004,0.843
36510.9,109296.8,203663.5,289.7,1.03,-0.486,-0.224,0.845
12428.5,85105.2,173474.5,305.2,1.44,-0.33,-0.592,0.736
54631.4,129293.0,232181.6,340.1,0.14,-0.09,0.765,0.634
77353.1,133140.9,238324.9,10.1,0.29,-0.467,0.31,0.828
93583.5,115587.1,233718.7,3.7,0.15,0.799,0.044,0.6
19261.1,61799.7,161492.7,244.6,2.97,-0.228,-0.407,0.884
46487.6,106750.7,208860.1,6.5,0.67,-0.636,-0.185,0.749
59546.7,115731.9,222606.6,348.5,0.66,-0.592,-0.239,0.77
-29593.6,5706.3,154536.0,350.3,2.18,-0.28,-0.512,0.812
67837.4,119276.0,229037.9,208.0,0.17,-0.532,0.507,0.678
38166.9,109052.9,204575.1,78.6,0.48,-0.476,-0.179,0.861
-31586.8,3074.9,152176.9,285.2,1.93,-0.301,-0.398,0.867
23063.6,111103.1,195221.9,77.9,0.26,-0.418,-0.5,0.758
79992.9,107029.4,231759.9,222.4,0.7,-0.664,-0.242,0.708
72349.1,127439.3,237937.2,273.4,2.39,-0.499,0.373,0.782
80902.3,106852.2,232551.2,331.3,0.49,-0.64,-0.116,0.76
27679.6,115012.8,199949.6,200.1,0.37,-0.454,-0.399,0.797
79258.4,121720.8,238961.8,56.6,0.54,-0.7,0.307,0.645
82117.1,139752.5,239852.0,244.8,0.25,-0.512,0.355,0.782
73213.5,114280.2,231482.0,355.0,1.73,-0.281,-0.668,0.689
88832.0,123798.7,246237.2,112.4,0.41,0.751,0.238,0.615
23083.5,111126.7,195249.8,191.0,0.23,-0.419,-0.503,0.756
59870.4,115171.6,222613.8,19.6,0.64,-0.45,-0.454,0.769
49351.2,102529.9,209179.7,169.7,1.92,-0.475,-0.234,0.848
43336.6,118285.6,210462.6,138.0,1.7,-0.389,-0.392,0.833
35550.6,110584.4,203473.6,199.0,1.42,-0.522,-0.246,0.817
74117.6,112153.2,230261.8,336.8,0.66,-0.471,-0.489,0.734
75546.7,121387.5,235144.4,66.8,0.52,-0.699,0.271,0.661
54719.6,105509.8,213335.6,305.7,0.53,-0.418,-0.293,0.86
28666.1,115074.0,200501.5,36.3,2.42,-0.415,-0.437,0.798
14453.1,62266.1,161983.4,193.3,0.37,0.055,-0.497,0.866
14179.3,63941.9,162719.8,13.7,0.47,-0.011,-0.401,0.916
50816.4,89545.1,204596.0,65.4,0.15,-0.677,-0.372,0.635
88632.9,123620.4,246576.8,42.9,0.47,0.754,0.188,0.629
67370.6,116816.2,228915.1,202.6,0.21,-0.66,0.169,0.732
52871.8,119639.9,217027.7,141.2,0.83,-0.434,-0.319,0.842
49472.5,118063.2,213766.5,320.5,0.38,-0.233,-0.5,0.833
45052.4,102447.6,206883.3,306.9,0.39,-0.596,-0.175,0.783
40757.4,111010.6,206441.6,180.0,1.35,-0.42,-0.312,0.853
51431.0,96778.4,207706.5,1.5,0.87,-0.337,-0.524,0.782
66302.6,126839.5,236311.3,32.1,0.27,-0.585,0.544,0.601
-22146.2,12945.1,160361.0,154.9,0.28,0.543,-0.189,0.818
86331.8,126056.4,248743.1,333.2,0.22,-0.634,0.211,0.744
16782.1,116638.0,196041.4,254.2,0.27,-0.469,-0.336,0.816
61636.7,115653.8,224423.9,55.7,0.44,-0.59,-0.53,0.614
55456.2,118916.9,219174.6,281.5,0.18,-0.422,0.583,0.693
64399.8,95990.0,220409.5,35.7,0.29,-0.702,-0.179,0.687
16033.2,120505.0,198913.3,125.2,0.44,0.056,-0.797,0.602
-30147.3,3722.2,153103.8,246.5,0.4,-0.289,-0.519,0.805
77037.1,126144.5,241696.4,138.0,0.18,-0.733,0.295,0.612
4427.1,-7804.5,161178.2,126.5,0.36,-0.381,0.396,0.835
46907.1,107106.5,209313.6,157.8,0.48,-0.608,-0.151,0.779
71503.7,113054.8,229485.8,149.7,0.17,-0.557,-0.5,0.661
38233.2,108119.0,204411.2,284.6,1.9,-0.386,-0.12,0.914
-36451.0,4417.4,151701.7,251.8,2.07,-0.086,-0.6,0.795
-15650.8,5580.3,158487.5,283.4,1.37,-0.016,-0.214,0.977
73406.9,127648.3,238419.6,234.3,2.67,-0.269,0.457,0.848
-20548.6,-125116.5,139604.0,299.8,0.3,-0.411,0.006,0.911
36680.4,109619.5,203841.7,265.7,0.66,-0.478,-0.217,0.851
40538.7,99144.2,204024.8,61.7,1.33,-0.091,-0.589,0.802
36660.7,89928.4,192789.5,127.1,0.58,-0.778,-0.251,0.576
38107.6,110152.3,204750.8,123.3,0.89,-0.45,-0.252,0.857
64374.1,119656.2,225866.7,333.5,0.98,-0.545,0.452,0.706
57661.0,120843.5,220568.4,119.4,2.14,-0.559,-0.227,0.797
49208.9,100572.7,208308.7,12.8,1.53,-0.596,-0.224,0.77
15844.1,95359.3,183212.4,193.3,0.68,-0.757,-0.297,0.583
4000.5,71623.9,165263.9,235.4,0.29,-0.465,-0.295,0.834
42425.8,103952.7,206494.0,136.1,0.34,-0.336,-0.244,0.91
40143.4,115481.9,207667.7,46.4,0.38,-0.541,-0.22,0.811
18620.4,57782.3,159987.5,267.4,0.3,-0.217,-0.218,0.952
39430.6,109935.5,205416.1,48.4,0.3,-0.432,-0.246,0.868
34529.0,109090.8,202454.8,141.1,0.58,-0.485,-0.218,0.847
27537.3,121124.0,204393.3,104.0,0.5,-0.147,-0.804,0.578
73815.4,109736.6,227404.9,145.3,0.22,-0.657,-0.176,0.726
18173.2,85805.0,176758.0,178.5,0.26,-0.041,-0.608,0.792
48583.7,106406.9,210055.2,145.3,0.72,-0.419,-0.39,0.82
22349.3,115846.6,197711.6,304.2,0.34,-0.019,-0.7,0.714
76576.7,111206.0,230525.3,24.7,0.26,-0.654,-0.218,0.724
17492.8,122211.0,201124.5,159.8,0.46,-0.059,-0.58,0.812
-11038.3,-367.6,158766.1,71.0,0.31,0.214,-0.204,0.955
-16181.4,6292.1,158558.3,107.5,0.31,-0.088,-0.118,0.989
71592.4,114643.4,230257.0,284.9,1.33,-0.651,-0.331,0.682
-24980.6,-6046.2,149707.3,281.5,0.32,-0.239,-0.195,0.95
54629.1,123751.0,225478.3,355.1,0.66,-0.602,-0.453,0.657
87944.4,125599.8,249513.2,206.0,0.45,0.113,-0.684,0.72
62343.9,133008.5,227720.2,23.7,2.3,0.165,0.63,0.759
-29007.1,533.9,151657.5,216.2,2.63,-0.365,-0.309,0.878
18168.4,61665.5,161198.6,263.1,0.31,-0.078,-0.41,0.908
86999.7,120942.0,245751.5,63.2,0.29,-0.652,0.001,0.758
40230.5,86941.9,193107.1,100.8,1.83,-0.037,-0.677,0.735
22478.6,112710.5,195813.3,20.2,0.42,-0.525,-0.296,0.798
87752.4,124049.6,247883.2,265.5,0.08,0.633,-0.537,0.558
103076.2,115101.7,225330.4,337.3,0.3,0.153,0.741,0.653
86976.8,121587.5,245931.2,336.7,0.38,-0.52,-0.378,0.766
22890.5,112561.7,195967.9,191.0,0.35,-0.451,-0.396,0.8
35856.1,108136.2,203071.8,279.6,0.26,-0.634,0.036,0.772
66285.4,98488.3,221135.9,260.9,0.38,-0.518,0.517,0.681
39174.4,105650.0,205587.2,41.4,0.62,-0.231,0.263,0.936
82954.3,127975.5,246910.6,196.3,0.23,-0.406,0.524,0.749
75168.0,136395.0,234980.6,247.3,0.24,-0.522,0.47,0.709
-11485.6,4709.4,158255.5,167.7,1.3,0.021,0.023,1.0
-37076.7,3044.6,150543.1,284.3,0.26,-0.15,-0.589,0.794
86646.0,120568.2,245401.1,210.9,1.03,-0.638,-0.328,0.694
58778.5,105364.3,215467.9,155.9,0.3,-0.521,-0.262,0.812
14126.2,-4417.5,162459.3,316.4,2.14,-0.514,0.3,0.803
58507.5,117971.1,221867.7,116.8,2.06,-0.61,0.314,0.728
15406.6,115741.7,194825.6,105.9,1.38,-0.649,-0.138,0.746
53937.1,129151.0,231928.9,38.0,0.77,-0.509,0.616,0.601
45801.4,102091.3,207308.0,277.0,0.99,-0.429,-0.317,0.846
57974.5,97820.4,212524.6,89.7,0.48,-0.608,-0.164,0.776
29849.5,112286.2,200213.4,25.8,0.47,-0.545,-0.293,0.785
82381.0,124197.4,245593.0,111.2,0.11,-0.777,0.194,0.595
58856.7,117892.8,222264.8,206.3,0.26,-0.651,0.241,0.72
62237.1,112867.0,221813.1,302.6,0.62,-0.378,-0.551,0.744
86355.6,127330.6,248835.0,37.4,1.18,-0.456,0.367,0.808
77446.9,107682.4,229929.8,256.5,1.05,-0.609,-0.45,0.653
-22788.7,14870.0,160855.4,202.5,0.37,0.635,0.178,0.752
31552.9,109133.5,200682.0,168.4,0.54,-0.548,-0.112,0.828
22705.4,112453.9,195792.3,141.0,0.33,-0.461,-0.395,0.794
42970.6,83124.0,191551.2,73.0,1.33,-0.328,-0.421,0.843
39468.6,109170.9,205218.0,163.6,0.5,-0.405,-0.274,0.872
-1607.5,80004.1,178958.1,83.4,0.58,0.233,-0.378,0.896
45479.1,118155.1,211635.1,147.1,0.37,-0.498,-0.252,0.83
64307.8,119879.2,225658.9,230.6,0.71,-0.562,0.421,0.712
-7061.7,288.4,158590.6,291.1,1.23,0.274,0.248,0.929
31720.5,112580.8,201510.2,167.4,0.45,-0.466,-0.418,0.779
42376.6,104126.6,206517.9,75.9,0.31,-0.339,-0.249,0.907
-27807.0,4056.0,153990.6,206.7,0.76,-0.099,-0.588,0.803
29277.3,115129.2,200857.0,44.3,1.88,-0.423,-0.422,0.802
35860.9,105078.0,203853.6,327.8,0.34,-0.439,0.326,0.837
79974.1,133021.0,241675.3,276.6,0.46,-0.455,0.674,0.576
58318.3,117051.0,222077.3,55.3,0.29,-0.512,0.208,0.834
30927.9,123629.2,209937.3,64.4,0.41,0.798,0.186,0.581
-5985.0,-44532.5,148859.6,103.2,0.83,-0.537,-0.086,0.839
13907.8,56331.0,159165.5,180.1,1.5,-0.026,-0.373,0.928
42018.5,102669.3,206022.0,205.6,2.28,-0.237,-0.469,0.85
94125.4,111741.7,234809.3,341.5,1.78,0.58,0.427,0.693
80383.5,128038.9,245662.8,60.9,1.49,-0.232,0.685,0.69
87874.3,123358.2,247403.3,48.5,0.49,0.268,-0.614,0.736
87622.2,119918.0,245433.2,150.9,1.91,-0.358,-0.561,0.747
6077.7,73466.0,166665.7,324.7,0.4,0.123,-0.406,0.905
10841.8,69249.9,165030.5,92.6,0.3,-0.02,-0.451,0.892
81627.0,128816.8,245460.8,106.4,0.86,-0.449,0.568,0.689
-31891.0,-34505.4,139586.5,305.3,0.84,-0.049,-0.069,0.996
69989.2,119509.0,230992.5,3.0,0.32,-0.491,0.477,0.728
87605.6,122859.7,246394.6,78.3,0.29,-0.635,-0.454,0.622
58139.3,115731.8,221297.3,174.2,0.3,-0.612,-0.333,0.717
8024.3,122270.1,205316.8,348.3,0.35,0.361,-0.74,0.568
82181.9,127466.7,246969.3,189.8,0.34,-0.4,0.555,0.729
76069.7,120555.9,235994.9,254.6,0.21,-0.587,0.365,0.723
38463.9,109565.1,204810.4,299.5,0.57,-0.463,-0.168,0.87
52498.9,94318.6,207285.5,352.4,0.32,-0.398,-0.402,0.824
36870.5,109348.9,203872.6,174.2,0.79,-0.479,-0.209,0.853
3504.8,95720.7,183061.6,167.9,0.37,0.333,-0.655,0.672
59630.7,106143.0,216171.7,221.6,0.41,-0.528,-0.325,0.785
19428.2,111250.8,193604.3,84.6,0.37,-0.286,-0.472,0.834
25378.2,118719.8,200504.3,290.1,2.2,-0.245,-0.583,0.775
21590.2,50863.7,159198.8,92.4,0.5,-0.431,-0.143,0.891
56801.5,118058.8,220491.5,326.4,1.33,-0.482,0.463,0.744
46584.0,103302.1,207962.7,349.2,2.36,-0.455,-0.29,0.842
-36360.3,13780.3,165236.0,74.4,0.34,0.177,-0.32,0.929
19193.7,121716.2,200814.2,325.7,0.39,0.001,-0.691,0.723
72457.2,120972.5,232421.9,330.4,0.12,-0.495,-0.592,0.606
84841.6,118863.9,242164.8,255.0,0.73,-0.215,-0.585,0.782
-18809.7,6090.1,157970.3,281.5,0.62,-0.309,-0.414,0.856
-12759.0,5973.4,158246.8,20.3,1.45,-0.055,-0.006,0.998
58859.8,112226.7,219197.2,60.2,0.18,-0.583,-0.486,0.652
65818.5,114809.8,225481.5,217.2,0.33,-0.313,-0.708,0.633
39259.6,110501.2,205479.8,15.5,0.96,-0.469,-0.255,0.845
53473.5,119224.5,217307.2,138.3,0.41,-0.602,0.237,0.762
46646.0,107974.1,209379.5,312.4,0.23,-0.671,-0.363,0.647
26935.9,62199.5,163981.5,262.7,1.91,-0.585,0.023,0.811
41409.4,105269.8,206222.5,21.3,0.82,-0.5,-0.038,0.865
39282.8,114115.6,206768.7,172.8,0.71,-0.533,-0.224,0.816
14541.6,67448.7,164174.3,141.5,2.4,-0.009,-0.405,0.914
88474.0,123602.1,246732.6,60.1,0.52,0.74,0.167,0.65
62144.0,128996.7,232809.5,266.5,3.08,-0.276,0.439,0.853
47433.8,97909.3,206051.2,132.9,1.11,-0.431,-0.481,0.763
56255.2,119536.4,219330.4,81.5,0.23,-0.622,0.331,0.71
37799.7,109582.7,204445.6,321.9,0.37,-0.488,-0.186,0.853
87983.1,127259.4,249577.7,241.5,1.73,0.175,0.407,0.887
35176.7,120779.3,207034.5,81.5,0.31,-0.531,-0.523,0.667
48553.3,106459.5,210067.2,100.7,0.41,-0.431,-0.391,0.813
39444.2,109199.8,205211.9,344.7,0.3,-0.408,-0.266,0.873
87752.4,121501.1,246367.7,25.2,0.33,-0.532,-0.363,0.765
18036.7,59073.4,160305.6,89.3,0.37,0.023,-0.347,0.938
13816.4,109211.1,190509.8,129.1,0.45,-0.576,-0.329,0.748
73313.3,134040.8,235008.5,31.6,0.63,-0.815,-0.013,0.578
88513.4,123439.4,246776.8,353.8,0.48,0.75,0.031,0.657
47556.9,99786.3,207227.8,214.3,0.3,-0.355,-0.501,0.789
77591.7,131544.7,239949.3,64.5,0.17,-0.099,0.728,0.678
41964.0,104882.6,206513.1,144.7,0.3,-0.383,-0.097,0.918
14462.2,4694.0,159213.5,156.5,2.25,-0.539,0.063,0.84
-17851.4,5861.0,158402.5,159.8,0.3,-0.449,-0.229,0.863
74210.4,128490.7,238240.8,304.3,1.92,-0.526,0.345,0.777
59240.2,115669.9,222253.5,47.2,0.15,-0.704,-0.314,0.637
32968.6,113951.5,202902.1,79.8,0.29,-0.487,-0.287,0.825
84567.4,103483.8,236093.5,304.0,1.0,-0.697,0.087,0.71
89643.4,124654.7,245359.6,334.1,1.11,0.719,-0.239,0.652
65612.0,115300.3,226103.7,102.7,0.31,-0.35,-0.733,0.584
41786.2,100177.3,204475.2,25.3,1.95,-0.143,-0.416,0.898
28299.5,123755.8,208850.2,208.3,0.21,-0.492,-0.508,0.707
83025.9,129839.9,245948.2,140.7,0.44,-0.513,0.317,0.798
24440.7,111621.6,196355.6,263.7,0.29,-0.444,-0.396,0.804
-18826.8,5450.6,157662.4,302.5,0.52,-0.354,-0.572,0.74
87346.9,120968.9,246090.6,256.1,0.3,-0.505,-0.14,0.848
57496.6,105267.9,214577.3,282.9,0.36,-0.49,-0.215,0.845
99989.2,110594.8,230305.4,122.4,1.26,0.585,0.451,0.675
6615.1,90258.7,178112.8,14.6,0.55,-0.334,-0.74,0.588
-12180.4,5378.6,158254.0,186.8,1.27,-0.023,-0.007,1.0
86027.7,120011.4,244528.8,131.7,0.19,-0.703,-0.244,0.668
15751.5,115067.0,194703.0,246.0,0.27,-0.339,-0.485,0.806
83172.0,121087.5,242604.4,214.6,0.49,-0.67,0.07,0.738
17451.5,60308.7,160747.4,164.2,1.56,0.007,-0.298,0.954
69913.0,112631.9,227621.1,203.2,0.19,-0.542,-0.589,0.597
75922.9,134315.3,236789.5,7.7,0.25,-0.266,0.647,0.713
99032.2,113414.9,229389.5,10.5,0.3,0.692,0.254,0.676
86839.9,122041.8,245979.8,305.9,0.51,-0.574,0.197,0.791
87221.9,122218.4,246102.0,96.9,0.43,-0.601,0.25,0.759
1689.5,91971.9,180651.3,286.2,0.09,0.61,-0.568,0.562
32309.3,109130.6,201162.2,343.1,0.29,-0.526,-0.147,0.838
82924.4,124943.2,245732.0,4.3,1.4,-0.76,0.1,0.643
66206.2,121275.6,226841.5,30.6,0.79,-0.433,-0.696,0.573
68387.4,107686.7,222258.5,248.0,0.33,-0.745,-0.285,0.603
38102.9,109176.6,204565.6,185.7,1.56,-0.489,-0.16,0.858
75661.7,108825.1,229220.5,107.3,1.15,-0.621,-0.285,0.729
73104.4,127476.9,238407.9,210.0,0.28,-0.398,0.399,0.826
39065.5,111757.5,205809.9,181.1,1.95,-0.451,-0.33,0.829
-32211.8,4962.6,152962.1,44.9,0.28,-0.302,-0.491,0.817
87071.4,126769.6,249407.2,321.9,0.58,-0.519,0.124,0.844
28173.7,115394.7,200422.7,136.9,2.39,-0.439,-0.421,0.794
58786.4,120746.0,221189.2,25.6,0.28,-0.481,-0.303,0.821
61081.9,110204.4,219164.3,165.1,0.31,-0.486,-0.485,0.726
87224.9,111914.5,240764.0,96.9,0.32,-0.781,-0.176,0.6
75405.9,121351.1,235017.1,25.4,0.47,-0.702,0.287,0.65
29981.0,118232.9,202744.4,289.7,0.28,-0.584,-0.173,0.792
63792.4,119775.3,225282.4,174.0,0.24,-0.519,0.451,0.726
22249.0,112263.0,195401.7,211.3,1.91,-0.473,-0.372,0.799
23654.9,108556.5,195145.8,7.1,1.66,-0.422,0.431,0.798
23742.8,111736.0,196024.2,323.6,0.29,-0.421,-0.452,0.786
58538.6,96856.1,213019.2,122.9,0.45,-0.729,-0.048,0.683
67146.6,111470.2,223000.8,237.7,0.18,-0.455,-0.567,0.687
61494.8,98579.6,216600.5,306.2,0.15,-0.747,0.124,0.653
25622.9,48674.2,160588.5,51.7,2.29,-0.427,0.007,0.904
86841.4,120434.5,245518.0,158.4,0.17,-0.543,-0.506,0.667
16478.2,63179.2,162095.7,204.5,2.08,0.04,-0.385,0.922
67765.0,116099.2,229423.8,24.1,0.53,-0.718,-0.266,0.642
4135.6,85262.3,178640.4,308.3,0.35,0.604,-0.448,0.659
64495.3,96547.7,220471.7,224.9,0.76,-0.709,0.102,0.698
77874.8,130279.5,241398.5,47.7,0.47,-0.377,0.727,0.574
23570.9,61205.6,161961.4,90.0,1.45,-0.174,-0.353,0.917
24315.8,114233.7,197462.8,296.3,0.25,-0.602,-0.157,0.782
86449.5,127889.7,248458.0,271.8,1.1,-0.271,0.624,0.733
48908.6,100793.7,208191.8,253.1,0.24,-0.425,-0.466,0.775
30167.0,111833.5,200201.0,308.2,0.7,-0.534,-0.336,0.776
-25583.6,-7113.9,149240.3,270.7,0.51,-0.235,-0.285,0.929
72577.4,126627.5,238382.3,326.0,0.68,-0.534,0.426,0.73
83835.3,119076.6,241866.6,204.8,0.26,-0.558,-0.425,0.712
72963.6,122621.4,235672.4,161.4,1.05,-0.33,-0.652,0.682
71389.3,131637.1,234422.1,107.9,0.14,-0.444,0.636,0.63
79746.5,105292.4,230743.8,221.7,1.76,-0.692,-0.114,0.714
59343.6,117377.4,222751.4,98.0,0.28,-0.664,0.132,0.736
12405.1,4263.4,158241.1,90.7,0.37,-0.255,0.027,0.966
87082.4,126469.5,249426.5,206.8,0.81,-0.647,0.043,0.761
12919.6,4075.8,158474.4,87.1,0.94,-0.405,0.236,0.883
37304.2,109996.7,204290.9,237.5,1.28,-0.463,-0.255,0.849
29647.1,113726.9,200362.1,106.4,1.04,-0.598,-0.202,0.776
88940.4,127648.5,249303.7,79.9,1.12,0.262,-0.406,0.872
50679.9,116852.7,213184.9,352.7,0.25,0.119,-0.606,0.786
65347.2,124468.1,234284.5,300.9,0.89,-0.338,-0.545,0.765
13774.3,124933.2,204292.4,40.8,1.75,0.655,-0.168,0.736
28820.9,60495.3,164648.2,53.8,0.48,-0.53,-0.13,0.838
70194.6,119005.5,231350.1,167.6,1.62,-0.589,0.226,0.775
81420.9,141856.3,238848.7,223.0,0.84,-0.608,-0.22,0.763
60669.7,137991.9,224424.8,69.7,1.24,-0.118,0.436,0.892
44325.3,86335.0,193797.0,344.2,2.01,-0.102,-0.609,0.786
-27837.1,3472.0,153589.3,93.1,2.03,-0.134,-0.533,0.835
57856.2,115179.6,220855.6,160.6,0.57,-0.636,-0.519,0.571
-41148.1,-24091.1,140894.7,76.8,1.91,-0.018,-0.271,0.962
18295.9,56789.2,159693.5,192.6,0.3,-0.182,-0.19,0.965
68576.1,125041.4,236636.9,344.5,1.39,-0.337,-0.697,0.633
29645.1,114661.4,200770.1,280.9,2.58,-0.393,-0.459,0.797
69139.7,91824.4,224987.0,166.0,0.14,-0.67,0.39,0.635
22780.0,112697.7,195978.0,49.5,1.4,-0.47,-0.363,0.805
71081.9,113334.9,229190.9,76.1,0.42,-0.629,-0.44,0.641
47716.8,105484.9,209347.9,279.2,0.27,-0.462,-0.35,0.815
63166.1,124229.4,232205.5,36.5,0.19,-0.25,-0.777,0.578
18658.5,60461.6,160843.7,122.4,0.84,-0.206,-0.321,0.924
88696.8,123971.9,246287.2,280.1,0.38,0.73,0.276,0.625
88236.4,120525.7,246204.2,249.8,0.55,-0.137,-0.579,0.798
52744.1,97371.5,208821.9,143.7,0.89,-0.543,-0.291,0.788
82953.5,121749.2,242073.9,108.3,1.03,-0.646,0.336,0.685
79530.6,127901.3,244833.8,163.2,0.46,-0.775,0.176,0.603
27552.7,111971.7,198356.2,285.2,0.25,-0.614,-0.127,0.779
36433.3,109240.6,203602.1,0.4,0.32,-0.492,-0.229,0.84
9058.2,87070.1,174593.5,298.9,1.17,0.347,-0.422,0.837
55057.8,120071.6,218459.0,243.4,1.96,-0.502,-0.341,0.794
52923.1,117184.6,217288.6,110.2,0.53,-0.726,-0.39,0.563
2718.0,97840.6,185286.4,185.1,1.15,0.188,-0.748,0.635
54516.3,127663.5,233340.0,160.1,0.52,-0.464,-0.266,0.84
31211.8,57702.0,165689.4,118.0,0.99,-0.506,-0.119,0.854
88361.4,127492.4,249327.3,99.4,0.63,0.307,0.045,0.928
83291.2,121068.6,242748.3,294.1,0.27,-0.685,-0.02,0.726
55090.2,118746.7,219017.5,8.7,0.17,-0.556,0.495,0.668
19115.9,112317.8,194279.4,267.8,1.24,-0.037,-0.679,0.734
27455.0,110132.1,197761.4,33.8,0.53,-0.571,-0.127,0.811
7568.6,79842.2,169572.9,187.3,0.16,0.204,-0.736,0.645
74636.4,114849.8,232597.5,21.3,0.52,-0.437,-0.586,0.682
-25937.0,-3360.7,150575.6,239.2,1.01,-0.26,-0.353,0.898
25630.3,117889.1,199991.3,340.8,0.27,-0.331,-0.49,0.806
-29898.7,2440.5,152423.9,76.8,0.28,-0.217,-0.515,0.829
23447.7,98951.0,197402.3,294.4,0.32,-0.468,0.116,0.875
58629.8,116019.4,221885.2,283.3,0.25,-0.539,-0.58,0.611
30923.4,121160.7,206240.6,303.8,0.14,-0.131,-0.761,0.634
40064.6,106305.3,205531.1,29.7,0.45,-0.272,0.368,0.889
84306.6,107202.3,235626.7,155.5,0.09,-0.756,-0.328,0.566
43680.8,97406.6,203912.9,144.6,0.16,-0.197,-0.721,0.665
88501.5,123519.7,246758.2,296.2,0.16,0.742,0.111,0.661
18404.9,87228.7,178080.8,125.1,0.5,-0.244,-0.644,0.724
-35483.5,2576.3,150486.2,18.2,0.62,-0.162,-0.609,0.777
5618.7,110816.2,203166.2,339.2,2.19,0.602,0.04,0.795
62548.2,120240.2,224205.9,118.5,1.37,-0.533,0.462,0.709
45551.3,103201.2,207367.6,195.1,0.34,-0.467,-0.202,0.861
80782.5,123473.9,242866.8,26.1,0.38,-0.661,-0.336,0.671
29713.6,111581.5,199804.8,279.4,0.37,-0.52,-0.322,0.791
84289.1,124964.4,247521.6,250.0,0.24,-0.538,0.37,0.756
65773.9,96404.8,221662.5,25.6,0.9,-0.651,0.217,0.726
61667.6,123576.8,230969.6,337.1,0.22,-0.217,-0.778,0.59
46088.8,103139.3,207657.2,113.0,0.31,-0.479,-0.221,0.85
47864.9,118965.7,213482.1,287.9,2.17,-0.534,-0.184,0.825
86551.2,124182.3,248006.2,340.7,0.14,-0.146,-0.772,0.623
87705.5,125675.9,249689.9,189.0,0.22,0.033,-0.676,0.737
31197.1,120402.5,205249.4,113.7,0.78,0.245,-0.78,0.576
12535.0,96160.2,182251.7,134.4,2.1,-0.094,-0.626,0.773
74326.7,133293.9,237334.2,65.8,0.09,-0.772,0.289,0.576
-1859.0,-1821.6,158210.1,241.3,0.35,0.106,0.194,0.975
34862.2,118530.4,205838.1,170.1,0.24,-0.666,-0.358,0.652
78586.9,139708.9,236909.9,55.8,0.19,-0.501,0.533,0.681
-14024.0,-59007.6,142580.2,193.4,0.75,-0.497,0.027,0.867
68375.5,125039.1,236466.4,222.9,0.29,-0.342,-0.723,0.6
22091.4,50642.9,159472.4,200.4,0.58,-0.506,-0.057,0.861
-6959.4,-98191.0,143436.5,100.0,0.3,0.038,0.031,0.998
22283.4,50875.1,159564.9,350.1,1.01,-0.488,-0.002,0.873
87945.9,122237.8,246865.6,168.8,0.55,-0.563,-0.073,0.821
94364.7,124953.5,237665.4,337.0,0.12,0.41,-0.675,0.607
99182.7,112050.8,230109.4,216.3,0.97,0.435,0.558,0.707
47340.4,118257.7,212940.1,340.3,0.26,-0.509,-0.331,0.794
37455.6,115615.8,206232.2,298.3,0.28,-0.403,-0.387,0.829
57367.3,109798.3,216513.5,48.0,0.47,-0.647,-0.371,0.667
67062.3,120339.3,227738.7,211.2,0.26,-0.497,0.351,0.793
34268.2,110596.4,202671.4,355.7,0.63,-0.536,-0.195,0.821
22250.2,51627.9,159680.8,190.6,0.46,-0.421,-0.166,0.892
2190.2,-2085.4,158252.5,196.3,0.36,-0.095,0.321,0.942
65997.7,127455.9,235579.2,78.9,0.18,-0.21,0.698,0.683
-39479.4,-1159.1,147851.3,174.5,1.3,0.055,-0.452,0.89
77357.5,111640.4,231280.1,76.6,0.27,-0.583,-0.128,0.802
-31698.2,15197.1,163842.9,84.3,0.4,0.034,0.032,0.999
86452.5,125333.5,248916.1,276.7,0.33,-0.357,-0.463,0.81
61955.9,120591.5,223515.8,307.4,1.02,-0.569,0.26,0.78
-10601.0,4163.4,158243.2,142.2,0.8,0.046,0.055,0.997
87627.5,119684.2,245262.2,200.0,1.58,-0.358,-0.499,0.789
72135.9,127429.2,237806.8,306.0,0.31,-0.5,0.371,0.782
45998.7,102922.9,207543.9,14.1,0.56,-0.46,-0.181,0.869
14562.2,64722.9,163025.6,176.4,1.79,0.077,-0.399,0.914
34859.5,111403.5,203218.8,35.2,0.28,-0.562,-0.111,0.819
37250.6,107950.0,203922.5,253.2,0.55,-0.486,0.022,0.874
39018.0,111478.6,205661.3,22.8,1.3,-0.459,-0.325,0.827
86704.1,120584.2,245448.3,249.3,0.38,-0.642,-0.322,0.692
4636.9,72179.7,165874.7,220.3,0.46,-0.43,-0.259,0.864
94135.2,107253.5,232572.4,234.6,0.09,0.66,-0.511,0.551
24896.1,112526.7,197057.6,315.9,0.24,-0.458,-0.449,0.767
95909.2,136816.9,240291.4,323.9,2.3,-0.286,0.561,0.777
89120.0,123722.3,245870.0,256.4,0.1,0.804,0.071,0.588
76175.9,127408.0,240703.7,193.1,0.23,-0.629,-0.271,0.728
68733.9,125571.4,237343.9,292.9,1.77,-0.311,-0.624,0.717
38036.9,121083.4,209509.5,165.6,0.47,-0.314,-0.705,0.635
76375.9,133562.3,237585.3,177.9,0.22,-0.234,0.621,0.746
29505.8,114161.8,200403.0,168.4,0.42,-0.461,-0.412,0.786
80226.1,100753.0,230456.5,193.1,1.38,-0.608,-0.121,0.784
42819.0,89709.7,196090.1,91.5,0.17,-0.006,-0.754,0.653
59540.5,115083.7,222348.9,322.1,0.67,-0.56,-0.586,0.588
79208.8,108573.2,232211.8,107.6,1.19,-0.699,-0.264,0.665
72663.6,131396.5,235654.9,309.2,0.26,-0.685,0.138,0.715
15021.1,107477.8,190207.2,265.5,1.76,-0.143,-0.609,0.779
74864.0,125291.5,240308.6,217.5,0.31,-0.464,0.291,0.835
92836.2,108765.0,236124.4,93.7,0.08,0.796,-0.232,0.56
16481.1,9689.3,158248.5,121.8,0.31,-0.437,0.157,0.885
16492.5,56295.9,159367.9,303.7,0.94,-0.052,-0.321,0.946
29947.4,114500.1,200824.9,344.8,0.31,-0.417,-0.399,0.816
27773.7,117929.2,201147.4,241.6,0.38,-0.385,-0.483,0.786
93268.2,118416.0,234313.4,51.3,0.46,0.804,-0.134,0.578
89163.3,123932.4,245782.3,293.4,0.14,0.769,0.167,0.616
46877.4,104603.5,208421.5,132.1,0.3,-0.496,-0.2,0.844
27467.6,114327.6,199467.4,328.6,1.79,-0.427,-0.44,0.79
63721.4,100500.9,218141.7,336.3,1.7,-0.623,0.071,0.778
46367.1,95688.1,203154.3,114.8,0.75,-0.503,-0.503,0.703
85035.4,118604.4,242026.8,248.5,0.84,-0.297,-0.54,0.787
-24956.9,-3816.1,150648.6,326.7,0.31,-0.223,-0.31,0.924
83033.9,104557.1,234260.3,215.1,1.94,-0.542,0.374,0.752
69340.1,125220.7,237219.0,253.9,0.16,-0.3,-0.715,0.632
17320.0,67142.6,164025.4,269.1,1.68,-0.228,-0.484,0.845
15959.0,122959.6,201734.4,339.1,1.7,0.026,-0.674,0.738
29341.6,112491.5,199868.5,266.2,0.29,-0.619,-0.087,0.78
78332.9,130303.0,241652.1,215.5,0.82,-0.319,0.71,0.628
-22070.7,-48637.4,139554.5,302.0,1.36,-0.27,-0.061,0.961
-21695.2,19886.3,158952.4,55.9,0.4,0.385,0.212,0.898
34588.8,110915.3,202964.9,54.1,0.29,-0.549,-0.172,0.818
9528.1,83387.0,172632.6,67.8,0.13,0.419,-0.685,0.596
-36619.9,-114249.7,140535.1,323.7,2.04,-0.243,0.328,0.912
83284.2,111661.2,236640.3,92.2,1.49,-0.578,-0.242,0.779
76363.8,129781.1,239985.7,154.3,0.36,-0.44,-0.394,0.807
13864.5,-7909.5,163761.0,218.6,0.37,-0.541,0.292,0.789
22098.8,108588.7,194047.6,97.1,0.61,-0.546,0.317,0.776
70340.4,128094.3,236174.3,185.0,2.23,-0.543,0.364,0.756
54699.0,119938.1,218143.8,52.0,1.05,-0.494,-0.228,0.834
82068.9,111343.1,235496.9,109.8,0.49,-0.601,-0.331,0.727
-18383.7,6047.8,158125.0,61.3,0.36,-0.343,-0.311,0.886
58778.0,114623.0,221065.1,99.2,0.18,-0.46,-0.561,0.687
11032.9,109957.9,189613.2,258.1,0.68,0.295,-0.585,0.754
88707.9,137837.8,245684.0,138.6,0.25,-0.595,0.269,0.756
72928.3,130663.3,236090.9,115.8,0.23,-0.575,0.3,0.76
-20392.2,13000.9,159978.9,181.4,0.45,0.067,-0.286,0.956
82898.5,132176.6,244197.5,107.3,0.9,-0.494,0.567,0.659
57603.8,116041.9,221100.1,282.0,0.14,-0.487,-0.62,0.614
63474.4,98244.3,218944.7,313.4,0.25,-0.607,0.307,0.732
73179.7,120761.1,233368.2,99.7,0.4,-0.635,0.435,0.638
31144.8,107833.0,200287.4,301.2,0.57,-0.471,-0.163,0.866
1969.1,-7896.9,160316.0,167.9,2.25,-0.271,0.27,0.924
59081.0,93386.9,214104.1,85.0,0.22,-0.418,0.515,0.742
41910.4,120501.3,211071.7,234.6,1.67,-0.488,-0.339,0.803
80976.8,129424.6,244622.0,294.9,0.63,-0.064,0.581,0.81
29366.7,112030.4,199801.9,34.8,0.32,-0.536,-0.285,0.794
104089.7,116216.7,223870.9,22.6,0.66,0.062,0.715,0.697
60968.6,124147.5,231012.9,76.3,0.59,-0.577,-0.536,0.616
61614.3,119825.5,223592.6,84.9,0.26,-0.653,0.398,0.645
73347.5,114598.9,231886.8,315.6,0.12,-0.459,-0.679,0.572
37552.0,86294.1,192067.8,288.0,0.2,-0.514,-0.508,0.69
37561.1,85574.9,191344.2,167.5,0.82,-0.145,-0.729,0.668
73882.7,112229.8,230113.7,282.6,0.27,-0.535,-0.427,0.729
3763.9,74566.9,166833.0,52.8,0.94,0.273,-0.505,0.819
83366.4,127643.7,247391.9,91.0,0.26,-0.38,0.473,0.794
-1993.3,-3007.8,158288.1,157.9,0.38,0.006,0.102,0.995
57954.7,98507.8,212762.7,156.8,0.27,-0.532,-0.309,0.788
76495.7,133307.2,237865.7,231.7,0.57,-0.2,0.647,0.735
-33683.5,4465.8,152220.9,314.0,1.43,-0.24,-0.533,0.811
98094.6,110179.2,231696.8,330.7,0.31,0.084,-0.657,0.746
41036.9,104765.3,206013.6,177.5,0.36,-0.409,-0.038,0.911
62525.7,120112.9,224279.0,346.7,1.41,-0.531,0.452,0.717
15709.4,60142.5,160831.7,334.5,0.67,0.107,-0.354,0.929
93104.7,129182.7,248414.0,46.7,0.3,0.29,0.545,0.784
77191.4,112379.0,231505.0,81.1,1.15,-0.28,-0.59,0.756
83120.8,119681.9,241768.0,1.3,0.33,-0.316,-0.676,0.664
71714.4,125202.9,238511.8,291.2,0.29,-0.581,-0.068,0.808
41850.9,120398.1,210984.6,52.9,0.3,-0.478,-0.352,0.805
72420.5,125456.8,238921.6,136.4,0.33,-0.462,0.1,0.881
37791.9,107658.0,204170.4,248.5,0.34,-0.386,-0.034,0.922
87804.2,126461.2,249765.9,12.0,0.39,0.338,0.187,0.917
-13376.1,5755.8,158182.3,319.2,1.34,-0.062,0.021,0.998
41705.7,101934.6,205390.1,30.8,1.97,-0.126,-0.583,0.802
-34613.2,3683.3,151452.9,128.7,2.26,-0.188,-0.581,0.792
59440.8,119424.3,222089.4,155.7,2.15,-0.511,0.397,0.763
34683.3,103825.0,203601.1,11.6,0.89,-0.583,0.453,0.674
24208.7,60272.6,162262.7,206.5,2.62,-0.562,0.031,0.827
66534.9,120438.4,227390.0,87.0,0.88,-0.5,0.383,0.776
-41817.0,-31124.5,139500.3,84.2,1.44,-0.101,-0.174,0.98
80805.1,127677.8,246148.6,65.8,0.51,-0.324,0.612,0.721
42345.1,130932.8,228948.2,83.4,0.27,0.371,0.73,0.574
71526.9,114933.1,230360.6,56.3,0.42,-0.456,-0.523,0.717
59457.3,115361.1,222445.3,40.6,0.31,-0.675,-0.318,0.668
52515.8,118521.0,216764.8,80.5,0.99,-0.649,0.239,0.723
74664.4,126879.1,239339.1,266.4,0.45,-0.38,0.459,0.802
57220.4,133761.9,226572.8,116.0,1.71,-0.347,0.627,0.698
59381.1,116470.7,222701.1,26.7,0.74,-0.54,-0.315,0.781
79609.5,108645.5,232614.1,217.7,0.95,-0.568,-0.286,0.771
11902.8,120544.2,198807.0,57.5,0.93,0.143,-0.766,0.628
36995.9,120630.4,208340.7,49.7,0.13,-0.448,-0.638,0.626
33168.0,103515.3,202270.1,68.3,0.12,-0.739,0.283,0.611
33634.6,111635.6,202421.9,16.9,0.34,-0.56,-0.121,0.819
13632.9,-4352.6,162144.5,225.4,0.29,-0.519,0.285,0.806
28959.4,56071.2,163934.9,234.2,0.36,-0.459,-0.246,0.854
93812.7,109592.4,235357.1,246.8,0.15,0.775,-0.139,0.616
87283.9,128365.4,248497.3,82.5,0.6,-0.272,0.592,0.758
17462.6,10237.6,158782.2,16.1,0.68,-0.583,-0.068,0.809
87185.8,125489.1,249333.1,123.7,0.2,-0.315,-0.614,0.721
80676.9,107919.5,232728.6,188.3,0.43,-0.564,-0.51,0.648
56056.5,120597.6,219347.6,301.2,0.26,-0.523,-0.338,0.782
64842.2,119785.9,226068.8,109.7,0.51,-0.606,0.386,0.694
58677.1,105956.3,215620.4,348.9,2.87,-0.416,-0.263,0.87
86668.2,106767.5,240155.8,154.0,0.28,-0.617,0.345,0.69
23915.2,108557.5,195283.1,24.3,0.42,-0.45,0.427,0.784
45559.5,103421.6,207430.3,143.3,2.23,-0.469,-0.222,0.855
18806.9,123125.4,202157.6,3.1,1.53,-0.244,-0.627,0.739
69945.3,99650.3,223742.6,309.9,1.55,-0.599,0.246,0.762
63586.1,128555.9,234707.3,201.2,0.24,-0.788,0.255,0.559
59102.5,120416.4,221368.0,274.1,2.48,-0.565,0.218,0.793
75511.9,123891.7,239742.3,305.6,0.14,-0.48,-0.66,0.576
87806.5,126590.1,249747.9,306.7,0.34,0.319,0.202,0.919
67181.8,115148.5,227617.2,49.3,0.43,-0.451,-0.69,0.568
78277.8,121229.6,237965.9,82.8,0.13,-0.649,0.432,0.626
88129.3,122758.3,246971.1,54.0,0.3,-0.15,0.057,0.979
-27450.9,4569.5,154498.9,83.7,0.25,-0.191,-0.595,0.781
65902.3,122385.2,228973.7,170.8,1.64,0.366,-0.645,0.67
88496.7,138069.8,245460.0,301.3,2.21,-0.601,0.217,0.768
49829.4,117512.7,213702.2,235.1,0.94,-0.396,-0.427,0.811
58209.5,123564.4,228064.8,120.6,0.9,-0.503,-0.647,0.572
28044.3,108624.5,198014.0,73.3,1.42,-0.559,0.224,0.797
30857.5,111915.3,200759.9,208.4,0.24,-0.465,-0.428,0.775
66451.9,128711.2,234415.7,87.4,0.12,-0.263,0.785,0.561
26661.4,113546.0,198636.0,267.1,0.27,-0.412,-0.43,0.803
33246.8,109996.8,201904.6,164.3,0.65,-0.528,-0.151,0.836
89151.5,99348.7,235367.1,325.9,1.54,0.585,0.408,0.701
53659.2,133197.3,225471.4,348.2,0.29,-0.343,0.656,0.671
40640.1,105499.3,205860.1,44.7,0.54,-0.435,-0.016,0.9
81983.6,129007.8,245625.4,248.4,0.44,-0.544,0.44,0.714
28317.2,100939.3,199456.9,143.2,0.95,-0.592,0.108,0.798
22012.9,50612.0,159420.1,15.7,0.3,-0.504,-0.07,0.861
82492.6,121362.3,241916.5,134.8,0.7,-0.593,0.394,0.703
10320.9,735.8,158920.7,351.8,0.75,-0.35,0.408,0.843
58302.1,117058.7,222062.5,229.5,0.33,-0.512,0.211,0.832
76259.3,121565.1,235784.7,155.4,0.23,-0.703,0.198,0.678
10580.6,86234.4,173819.8,169.9,1.08,-0.076,-0.565,0.821
60676.3,114611.3,222672.4,59.4,0.39,-0.493,-0.601,0.632
31895.7,49836.8,163550.7,96.5,2.08,-0.315,-0.307,0.892
36478.1,107340.9,203663.3,337.0,0.35,-0.373,0.226,0.9
90277.5,125433.4,244774.4,73.2,0.66,0.652,-0.459,0.602
31763.9,49796.8,163489.1,341.6,0.74,-0.309,-0.285,0.906
81616.0,120841.4,241494.0,119.2,0.46,-0.562,0.24,0.792
1395.4,107795.1,204231.6,336.5,0.32,0.04,-0.191,0.98
32343.6,122680.1,207553.0,17.3,0.97,0.251,-0.662,0.704
68386.7,125540.5,237093.6,151.4,1.62,-0.293,-0.656,0.696
76237.3,131746.1,239488.2,345.7,0.2,-0.445,0.588,0.674
88128.1,123093.6,246928.8,96.1,0.53,0.237,-0.366,0.891
86191.0,126688.0,248672.1,141.8,0.25,-0.63,-0.265,0.73
59615.5,117842.8,223104.1,308.5,0.17,-0.738,0.044,0.672
36756.5,111331.5,204383.8,291.9,0.46,-0.481,-0.241,0.843
29688.2,112816.6,200184.8,115.3,0.96,-0.654,-0.099,0.75
79002.4,122230.2,238508.0,25.9,0.57,-0.641,-0.324,0.689
61758.1,113642.2,222465.2,120.4,0.41,-0.43,-0.716,0.55
39533.0,109385.1,205307.9,283.0,0.38,-0.415,-0.246,0.876
72034.6,129872.8,236555.1,334.6,0.27,-0.507,0.345,0.79
42538.6,105860.0,206841.6,49.3,1.26,-0.376,0.169,0.91
38828.5,109089.1,204881.3,237.1,0.54,-0.396,-0.215,0.893
78672.9,121082.4,238528.2,146.8,0.56,-0.677,0.409,0.612
21479.3,113800.3,195850.3,318.3,0.68,-0.208,-0.575,0.791
86927.0,122376.4,245825.8,35.5,0.42,-0.589,0.307,0.746
11524.7,89192.7,176097.5,306.4,0.28,-0.319,-0.518,0.793
29756.8,112364.0,200186.6,130.9,1.2,-0.575,-0.233,0.784
32205.4,101445.1,202654.3,145.3,0.35,-0.764,0.132,0.624
87432.3,118839.7,244767.0,166.3,0.28,-0.293,-0.482,0.826
60107.8,120965.9,222104.0,249.0,1.49,-0.516,-0.148,0.838
85946.4,126133.7,248378.3,339.7,0.45,-0.624,0.182,0.758
50909.6,106930.7,211497.7,191.4,1.75,-0.516,-0.094,0.851
38189.3,108408.0,204441.8,209.9,0.3,-0.418,-0.178,0.891
61593.6,116020.4,224535.7,20.4,0.3,-0.533,-0.309,0.787
28610.6,111533.2,199060.8,67.9,0.34,-0.553,-0.319,0.77
88027.1,113644.6,242811.5,351.6,0.24,-0.786,0.107,0.609
78309.0,132726.8,239478.2,4.2,0.34,-0.753,0.297,0.587
75516.7,133626.4,237583.0,284.4,1.36,0.077,0.657,0.75
39687.1,109433.3,205392.5,105.2,0.61,-0.42,-0.243,0.874
-34807.4,-10332.0,145012.0,322.8,0.3,-0.22,-0.287,0.932
59372.7,115205.1,222297.2,119.0,0.1,-0.692,-0.433,0.578
55535.7,91269.5,209496.7,22.6,1.07,-0.741,0.112,0.661
54183.3,130594.0,230293.8,136.7,1.83,0.167,0.633,0.755
17403.7,62722.1,161742.4,149.3,0.9,0.088,-0.434,0.897
16615.6,-8442.0,164848.5,15.9,2.73,-0.362,-0.01,0.932
54884.1,128387.2,233090.2,42.7,0.69,-0.486,0.658,0.573
76857.6,124595.8,241465.0,121.6,0.64,-0.542,-0.6,0.585
91915.5,144420.4,242097.6,281.0,0.2,0.49,0.582,0.65
-28103.7,4921.2,154463.1,51.7,0.26,-0.306,-0.522,0.796
-5778.3,-92828.7,143500.0,257.0,0.97,-0.249,-0.075,0.965
59048.7,114279.5,220830.8,54.4,0.48,-0.057,-0.77,0.635
29893.3,116850.9,202065.3,307.1,1.39,-0.421,-0.416,0.806
45824.0,102716.9,207429.8,201.0,0.68,-0.448,-0.129,0.885
56847.5,117910.7,220635.1,152.6,1.97,-0.498,0.444,0.745
85146.5,133946.5,244254.7,43.2,0.23,-0.505,0.422,0.753
17892.5,59172.7,160349.3,160.1,0.33,0.061,-0.364,0.929
88073.4,135420.4,245650.8,330.6,2.25,-0.55,0.352,0.757
55777.2,117917.5,219906.2,274.5,0.35,-0.528,0.085,0.845
86751.7,127773.5,248677.7,37.8,0.25,-0.345,0.593,0.727
15841.9,96609.3,183712.4,267.1,0.44,-0.792,-0.204,0.577
-35098.8,-31352.3,139495.8,180.1,0.34,0.11,-0.158,0.981
13645.0,59623.7,160537.8,15.8,0.52,-0.07,-0.404,0.912
77359.8,136583.5,237713.5,107.2,0.1,-0.777,0.259,0.575
-28293.1,5281.1,154614.9,10.8,0.91,-0.275,-0.556,0.785
50346.4,129589.2,231028.9,198.8,0.47,0.236,0.603,0.761
25101.2,113630.4,197754.2,243.2,0.81,-0.503,-0.298,0.811
81083.0,121412.8,240888.8,103.4,1.62,-0.581,0.385,0.717
94456.6,130404.9,246724.2,348.7,2.02,-0.353,0.525,0.775
47646.1,109120.6,210243.0,6.5,0.42,-0.484,0.274,0.831
10194.3,88823.0,175525.8,237.8,0.29,-0.041,-0.577,0.816
51832.8,92808.5,206564.5,2.6,2.89,-0.469,-0.277,0.838
14060.0,112709.6,192570.3,128.4,0.25,-0.438,-0.46,0.772
58637.1,115993.0,221863.2,183.9,0.13,-0.543,-0.575,0.612
23680.3,108657.9,195103.6,201.4,0.4,-0.437,0.371,0.819
56856.7,124486.3,227957.1,317.5,0.2,-0.619,-0.452,0.643
89349.3,131442.6,248212.5,166.7,0.97,-0.393,0.437,0.809
-26127.5,-109793.0,139605.9,171.4,0.31,-0.056,-0.053,0.997
87712.9,125956.3,249862.5,132.2,0.77,0.11,-0.259,0.949
39510.8,110267.8,205554.9,332.9,2.22,-0.449,-0.255,0.857
79838.9,103326.9,230200.2,283.4,0.18,-0.71,-0.173,0.682
59836.2,106154.7,216329.1,23.4,1.93,-0.527,-0.354,0.773
53814.6,119299.1,217571.5,152.5,0.49,-0.605,0.259,0.752
63128.3,111755.4,221412.1,250.7,0.22,-0.28,-0.602,0.748
6738.6,72802.4,166239.1,291.1,0.34,0.036,-0.457,0.888
81226.8,121320.2,241061.3,117.6,2.18,-0.569,0.352,0.743
87025.2,127223.9,249198.4,202.8,0.82,-0.386,0.458,0.801
9860.6,-902.5,159362.6,263.7,2.35,-0.285,0.169,0.943
24735.5,113034.5,197218.8,64.5,0.41,-0.502,-0.394,0.77
15326.6,59915.7,160759.7,100.3,0.61,0.013,-0.36,0.933
16068.2,59152.9,160436.6,225.1,0.3,0.112,-0.32,0.941
19841.6,51621.3,158452.1,128.2,0.63,-0.207,-0.215,0.953
30820.2,64768.0,166426.1,115.1,2.84,-0.535,0.025,0.844
87723.6,121359.6,246311.1,274.5,0.27,-0.521,-0.29,0.803
35957.4,113930.7,204543.9,118.7,1.72,-0.357,-0.472,0.805
5364.7,69587.7,164975.7,261.9,0.3,-0.121,-0.444,0.887
39338.6,106362.8,205306.7,307.6,0.31,-0.287,0.477,0.831
65439.4,99423.9,219979.8,67.3,2.25,-0.536,0.355,0.766
30802.1,101109.5,201086.1,308.8,0.68,-0.707,0.419,0.57
62112.3,114290.1,223831.3,351.4,0.15,-0.334,-0.744,0.581
13796.2,-3897.1,162082.7,161.2,0.97,-0.497,0.33,0.803
24298.5,113480.3,197166.9,294.5,0.28,-0.461,-0.362,0.81
42237.5,130038.6,229285.8,128.6,0.51,-0.225,-0.744,0.63
87863.9,118308.0,244514.5,196.2,0.42,-0.147,-0.601,0.785
16687.7,115624.7,195405.9,54.2,0.78,-0.331,-0.512,0.792
49431.3,120158.2,214815.0,331.3,0.45,-0.427,-0.646,0.634
38554.2,104858.7,205550.7,169.7,0.84,-0.173,-0.003,0.983
65803.4,121099.2,226440.5,44.1,0.44,-0.429,-0.405,0.752
61723.5,123947.2,231425.2,140.5,0.14,-0.373,-0.681,0.63
34952.8,104258.9,203585.0,255.9,1.34,-0.637,0.369,0.677
23317.2,110707.5,195133.0,52.0,0.28,-0.488,-0.376,0.787
11729.0,89709.4,176552.4,281.9,0.44,-0.616,-0.388,0.687
19410.1,57120.5,159930.8,251.9,0.52,-0.039,-0.312,0.949
9418.7,-1652.4,159358.8,307.3,2.99,-0.135,0.149,0.979
38767.7,111280.7,205451.1,176.2,0.7,-0.449,-0.294,0.844
52670.0,117622.2,216986.6,239.3,0.34,-0.762,-0.035,0.647
5096.5,112536.5,203192.0,151.9,1.87,0.48,0.034,0.877
47940.4,104438.1,209033.7,10.4,0.81,-0.522,-0.175,0.835
16180.5,-5237.9,163994.3,156.8,2.96,-0.414,0.222,0.882
84845.3,125531.4,247815.3,136.1,0.79,-0.742,0.143,0.655
83714.5,107504.8,235152.7,207.6,0.4,-0.693,-0.311,0.65
83772.6,120081.7,242522.1,329.9,0.47,-0.463,-0.522,0.716
64545.1,99466.6,219093.6,354.4,0.55,-0.628,0.374,0.681
17937.6,58914.1,160246.8,313.7,1.1,0.027,-0.355,0.935
41025.2,106030.7,206055.8,102.6,0.43,-0.414,0.129,0.901
82487.3,124802.8,245361.3,276.6,1.43,-0.719,0.043,0.694
91863.7,101326.4,231774.8,96.3,0.55,0.627,0.449,0.633
88596.3,114914.5,244037.4,246.9,0.3,-0.313,-0.171,0.904
43335.3,104291.2,206826.1,20.6,0.64,-0.16,-0.248,0.955
-17749.1,-98550.6,140639.4,328.9,0.39,-0.483,0.389,0.785
-27148.1,3581.0,153740.9,151.2,0.45,-0.09,-0.544,0.834
9096.7,79816.6,169959.1,75.6,1.37,-0.524,-0.059,0.85
58648.3,105282.2,215319.3,235.8,2.47,-0.531,-0.272,0.802
84046.6,130517.8,245869.0,296.8,0.72,-0.183,0.624,0.759
80710.5,124044.0,243050.1,257.1,0.28,-0.73,0.031,0.683
74274.7,114178.6,231854.1,51.3,0.56,-0.391,-0.65,0.652
15248.7,-4648.6,163340.1,263.2,0.27,-0.474,0.373,0.798
86973.9,119734.5,245037.5,342.2,0.27,-0.392,-0.45,0.802
57301.7,113222.9,217674.9,357.1,1.54,-0.707,0.221,0.671
84894.9,127002.8,247756.6,246.5,0.47,-0.47,-0.583,0.662
71702.1,122350.6,234450.8,299.7,0.76,-0.44,-0.679,0.589
82620.9,127478.7,247090.9,1.9,1.78,-0.314,0.513,0.799
77852.5,112271.8,231802.6,317.0,2.2,-0.554,-0.243,0.795
75534.2,126365.6,240139.1,158.7,1.0,-0.45,0.449,0.772
84040.6,109894.2,237393.3,322.5,0.68,-0.613,0.109,0.781
65049.4,119949.2,226217.9,74.4,0.34,-0.723,0.275,0.633
77509.2,111897.6,231412.3,54.5,1.0,-0.616,-0.203,0.761
83252.5,126828.3,247081.1,121.4,0.08,-0.194,-0.806,0.56
86935.2,134711.1,245214.6,183.8,0.54,-0.598,0.23,0.768
84165.5,104499.5,235412.6,176.9,0.18,-0.665,0.301,0.684
36499.3,109794.0,203780.5,118.2,2.99,-0.474,-0.221,0.853
-30982.7,5064.0,153501.5,177.3,1.54,-0.283,-0.493,0.822
87462.9,126640.6,249680.3,91.1,2.49,-0.375,0.264,0.887
-19884.6,-1741.8,152436.7,253.7,1.46,-0.21,-0.382,0.9
86092.0,121083.0,245101.3,39.7,0.29,-0.544,-0.385,0.746
80682.1,124328.9,242939.8,93.9,0.16,-0.782,-0.051,0.619
-18751.4,8585.0,159222.3,248.3,0.66,0.21,-0.341,0.916
24798.6,114301.2,197824.1,45.0,0.58,-0.513,-0.286,0.809
37609.5,94926.2,195624.3,76.0,0.63,-0.801,-0.115,0.588
75097.7,110179.9,228973.6,352.6,0.87,-0.741,-0.114,0.662
86786.5,126180.6,249135.4,353.1,0.28,-0.692,0.048,0.719
52187.5,118620.3,216513.3,241.7,0.4,-0.575,0.254,0.777
30402.0,112882.8,200852.7,12.0,0.34,-0.609,-0.179,0.772
-29976.1,2803.9,152603.5,265.1,0.31,-0.269,-0.483,0.833
39183.7,109581.2,205196.0,180.6,0.54,-0.43,-0.235,0.871
35551.7,91624.6,191787.6,83.9,0.15,-0.834,-0.026,0.553
21787.9,115631.3,197449.9,23.5,1.14,-0.084,-0.664,0.743
28280.3,110189.0,198350.9,28.8,0.35,-0.517,-0.264,0.814
47890.7,101317.5,208132.7,159.5,2.78,-0.45,-0.217,0.866
82886.0,126101.7,245587.4,278.5,0.42,-0.484,-0.651,0.584
95566.9,115244.6,231402.7,235.4,0.17,0.609,0.439,0.66
15351.5,55162.8,158897.6,319.0,2.02,-0.129,-0.381,0.915
-18537.5,6007.0,158037.0,161.7,0.6,-0.351,-0.322,0.879
37109.4,110325.3,204287.2,289.8,0.56,-0.475,-0.253,0.843
57155.8,118269.0,220619.0,251.6,0.89,-0.489,0.47,0.734
59414.8,116449.9,222717.9,128.1,0.67,-0.544,-0.321,0.775
42445.6,102333.5,205913.7,322.9,0.31,-0.048,-0.549,0.833
61901.2,99051.8,217027.8,340.1,1.09,-0.699,0.006,0.716
32925.4,108962.9,201509.8,157.5,1.48,-0.501,-0.16,0.85
13427.4,108809.7,190045.2,345.4,0.85,-0.523,-0.388,0.759
59485.1,127865.0,232845.9,221.1,0.25,0.008,0.628,0.778
88422.2,126672.0,249211.3,168.8,0.23,0.824,0.082,0.562
107702.5,134327.9,219123.0,53.1,0.38,0.662,0.473,0.577
81722.0,128412.4,245835.5,355.9,1.32,-0.374,0.58,0.723
25015.0,112520.8,197119.3,47.3,0.56,-0.461,-0.456,0.761
89614.1,129292.0,249259.3,238.7,0.23,-0.499,0.413,0.761
46818.7,107519.9,209272.9,276.4,0.2,-0.671,-0.274,0.689
30812.1,114640.7,201417.5,60.3,1.62,-0.56,-0.238,0.793
57961.8,118344.6,221197.9,120.5,0.26,-0.612,0.403,0.681
56587.6,115562.5,218667.1,205.3,0.1,-0.768,-0.266,0.588
-12441.0,2735.3,158935.5,71.5,2.69,0.206,0.289,0.935
79609.8,111664.5,233240.8,347.0,0.17,-0.732,-0.215,0.645
17930.8,118302.2,197261.1,348.6,0.9,-0.618,-0.042,0.785
42635.9,104267.2,206664.5,60.4,0.3,-0.31,-0.25,0.917
78880.7,121393.4,238547.5,166.6,0.61,-0.783,0.228,0.577
77649.4,142667.5,236198.8,31.2,1.11,-0.583,0.059,0.806
21492.2,51119.1,159220.4,187.2,0.3,-0.447,-0.15,0.882
27842.3,115580.7,200332.0,54.0,0.29,-0.482,-0.379,0.79
57587.1,107025.9,215333.6,107.8,0.44,-0.355,-0.371,0.858
30554.7,61379.8,165849.0,79.3,0.42,-0.534,-0.117,0.837
61754.3,104978.3,217220.8,203.4,2.25,-0.565,-0.197,0.801
75546.2,109733.3,229304.4,344.7,0.16,-0.724,-0.191,0.662
50185.6,99267.9,208342.2,296.6,0.51,-0.356,-0.431,0.829
42528.0,97334.3,203557.3,189.0,0.21,-0.353,-0.597,0.715
10059.1,-1002.4,159434.1,231.9,0.3,-0.328,0.056,0.942
23592.1,61182.0,161964.6,333.1,0.31,-0.199,-0.334,0.919
74713.8,135379.0,235889.4,9.2,0.18,0.254,0.684,0.683
82860.1,125924.5,245510.3,207.4,0.6,-0.664,-0.274,0.679
75731.2,121633.5,235205.8,237.3,0.19,-0.634,-0.248,0.694
23453.5,112749.4,196379.9,237.4,0.27,-0.456,-0.387,0.801
29999.6,108199.8,199589.6,325.4,1.12,-0.564,0.096,0.82
40372.6,111085.4,206287.2,32.3,0.32,-0.433,-0.272,0.859
91290.9,143400.5,243001.5,24.0,0.87,0.343,0.593,0.729
30905.5,112408.8,201010.7,246.7,0.3,-0.489,-0.326,0.809
65978.1,112379.1,223053.7,214.7,0.38,-0.422,-0.582,0.695
54516.5,125562.1,227852.5,323.4,0.65,-0.6,-0.565,0.566
27929.4,107924.3,198268.1,27.4,0.26,-0.535,0.281,0.796
60595.0,115528.9,223206.0,62.9,0.18,-0.528,-0.491,0.693
68793.2,125130.4,236852.7,224.4,0.15,-0.304,-0.711,0.634
42059.1,111238.2,207190.9,54.1,0.34,-0.402,-0.337,0.851
2322.1,-2060.3,158255.1,0.5,0.3,-0.083,0.318,0.944
38907.3,108953.6,204881.9,17.8,0.55,-0.377,-0.242,0.894
36493.3,110363.5,203937.7,36.5,0.86,-0.462,-0.267,0.845
13147.1,111531.3,191402.0,144.7,2.19,-0.466,-0.331,0.82
11543.7,83915.6,172752.9,331.7,2.57,-0.076,-0.437,0.894
11450.4,-1762.7,159957.6,69.7,0.9,-0.354,0.174,0.919
80998.1,134193.7,241339.8,218.5,0.11,-0.784,0.254,0.567
157.8,99838.5,187357.4,2.3,0.47,0.378,-0.592,0.709
87756.6,129589.0,247919.8,214.5,0.28,-0.417,0.457,0.786
15108.4,111187.4,192344.1,146.3,1.21,-0.643,-0.168,0.747
77567.5,121573.5,236924.8,304.0,0.19,-0.724,0.203,0.654
15432.6,110769.6,192519.5,257.8,1.94,-0.581,-0.323,0.747
42216.3,116864.7,209328.4,257.6,1.42,-0.522,-0.23,0.821
71853.0,114879.8,230605.2,230.5,1.36,-0.629,-0.243,0.737
79226.6,116284.0,236813.3,37.1,0.78,0.05,-0.774,0.633
8712.1,75644.2,167962.1,72.6,0.59,-0.384,-0.376,0.843
77461.3,139791.6,236064.8,140.9,1.19,-0.726,0.158,0.666
57771.8,113136.4,218096.7,267.8,0.16,-0.744,-0.006,0.669
97421.2,112896.9,231076.7,192.1,0.19,0.661,0.297,0.689
79681.5,137486.9,238645.5,207.1,0.2,-0.666,0.359,0.654
-11346.7,-212.7,158862.6,195.3,0.4,0.157,-0.191,0.968
16219.7,115371.5,195056.7,195.1,2.09,-0.327,-0.492,0.807
74601.4,123521.4,238268.5,306.1,0.18,-0.505,-0.664,0.551
59748.9,112799.4,219908.5,84.0,1.81,-0.194,-0.418,0.887
38795.9,104863.7,205587.7,250.5,0.84,-0.122,-0.111,0.986
31212.0,110599.9,200513.7,231.6,0.25,-0.638,-0.072,0.767
89502.9,130289.6,248844.7,171.7,0.24,-0.591,0.27,0.76
44342.7,83330.6,191973.0,186.0,0.82,-0.572,-0.305,0.761
69762.0,113365.0,227767.2,282.8,0.18,-0.534,-0.475,0.696
15460.0,56895.6,159564.2,99.2,0.49,-0.047,-0.344,0.938
20805.0,112012.6,194407.2,201.3,0.28,-0.345,-0.462,0.817
86427.7,124256.0,248043.6,60.1,0.92,-0.145,-0.719,0.683
83016.9,108994.1,235874.7,270.0,0.09,-0.345,-0.743,0.573
54309.9,119085.7,218163.3,213.9,0.79,-0.598,0.418,0.684
87222.4,121403.6,245977.3,264.2,0.27,-0.56,-0.278,0.779
39030.3,110205.8,205270.0,190.4,1.03,-0.463,-0.224,0.858
75508.7,120742.8,235534.0,237.8,0.46,-0.633,0.417,0.652
86170.9,127757.5,248532.0,72.5,2.03,-0.304,0.566,0.766
40485.8,110675.9,206198.6,245.8,0.34,-0.412,-0.31,0.857
29012.5,114814.7,200555.4,132.7,0.32,-0.417,-0.435,0.798
82179.3,120497.3,241990.4,220.3,0.77,-0.513,-0.05,0.855
77409.5,132780.4,238530.1,314.4,0.23,-0.412,0.515,0.75
85839.7,137987.9,242927.6,8.3,1.57,-0.619,0.208,0.756
12860.5,64750.0,162874.7,98.0,0.93,-0.073,-0.416,0.906
10885.7,123541.9,205266.3,247.6,1.01,0.473,-0.656,0.588
31640.5,120281.2,204882.2,174.0,0.24,-0.047,-0.763,0.641
59967.8,108175.3,217225.3,209.6,0.24,-0.526,-0.371,0.765
26038.3,-760.7,167684.2,40.4,0.3,-0.488,0.249,0.836
50585.9,98218.3,208085.0,225.1,0.26,-0.575,-0.352,0.739
29838.3,113821.3,200534.7,6.4,0.82,-0.601,-0.198,0.774
4434.0,-1532.0,158223.3,359.4,1.02,-0.098,0.17,0.98
54433.8,116981.7,218633.8,326.6,0.34,-0.585,-0.57,0.578
-29798.4,4606.9,153699.5,157.9,1.19,-0.382,-0.476,0.792
15205.5,107815.6,190503.7,103.9,0.61,-0.11,-0.611,0.784
32747.5,103529.2,201850.3,191.3,0.1,-0.703,0.404,0.585
75207.5,127211.4,239463.6,229.4,1.23,-0.579,0.303,0.754
22489.1,-10148.0,167717.2,71.3,0.39,-0.536,0.01,0.844
62461.0,120346.8,224058.1,121.6,0.39,-0.553,0.452,0.7
-19588.0,-60568.3,139710.9,80.5,0.69,-0.451,-0.12,0.884
59559.9,115803.5,222630.9,258.0,0.81,-0.575,-0.246,0.781
-2884.7,-1488.0,158231.1,358.1,0.44,0.072,0.164,0.983
37434.8,115712.3,206268.0,9.2,2.77,-0.415,-0.373,0.83
16509.7,9738.2,158269.0,123.9,0.34,-0.448,0.137,0.883
89882.2,132769.5,247900.0,163.4,0.58,-0.339,0.311,0.886
82619.4,109136.9,235953.6,311.3,1.6,-0.243,-0.711,0.659
77131.3,134026.9,238015.4,244.0,0.42,-0.633,0.25,0.733
74061.7,114163.1,231692.9,45.0,0.12,-0.358,-0.714,0.601
30979.9,112945.8,201261.0,53.6,0.79,-0.531,-0.332,0.779
73488.0,113519.2,230659.0,186.6,0.28,-0.258,-0.675,0.689
55556.6,117969.7,219775.0,30.5,0.63,-0.559,0.089,0.823
76887.9,109431.3,230435.6,187.7,0.4,-0.704,-0.156,0.693
69300.4,120231.1,229908.9,110.0,0.25,-0.561,0.426,0.71
75393.0,128606.0,239102.9,82.0,1.7,-0.635,0.179,0.752
10912.7,89042.0,175770.0,106.5,0.33,-0.326,-0.503,0.801
22844.0,59182.9,161399.2,172.5,0.38,-0.555,-0.023,0.832
13904.2,65224.3,163242.0,6.0,1.0,-0.051,-0.351,0.935
87992.1,122771.9,246858.4,14.7,0.29,-0.529,-0.041,0.841
80507.6,124370.0,242709.1,39.2,0.64,-0.751,-0.125,0.643
8918.9,69756.0,165139.4,13.2,0.8,-0.015,-0.437,0.899
-39653.5,-1114.9,147880.7,180.3,0.74,0.089,-0.46,0.884
59853.7,118846.4,222757.1,50.1,0.36,-0.565,0.478,0.672
23089.6,110512.9,194909.5,241.5,0.41,-0.496,-0.339,0.799
16718.3,9772.1,158369.1,206.3,2.09,-0.436,0.105,0.894
75502.5,124789.0,240764.4,32.6,1.06,-0.582,-0.486,0.652
15711.7,95378.3,183070.3,187.4,0.14,-0.742,-0.307,0.597
58772.9,117408.5,222329.8,322.6,0.25,-0.601,0.169,0.781
68924.0,120606.7,229378.8,150.4,0.2,-0.589,0.381,0.713
29943.7,111546.6,199926.6,314.8,2.54,-0.532,-0.288,0.796
67013.4,120122.1,227839.3,258.5,0.52,-0.469,0.413,0.78
61056.3,110675.3,219416.9,257.0,0.61,-0.609,-0.322,0.725
21426.3,50774.3,159106.9,324.7,0.32,-0.47,-0.156,0.869
69930.8,114121.3,228657.7,243.5,0.88,-0.342,-0.63,0.696
-2231.4,106178.3,203811.2,205.2,0.75,0.374,-0.446,0.813
93011.5,110264.4,236427.8,16.7,0.56,0.732,-0.025,0.681
75755.8,112509.0,231484.0,49.6,0.25,-0.214,-0.574,0.789
66926.9,113073.0,224505.5,310.4,0.39,-0.521,-0.631,0.574
39639.5,109562.0,205399.5,70.1,1.66,-0.419,-0.242,0.875
13607.0,68090.1,164496.7,343.3,2.97,-0.019,-0.415,0.91
75489.4,121215.6,235202.9,355.7,1.12,-0.673,0.361,0.645
92131.1,129586.7,248145.1,323.5,1.36,0.223,0.669,0.707
82333.7,125599.5,244981.7,323.7,0.2,-0.694,-0.08,0.713
70160.9,119070.6,231309.7,119.4,0.59,-0.587,0.25,0.77
16577.1,61149.7,161114.7,157.9,0.31,0.029,-0.396,0.918
86366.9,107664.9,238957.6,257.4,1.0,-0.424,0.533,0.732
32276.2,58020.5,166370.3,283.4,2.94,-0.506,-0.22,0.834
93852.4,106220.3,232248.9,166.9,0.41,0.719,-0.35,0.601
56029.4,117717.2,220069.7,193.2,0.27,-0.615,0.075,0.784
28379.9,108966.9,198217.4,306.7,0.45,-0.6,0.053,0.798
35699.3,110558.7,203574.5,55.3,2.23,-0.516,-0.267,0.814
41083.1,104621.2,206003.9,316.6,0.34,-0.404,-0.048,0.914
43724.1,103740.2,206702.7,203.2,0.56,-0.091,-0.374,0.923
-25274.5,-3984.7,150501.2,205.9,0.3,-0.237,-0.371,0.898
-29052.6,-109368.1,139547.5,106.3,0.3,-0.032,0.093,0.995
-18522.2,6108.2,158088.4,155.5,0.41,-0.33,-0.346,0.878
56767.8,133392.7,226652.1,64.6,0.22,-0.337,0.607,0.72
-7253.9,-98663.2,143476.7,355.0,0.32,0.059,0.024,0.998
46922.0,101750.3,207753.3,78.0,0.3,-0.431,-0.243,0.869
89523.2,130580.3,248740.0,358.5,1.26,-0.552,0.264,0.791
83837.1,119232.9,241907.6,359.0,1.04,-0.561,-0.467,0.683
57129.2,100078.7,212992.7,55.2,1.45,-0.389,-0.401,0.829
32004.9,112220.4,201523.8,348.9,0.31,-0.426,-0.383,0.82
86315.8,140471.4,243187.7,295.6,0.28,-0.607,-0.027,0.794
27060.1,118086.8,200830.9,59.3,0.7,-0.487,-0.323,0.812
13618.0,66651.0,163839.1,345.8,0.44,-0.054,-0.423,0.904
86720.8,121482.7,245689.3,343.8,0.65,-0.535,-0.388,0.75
52827.4,93691.0,207307.9,275.7,0.27,-0.586,0.01,0.81
29052.7,60188.3,164754.4,195.7,1.96,-0.514,-0.135,0.847
67368.3,116598.6,228982.4,344.1,0.59,-0.721,0.089,0.686
21147.9,113478.2,195528.4,182.4,1.55,-0.19,-0.576,0.795
59897.0,115543.5,222726.2,197.3,0.28,-0.493,-0.282,0.823
36442.5,109341.1,203636.7,38.4,3.04,-0.486,-0.228,0.843
25980.9,110443.5,196796.5,214.4,1.05,-0.593,-0.178,0.785
59652.5,115623.1,222631.1,76.0,0.35,-0.544,-0.241,0.804
39142.1,15393.5,178706.1,203.7,0.2,-0.292,0.625,0.717
59075.4,121142.8,221570.8,3.1,0.29,-0.489,-0.36,0.795
77625.3,125254.0,242756.0,89.2,1.14,-0.605,-0.485,0.618
86693.7,121083.5,245486.0,168.0,0.25,-0.607,-0.135,0.781
6807.2,111681.2,202067.9,320.1,0.33,0.687,-0.039,0.726
33772.6,103321.4,203100.0,282.9,0.8,-0.714,0.294,0.636
11788.3,84628.1,173148.1,41.2,0.37,-0.09,-0.468,0.878
10544.2,293.5,159222.4,344.2,0.42,-0.261,0.385,0.885
18560.1,121874.3,200934.3,226.1,0.43,0.016,-0.624,0.781
-27854.8,5980.2,155234.7,287.1,0.34,-0.269,-0.446,0.854
42691.9,105611.0,206912.4,107.7,2.96,-0.299,-0.034,0.953
46964.6,107899.0,209673.4,197.5,0.85,-0.583,-0.367,0.725
85616.9,127498.9,248358.5,220.4,0.35,-0.403,0.299,0.864
83680.7,125388.8,246715.0,274.2,0.26,-0.766,0.21,0.606
34249.9,103103.6,203790.0,154.4,0.26,-0.547,0.506,0.667
61241.0,124361.5,231449.1,5.8,0.23,-0.548,-0.565,0.616
28344.8,108556.6,198232.2,289.5,0.91,-0.575,0.254,0.778
70100.2,124876.0,237136.0,191.0,0.17,-0.254,-0.741,0.621
15672.1,95064.7,182823.1,158.1,0.36,-0.729,-0.338,0.597
82203.4,120305.5,241969.8,222.8,1.04,-0.409,-0.276,0.865
-14994.5,3224.6,157634.3,100.4,0.3,-0.319,-0.364,0.874
20262.4,112712.5,194752.2,293.8,0.45,-0.161,-0.584,0.796
36746.4,110169.0,204013.4,1.3,0.35,-0.478,-0.253,0.841
25640.1,114988.4,198601.9,287.9,0.82,-0.54,-0.284,0.792
15660.1,95585.1,183085.9,140.0,0.19,-0.737,-0.276,0.618
36864.7,109140.5,203820.4,93.6,0.91,-0.494,-0.182,0.85
82528.4,120575.5,242188.3,63.5,0.86,-0.514,-0.149,0.841
31144.8,112863.8,201340.0,105.3,0.75,-0.497,-0.371,0.784
66424.9,113688.4,224579.5,157.1,0.26,-0.525,-0.618,0.584
-29087.1,6194.5,154962.5,232.5,2.18,-0.252,-0.504,0.826
40699.8,105796.1,205897.9,156.0,0.91,-0.466,0.036,0.884
41336.8,104618.5,206136.6,138.5,0.3,-0.501,-0.087,0.861
81551.8,121354.4,241254.0,174.7,0.83,-0.542,0.349,0.764
61072.9,121474.2,222970.3,277.9,0.09,-0.379,-0.747,0.569
81702.7,136261.9,240830.6,355.7,2.4,-0.206,0.607,0.768
87865.6,121412.3,246423.8,9.0,0.24,-0.534,-0.344,0.772
94716.9,141521.7,238213.2,244.9,0.61,0.459,0.484,0.744
47612.9,105513.8,209283.9,28.5,0.4,-0.474,-0.343,0.811
58928.8,117806.4,222350.4,304.1,1.12,-0.636,0.213,0.742
97679.3,122410.1,232034.3,174.5,0.19,0.713,0.0,0.696
28670.3,100864.7,199721.9,263.3,1.25,-0.588,0.106,0.802
17934.9,121638.8,200757.8,338.8,0.18,-0.249,-0.762,0.603
23635.5,109154.4,194927.6,349.1,0.86,-0.526,0.113,0.842
17714.7,60612.4,160818.9,15.3,0.3,0.053,-0.31,0.949
78181.7,124087.6,241534.4,129.6,1.47,-0.462,-0.591,0.66
94476.0,115412.6,232275.9,13.6,0.12,0.808,0.068,0.587
50229.9,116672.1,213162.7,68.0,0.49,0.107,-0.573,0.812
31474.0,101249.9,201846.6,181.4,0.26,-0.6,0.336,0.726
87795.2,122864.2,246607.4,131.5,1.72,-0.601,-0.382,0.696
-35869.3,2275.9,150157.2,261.3,0.53,-0.063,-0.574,0.816
72415.1,120051.8,232895.6,174.0,0.13,-0.766,0.21,0.606
45602.1,103431.1,207453.6,220.7,2.36,-0.469,-0.227,0.854
73421.5,102196.4,225571.8,217.5,1.76,-0.567,-0.155,0.809
30287.2,121331.7,206246.6,170.5,0.68,-0.03,-0.738,0.675
34498.7,104248.6,203137.5,223.3,1.01,-0.594,0.495,0.634
62709.3,128668.4,232999.0,164.8,0.25,-0.27,0.538,0.786
57813.4,116001.8,221125.0,255.3,0.52,-0.492,-0.549,0.674
45123.6,98200.5,205028.7,356.3,1.69,-0.3,-0.542,0.785
85618.4,121568.3,244844.6,103.8,0.21,-0.712,-0.047,0.7
41941.7,102256.6,205691.1,216.6,0.52,-0.25,-0.534,0.807
6848.7,63881.1,162431.6,114.0,0.3,-0.054,-0.353,0.933
70311.5,99530.2,224097.1,201.2,0.53,-0.628,0.302,0.717
57250.0,110410.9,216665.1,247.4,1.17,-0.656,-0.306,0.689
67531.0,114835.0,227439.1,87.2,0.13,-0.466,-0.676,0.571
34666.7,104052.1,203454.5,134.6,0.16,-0.589,0.461,0.664
57486.8,116112.2,221121.0,200.2,0.63,-0.533,-0.645,0.551
32761.0,110141.9,201612.0,89.1,0.31,-0.541,-0.103,0.835
17814.2,56125.8,159463.5,38.3,0.45,-0.187,-0.208,0.96
15664.2,68152.6,164526.7,336.7,0.35,0.024,-0.419,0.908
64890.9,128044.1,235251.0,300.8,1.04,0.267,0.706,0.656
59607.5,119132.7,222328.0,87.3,0.21,-0.522,0.448,0.726
54803.7,119015.3,218571.4,124.1,0.18,-0.551,0.466,0.693
31498.8,104222.1,199883.0,205.8,0.29,-0.617,0.077,0.783
61770.3,96102.0,217527.7,279.3,1.45,-0.738,0.024,0.674
23737.8,60870.0,161902.1,325.2,0.33,-0.368,-0.149,0.916
15201.8,112659.9,192983.3,141.9,0.76,-0.38,-0.462,0.801
57827.1,116091.5,221212.8,174.0,0.41,-0.456,-0.607,0.651
59101.0,120265.3,221448.3,31.7,0.24,-0.534,0.343,0.772
31997.8,110508.9,201108.3,60.7,0.84,-0.601,-0.02,0.799
67119.5,96688.0,222865.5,94.7,1.01,-0.641,0.155,0.749
69964.5,126051.0,236995.8,276.5,0.17,0.155,0.735,0.649
61753.9,127804.9,232975.9,350.3,1.04,-0.487,0.452,0.747
-29065.4,1834.8,152272.6,199.8,0.97,-0.233,-0.461,0.856
19189.8,53964.6,158947.2,139.6,0.56,-0.011,-0.214,0.976
70180.9,91314.8,226108.5,189.4,0.15,-0.667,0.365,0.649
27354.9,112127.6,198219.3,177.4,1.72,-0.592,-0.197,0.781
17377.5,10683.5,158719.3,254.8,0.47,-0.532,0.044,0.846
57689.8,91798.2,212175.1,166.7,0.56,-0.79,0.197,0.58
107630.4,122473.3,217934.4,30.8,0.4,0.469,0.484,0.739
18476.2,62628.4,161759.4,9.8,0.38,-0.154,-0.482,0.862
77524.9,112037.5,231478.2,184.2,0.64,-0.591,-0.274,0.758
-52750.7,-117749.4,143617.0,141.5,1.9,0.337,0.256,0.906
4824.3,114237.2,203340.3,44.8,0.89,0.526,-0.036,0.85
-11132.7,-3703.1,157232.5,168.7,1.64,-0.442,-0.183,0.877
42122.1,104788.9,206570.0,117.7,0.84,-0.354,-0.129,0.926
73864.0,109709.0,227459.0,126.2,1.33,-0.697,-0.105,0.709
58668.8,117631.6,222170.5,70.1,0.46,-0.616,0.249,0.747
79829.8,140505.7,237556.1,343.2,0.42,-0.623,0.235,0.746
58666.7,117758.3,222105.9,42.9,0.79,-0.627,0.273,0.729
32930.5,102934.0,202240.1,296.7,0.25,-0.69,0.288,0.664
85147.7,122195.6,244011.1,144.4,0.17,-0.742,0.13,0.657
40814.8,106104.5,205928.8,316.0,0.61,-0.455,0.162,0.875
62041.8,115374.9,224528.4,151.2,1.12,-0.544,-0.442,0.714
60115.0,128554.7,231963.2,52.7,0.38,0.051,0.785,0.617
89619.1,112254.5,241473.9,321.2,0.19,0.685,0.193,0.702
67174.1,113492.0,225000.9,212.7,0.82,-0.451,-0.623,0.641
60926.1,105545.8,216771.7,186.1,0.55,-0.558,-0.313,0.769
62266.2,114337.6,223898.0,148.5,0.16,-0.216,-0.732,0.648
58679.9,114256.7,220692.6,341.0,0.83,-0.461,-0.688,0.559
70906.2,120953.0,230810.6,321.0,0.19,-0.628,-0.447,0.637
61885.4,116057.0,224716.2,163.0,0.93,-0.472,-0.283,0.835
33399.4,64008.0,168014.7,89.1,0.28,-0.571,-0.065,0.818
70555.5,111347.6,226242.5,290.5,0.73,-0.393,-0.726,0.564
60126.1,116030.0,223043.4,264.4,0.69,-0.603,-0.332,0.725
62624.5,112705.0,221846.0,266.8,0.32,-0.324,-0.525,0.787
3835.4,-8061.1,161045.1,223.7,1.22,-0.317,0.381,0.868
22983.2,110719.0,194936.1,288.7,2.3,-0.456,-0.415,0.787
-12903.4,5972.7,158236.7,231.2,0.33,-0.078,-0.004,0.997
12357.3,4715.9,158273.4,23.5,0.34,-0.307,-0.181,0.934
47408.2,108472.0,210168.4,241.2,0.33,-0.45,-0.221,0.864
46355.4,130002.5,229331.4,355.8,1.01,-0.541,0.575,0.614
19270.1,4985.5,161803.8,260.1,0.85,-0.471,0.273,0.839
59351.5,113824.2,220377.5,149.6,0.68,-0.279,-0.547,0.788
97737.5,116708.0,228847.2,278.4,1.06,0.667,0.187,0.721
70946.9,115052.8,230259.8,205.1,0.12,-0.098,-0.791,0.604
71216.9,113082.3,229199.3,162.9,0.36,-0.636,-0.404,0.657
58372.2,101638.2,214179.5,314.0,2.04,-0.56,-0.002,0.829
70981.1,131105.9,234393.4,237.5,0.14,-0.674,0.401,0.622
14769.8,104230.7,187758.4,14.8,0.39,-0.369,-0.42,0.829
59840.4,115307.9,222626.8,98.5,0.64,-0.455,-0.352,0.818
44917.6,97287.0,204262.1,12.9,0.19,-0.338,-0.633,0.697
-14820.4,-95847.5,141099.6,4.6,0.31,-0.54,0.293,0.789
12971.4,60922.7,161080.9,227.4,1.65,-0.066,-0.413,0.908
58932.9,112821.9,219503.3,267.0,0.56,-0.679,-0.366,0.637
32198.7,111173.9,201305.7,333.6,2.52,-0.555,-0.134,0.821
85145.5,124244.4,247861.4,262.9,0.24,-0.318,-0.657,0.691
23230.4,112995.8,196368.5,203.6,2.18,-0.49,-0.328,0.807
68259.4,119726.1,229196.1,350.2,0.39,-0.711,0.37,0.598
5340.7,-785.2,158217.2,310.2,0.3,-0.224,0.236,0.946
57890.0,128341.9,232719.9,147.8,0.32,0.224,0.67,0.708
36632.5,109924.7,203886.0,346.3,0.3,-0.474,-0.224,0.852
35821.0,104183.9,204305.8,215.7,1.21,-0.526,0.452,0.72
54375.1,118953.3,218309.4,305.1,0.19,-0.572,0.42,0.705
64469.5,99943.3,218920.2,148.2,0.17,-0.72,0.152,0.677
44413.7,99210.8,205451.1,152.2,1.52,-0.208,-0.519,0.829
83556.5,107663.8,235044.8,248.6,0.14,-0.678,-0.362,0.639
79506.2,102485.7,229955.5,63.5,2.1,-0.581,0.125,0.804
101089.4,115507.1,226744.9,250.6,0.2,0.566,0.422,0.707
57972.9,110252.7,217058.0,310.9,0.35,-0.538,-0.272,0.798
31267.4,120975.3,205949.4,73.3,0.13,0.2,-0.8,0.566
89610.1,128591.4,249658.3,163.5,0.31,-0.442,-0.266,0.847
87195.8,121389.7,245951.3,194.3,0.3,-0.564,-0.272,0.778
70784.9,125017.2,237670.7,183.7,0.24,-0.43,-0.587,0.687
86041.8,125912.2,248576.6,287.9,0.21,-0.612,0.292,0.735
80678.1,127212.6,246441.7,135.9,0.44,-0.248,0.58,0.774
31519.0,112557.6,201369.4,130.5,0.6,-0.46,-0.395,0.795
-37237.4,135.7,148606.5,326.8,0.28,-0.122,-0.56,0.819
89114.6,127505.8,249113.4,246.6,1.4,0.407,-0.575,0.701
90107.4,137249.3,247088.6,269.6,1.67,0.034,0.543,0.823
74493.8,132235.6,237898.9,244.0,1.71,-0.602,0.313,0.735
87267.4,124985.0,248998.4,179.0,0.27,-0.126,-0.568,0.807
39857.2,109418.8,205478.1,348.4,0.97,-0.417,-0.253,0.873
75129.7,111302.7,230012.2,290.1,0.12,-0.205,-0.788,0.58
-16272.3,-5051.7,153902.9,207.0,0.67,-0.371,-0.242,0.896
42145.3,105952.8,206617.3,191.5,2.6,-0.441,0.208,0.873
85988.8,137506.5,243217.4,181.8,0.28,-0.481,0.395,0.781
46638.8,98005.7,205534.8,190.5,0.38,-0.433,-0.439,0.787
76735.6,110765.1,230596.2,231.2,1.11,-0.677,-0.013,0.736
39834.0,110521.8,205799.1,211.3,0.8,-0.449,-0.301,0.841
104089.8,121637.4,220902.2,148.6,0.29,0.642,0.32,0.696
24238.1,108750.6,195392.0,17.4,0.27,-0.517,0.285,0.806
28776.0,69834.2,167493.5,280.6,0.21,-0.434,-0.704,0.564
19022.8,63129.3,162168.3,236.7,2.69,-0.18,-0.511,0.841
85224.6,120503.0,244163.9,166.8,0.16,-0.473,-0.586,0.657
84682.7,131083.3,245753.5,357.7,0.24,-0.332,0.551,0.765
19177.7,62819.7,162010.9,244.9,0.65,-0.175,-0.5,0.848
47355.3,117895.8,212740.7,190.1,0.72,-0.492,-0.427,0.759
59187.2,115879.3,222308.9,241.1,0.29,-0.62,-0.408,0.67
56839.9,110542.0,216328.5,235.1,0.19,-0.783,-0.205,0.587
11267.1,83451.8,172479.2,327.2,0.34,-0.325,-0.444,0.833
16461.4,-1020.7,162477.7,332.1,1.25,-0.473,0.446,0.759
23763.0,111873.0,196122.9,315.2,0.43,-0.419,-0.436,0.797
-29225.0,3759.8,153415.4,231.7,0.28,-0.273,-0.5,0.822
40742.2,101446.7,205157.4,223.7,3.01,0.038,-0.513,0.857
46871.2,106206.8,209015.6,359.6,0.22,-0.628,-0.26,0.734
33240.8,122674.3,207697.7,290.8,0.72,-0.341,-0.728,0.593
89466.3,112164.7,241623.7,293.9,0.21,0.681,0.163,0.714
15542.9,94917.2,182558.1,3.1,0.36,-0.657,-0.348,0.671
15509.3,107353.0,190104.6,342.9,1.82,0.04,-0.668,0.743
17082.7,54955.9,159033.9,281.0,1.39,-0.12,-0.288,0.95
34274.7,101076.7,205284.1,225.1,0.43,-0.508,-0.073,0.851
-28486.5,1699.3,152362.4,321.7,0.81,-0.182,-0.488,0.853
74623.0,125903.7,239883.0,227.8,0.81,-0.429,0.379,0.82
41678.7,94671.6,200858.8,217.7,0.23,0.077,-0.644,0.761
-29965.1,-5190.3,149046.3,293.6,0.43,-0.153,-0.239,0.959
86254.4,97824.4,236242.2,350.8,0.6,-0.223,0.725,0.65
65880.3,114173.2,224805.6,41.7,0.25,-0.158,-0.724,0.672
21893.6,114230.1,196276.3,25.0,0.3,-0.229,-0.578,0.783
57972.0,119633.0,220584.3,295.5,0.46,-0.73,0.206,0.652
35710.1,113089.4,204118.8,323.7,2.16,-0.604,-0.091,0.792
73890.1,112413.6,230239.2,349.3,0.32,-0.54,-0.462,0.704
55469.0,119671.3,218686.0,87.9,0.59,-0.567,0.173,0.802
10972.7,83973.2,172515.7,139.7,2.77,-0.348,-0.418,0.838
47044.5,103558.6,208284.0,233.8,2.83,-0.39,-0.361,0.847
57607.0,110316.8,216937.1,128.1,1.86,-0.521,-0.366,0.771
34394.8,109490.7,202493.9,70.1,2.26,-0.475,-0.238,0.847
17391.7,116350.6,196173.6,346.4,2.22,-0.347,-0.492,0.798
81990.3,122094.4,241245.4,205.0,0.35,-0.587,0.281,0.758
61977.6,98787.7,217113.4,199.7,0.22,-0.682,0.065,0.728
83420.6,132886.3,243971.1,258.9,0.26,-0.276,0.541,0.794
15974.6,65561.6,163176.7,201.3,0.65,0.128,-0.412,0.902
80651.8,129888.2,244446.9,37.1,0.76,-0.294,0.609,0.718
87968.8,127037.2,249650.2,239.2,0.43,0.396,0.192,0.884
65394.0,105056.7,220034.3,217.6,0.17,-0.689,-0.299,0.66
29139.4,102102.3,199498.7,190.4,0.52,-0.306,0.448,0.84
40761.7,102265.4,205551.2,188.0,1.46,-0.109,-0.391,0.914
86078.5,125804.5,248674.3,147.4,0.47,-0.607,0.273,0.746
74359.0,100821.3,225974.4,346.7,0.27,-0.586,0.11,0.797
24885.3,116504.9,198871.7,30.1,0.3,-0.368,-0.513,0.776
15915.1,53698.5,158463.5,199.4,1.81,-0.247,-0.373,0.894
55267.8,119338.4,218673.4,303.6,0.21,-0.514,0.458,0.725
84499.6,134253.6,243709.8,165.4,1.64,-0.404,0.443,0.8
60686.0,114200.8,222239.2,172.0,0.21,-0.54,-0.632,0.556
63801.7,97345.0,219579.8,314.0,0.25,-0.662,0.185,0.727
47758.6,95373.6,204449.3,8.4,0.13,-0.614,-0.53,0.584
99222.4,134427.3,242402.1,250.0,0.15,0.011,0.764,0.642
-18730.3,6091.6,157996.5,92.2,0.37,-0.323,-0.388,0.863
39803.9,110827.9,205907.1,35.7,2.93,-0.473,-0.274,0.837
27818.9,116946.6,200843.4,84.7,0.3,-0.584,-0.229,0.778
82642.2,121229.8,242167.3,133.4,0.19,-0.609,0.356,0.708
18002.4,122694.5,201633.0,274.0,1.12,-0.228,-0.6,0.767
48127.1,90490.7,202250.3,300.3,0.33,-0.757,-0.094,0.644
37613.3,110444.7,204577.8,309.3,0.34,-0.461,-0.244,0.853
27008.9,118324.7,200889.3,259.3,0.5,-0.455,-0.353,0.817
36740.7,109670.2,203890.1,289.4,0.34,-0.479,-0.217,0.851
84824.6,121596.6,244086.4,222.3,0.19,-0.648,0.296,0.7
22085.1,115468.2,197331.9,251.8,0.22,-0.046,-0.669,0.742
32861.3,111071.1,201767.3,74.5,1.26,-0.582,-0.144,0.8
57852.4,123423.1,227687.4,140.3,0.15,-0.363,-0.684,0.633
75027.6,110641.6,228902.2,99.3,0.19,-0.502,-0.581,0.637
93971.6,117266.1,233185.9,3.1,0.5,0.798,-0.11,0.592
39462.6,106147.5,205469.1,117.3,0.56,-0.232,0.437,0.869
13858.8,4808.0,158812.9,312.7,1.53,-0.412,-0.155,0.897
85053.0,110845.1,238101.6,144.1,0.2,-0.652,0.268,0.709
86087.8,122058.2,245324.2,352.8,0.17,-0.698,0.248,0.671
25376.0,112686.0,197472.8,150.3,0.24,-0.441,-0.464,0.768
39843.6,101950.1,205376.9,335.3,0.71,-0.059,-0.261,0.963
58193.7,112892.2,218674.1,31.6,0.14,-0.783,-0.03,0.621
51830.0,102531.3,210680.4,243.5,1.34,-0.582,-0.327,0.745
-30515.2,12221.3,163849.8,219.1,0.35,-0.249,-0.522,0.815
78836.6,135484.1,239355.9,325.2,0.15,0.215,0.739,0.638
-35139.2,3030.9,150851.8,308.4,1.85,-0.13,-0.578,0.806
-25613.0,4615.0,154767.1,44.1,0.94,-0.314,-0.46,0.83
55962.2,118879.6,219426.9,18.9,0.19,-0.434,0.554,0.708
72260.1,129831.6,236666.9,350.9,1.89,-0.34,0.349,0.872
87728.8,125839.3,249840.4,265.4,0.31,0.097,-0.468,0.875
88206.4,126324.4,249514.2,321.1,0.25,0.725,0.115,0.682
47586.5,106132.3,209472.0,66.9,1.48,-0.47,-0.146,0.87
66897.9,120056.7,227807.7,294.8,1.68,-0.46,0.434,0.775
17128.5,95805.2,185077.1,292.9,0.21,-0.675,-0.146,0.723
50107.8,93558.3,205612.1,219.1,0.3,-0.498,-0.408,0.765
15765.7,94495.0,182656.2,116.7,0.08,-0.799,-0.216,0.562
46291.3,103850.4,207975.3,67.3,0.44,-0.486,-0.189,0.853
81722.3,120779.1,241586.9,65.3,0.27,-0.568,0.227,0.791
80402.3,108403.4,232971.4,258.5,0.16,-0.469,-0.587,0.66
81686.1,130426.6,244659.1,333.9,0.47,-0.676,0.347,0.65
84398.9,111462.3,237483.0,209.3,0.34,-0.592,-0.162,0.789
41302.2,105344.8,206163.8,351.5,1.62,-0.476,-0.049,0.878
59305.7,121350.2,221791.3,145.2,1.21,-0.477,-0.448,0.755
48833.3,107348.8,210585.1,13.2,0.45,-0.418,-0.194,0.887
71250.6,129801.6,235863.6,210.7,0.25,-0.585,0.395,0.708
93335.4,127979.9,247895.2,170.5,0.5,0.681,-0.176,0.709
66235.9,127664.9,235544.0,44.5,0.21,-0.223,0.638,0.734
68246.7,119279.2,229439.8,89.6,0.62,-0.687,0.401,0.606
18613.8,60938.9,160980.3,152.1,2.13,-0.181,-0.325,0.928
57002.1,118603.9,220328.1,158.7,0.53,-0.465,0.415,0.782
79347.4,126651.0,245705.9,318.1,0.25,-0.794,-0.165,0.58
59249.2,101414.8,214691.8,199.4,1.16,-0.551,-0.139,0.823
83170.5,121569.4,242479.6,227.1,0.47,-0.668,0.384,0.638
37147.6,112030.1,204836.4,349.4,0.99,-0.488,-0.272,0.829
92535.7,127902.2,248576.2,2.5,0.47,0.302,-0.647,0.693
42910.3,93879.9,200340.8,262.5,1.17,-0.064,-0.554,0.83
82630.7,133615.2,243026.1,73.8,1.29,-0.262,0.617,0.741
35867.3,108494.0,203072.8,332.3,0.47,-0.549,-0.136,0.824
35912.5,109358.8,203317.8,319.1,0.31,-0.484,-0.251,0.838
-27474.7,-10900.2,147562.7,96.3,3.04,-0.305,-0.22,0.927
34246.1,106973.5,201847.6,234.9,0.17,-0.664,0.311,0.68
77915.3,111732.9,231743.4,176.6,0.71,-0.621,-0.198,0.758
93036.0,136632.8,242042.3,96.9,0.13,0.73,0.3,0.615
14873.3,-3997.9,162815.3,226.3,1.03,-0.516,0.334,0.789
14362.0,89463.8,178832.3,242.6,0.33,-0.254,-0.57,0.781
65881.8,113562.5,224059.2,260.9,0.1,-0.159,-0.795,0.585
34153.1,60351.8,168012.7,88.6,0.87,-0.545,-0.151,0.825
57781.7,101481.3,213751.5,49.5,0.28,-0.586,-0.145,0.797
36437.3,106744.0,203797.8,23.8,0.94,-0.371,0.18,0.911
39332.8,93175.5,198164.2,2.8,0.3,-0.693,0.001,0.72
-7037.1,1660.8,158190.0,196.2,0.69,0.214,0.219,0.952
36207.3,94945.7,193725.9,64.1,0.85,-0.519,-0.409,0.734
40962.6,105724.3,206047.5,358.4,0.31,-0.434,0.009,0.901
54576.6,118879.8,218452.1,290.7,0.27,-0.574,0.423,0.701
53129.9,114224.9,213696.3,83.1,0.47,-0.561,-0.19,0.806
-29161.6,-12128.0,146687.2,245.6,0.29,-0.649,-0.268,0.713
-32897.3,16324.2,164713.7,218.8,0.32,0.413,-0.295,0.862
86842.6,118209.9,244019.1,22.8,0.34,-0.543,-0.626,0.56
19289.5,110448.2,193055.5,86.1,0.3,-0.201,-0.579,0.789
86829.8,124102.4,247963.7,328.8,0.21,-0.153,-0.81,0.572
54878.8,133506.6,226050.9,6.6,0.28,-0.197,0.682,0.704
83754.0,128520.6,247066.2,310.7,0.5,-0.446,0.407,0.797
19878.7,47156.1,158489.6,12.7,1.55,-0.278,-0.121,0.953
83166.6,119776.4,241875.0,111.0,0.6,-0.3,-0.677,0.672
-34967.5,3804.0,151429.9,84.2,0.42,-0.209,-0.54,0.816
84711.6,122269.5,243613.9,282.1,0.25,-0.661,-0.041,0.742
-30123.8,1435.4,151725.9,82.3,2.63,-0.297,-0.518,0.802
-27697.9,6580.4,155660.1,340.8,0.26,-0.371,-0.481,0.794
-17819.6,5866.4,158427.0,215.5,0.3,-0.433,-0.214,0.875
22990.0,110475.2,194828.9,142.2,1.69,-0.498,-0.338,0.798
60358.9,114930.9,222725.1,317.7,0.6,-0.426,-0.534,0.73
21362.0,110472.0,193825.0,13.5,0.26,-0.365,-0.537,0.759
24997.1,108704.5,195893.7,265.3,0.29,-0.505,0.201,0.838
80427.1,109044.1,233564.8,37.5,0.47,-0.595,-0.569,0.568
16578.6,64074.2,162500.8,161.3,2.29,0.095,-0.365,0.926
23076.0,49232.5,159669.2,332.9,0.3,-0.426,-0.105,0.898
21816.6,108533.7,193887.1,135.6,0.25,-0.566,0.253,0.785
18582.1,62314.4,161605.5,124.1,2.3,-0.155,-0.466,0.871
32282.5,110235.3,201308.4,4.3,1.47,-0.563,-0.06,0.824
30648.6,129627.9,216252.7,270.9,0.13,-0.78,0.03,0.625
100366.6,117742.6,225893.3,358.7,0.56,0.71,0.035,0.701
87962.5,119396.0,245308.7,116.7,0.89,-0.481,-0.375,0.792
29793.6,57437.2,164706.6,338.5,1.67,-0.544,-0.103,0.833
57145.2,118371.5,220542.2,121.9,1.63,-0.482,0.462,0.745
86700.9,119085.6,244573.9,308.7,0.94,-0.416,-0.449,0.791
87474.3,124571.1,248783.9,301.0,1.1,0.274,-0.665,0.683
-28722.9,2488.2,152810.1,126.2,2.06,-0.254,-0.548,0.797
81969.8,120689.3,241806.4,73.3,1.14,-0.579,0.17,0.797
-12713.3,2758.1,158992.4,355.6,0.32,0.132,0.223,0.965
12741.0,126919.9,206806.0,56.5,0.32,0.138,-0.774,0.617
18563.6,58422.0,160153.5,292.2,0.3,-0.186,-0.282,0.941
84162.5,129302.1,246774.2,206.3,0.28,-0.262,0.51,0.82
36399.8,108406.4,203412.2,280.0,0.3,-0.546,-0.035,0.837
88781.5,100608.3,235192.9,203.3,0.1,0.792,0.226,0.567
65350.8,113738.7,224338.2,103.2,0.17,-0.105,-0.777,0.622
37166.8,107960.5,203875.4,18.1,2.1,-0.492,0.029,0.87
67247.1,113295.6,224889.8,350.0,0.18,-0.403,-0.602,0.69
107761.1,125003.3,215864.4,80.1,0.42,0.298,0.562,0.772
97558.3,130578.6,244628.9,299.9,0.21,0.752,-0.14,0.645
22563.9,112477.5,195727.9,16.3,0.6,-0.469,-0.396,0.79
31572.5,57520.9,165847.5,112.1,2.75,-0.458,-0.233,0.858
10420.1,80929.1,170878.1,339.8,0.75,-0.511,-0.218,0.831
87488.5,120381.6,245729.5,125.5,0.48,-0.311,-0.605,0.733
70810.5,120298.5,231022.0,85.2,1.47,-0.603,0.429,0.673
43007.5,102771.3,206120.5,69.9,0.45,-0.014,-0.545,0.838
62816.3,119938.5,224582.1,146.9,0.25,-0.508,0.44,0.74
84690.1,103286.4,236249.0,211.1,0.18,-0.723,0.1,0.682
-30016.5,-115.5,151002.0,101.7,0.54,-0.32,-0.256,0.912
86680.3,126034.4,249083.8,102.5,0.26,-0.675,0.109,0.73
53597.0,106472.7,212890.9,69.7,0.51,-0.485,-0.182,0.855
12793.9,-6662.8,162628.3,96.4,2.64,-0.464,0.37,0.805
82356.9,125919.2,245052.4,67.3,0.22,-0.448,-0.569,0.677
21022.1,108416.1,193315.7,270.3,2.3,-0.588,0.091,0.804
63633.5,106674.0,218996.4,88.6,0.38,-0.505,-0.387,0.771
107691.4,123174.3,217312.6,96.0,0.13,0.546,0.562,0.62
87639.1,121648.3,246414.8,338.2,0.34,-0.539,-0.375,0.754
84555.7,125626.8,247399.2,98.7,0.15,-0.72,0.243,0.65
59805.9,106031.6,216248.2,339.5,0.26,-0.516,-0.33,0.79
60309.6,125969.4,233512.2,235.6,0.7,-0.738,-0.313,0.6
38921.1,84158.1,190331.2,145.2,1.76,-0.21,-0.681,0.702
22119.1,112376.7,195423.1,22.7,0.32,-0.507,-0.339,0.792
-27291.9,5213.0,154955.2,14.4,2.86,-0.129,-0.555,0.822
29126.3,114606.1,200492.0,118.7,0.28,-0.404,-0.434,0.806
82025.5,112213.4,235707.7,331.1,0.74,-0.674,-0.151,0.723
29719.6,59994.6,165105.5,30.7,0.59,-0.519,-0.12,0.846
44347.1,97795.3,204507.8,12.0,0.28,-0.268,-0.668,0.694
39498.9,108890.0,205131.4,110.9,0.58,-0.382,-0.322,0.866
72858.7,126834.2,238501.6,137.3,0.24,-0.513,0.367,0.776
83012.9,125327.7,245880.9,292.7,0.26,-0.763,0.12,0.635
32238.7,54538.7,165023.4,266.1,0.31,-0.51,-0.028,0.857
14835.1,65084.0,163159.5,177.6,0.3,0.113,-0.366,0.924
49602.3,118579.3,214098.6,225.8,0.37,-0.33,-0.527,0.78
87190.8,119905.3,245216.8,98.5,0.73,-0.382,-0.505,0.774
88461.4,121375.4,246752.2,222.0,0.17,0.829,-0.262,0.605
32998.3,123101.7,208235.9,236.1,0.22,-0.287,-0.762,0.581
69697.6,113216.9,227654.0,218.3,0.2,-0.572,-0.397,0.717
-38344.0,-25219.3,140437.2,219.2,0.72,-0.002,-0.197,0.98
88421.2,121988.7,246813.3,182.3,0.3,0.713,-0.021,0.711
88104.0,120489.6,246107.2,124.1,0.76,-0.294,-0.561,0.774
53988.2,118714.2,218139.1,69.0,0.29,-0.62,0.397,0.677
81321.3,138885.1,239663.3,353.0,0.3,-0.638,0.458,0.62
86474.3,125084.6,248679.0,331.3,0.33,-0.297,-0.619,0.727
-24348.4,-3241.6,150905.8,65.1,0.3,-0.139,-0.26,0.955
82966.4,129454.1,246064.0,200.7,0.26,-0.504,0.338,0.795
95173.3,117918.8,231402.7,62.9,0.14,0.766,0.109,0.634
28411.5,106897.6,198618.2,92.1,0.46,-0.529,-0.024,0.848
57554.6,115914.0,220905.8,241.6,0.38,-0.604,-0.547,0.583
13530.4,63603.1,162430.4,262.5,0.6,-0.222,-0.411,0.884
69848.8,109940.8,224658.4,357.9,0.63,-0.591,0.189,0.783
46855.5,108362.9,209737.2,341.4,0.4,-0.598,-0.301,0.743
18996.6,124166.9,202913.8,337.6,1.6,-0.131,-0.55,0.825
-23878.1,-27072.4,143211.8,325.8,0.82,-0.281,-0.328,0.902
30902.5,113577.3,201419.4,232.3,0.4,-0.669,-0.161,0.726
9142.4,76792.8,168762.3,101.3,0.33,-0.248,-0.451,0.857
60429.7,108014.7,217447.3,9.8,0.69,-0.543,-0.373,0.752
56082.4,110882.4,215346.9,237.9,0.17,-0.724,-0.163,0.67
26823.0,120087.5,202010.1,38.9,0.14,-0.336,-0.695,0.638
78856.0,110572.2,232481.2,96.0,0.72,-0.655,-0.081,0.751
60037.7,129973.5,230470.5,343.9,0.2,-0.443,0.548,0.704
-2140.5,-2983.6,158281.6,236.6,0.83,0.011,0.095,0.995
36863.5,109742.9,203980.0,55.0,2.7,-0.479,-0.218,0.85
41310.0,99750.7,204191.6,269.2,0.34,-0.058,-0.456,0.888
-36344.1,-20.4,148571.1,291.9,0.3,-0.137,-0.495,0.857
57621.3,107030.4,215347.5,241.7,0.3,-0.357,-0.368,0.859
87206.8,132001.6,246680.6,104.2,2.12,-0.636,0.236,0.731
69923.4,119473.5,230973.4,246.7,0.3,-0.525,0.442,0.727
-23858.5,-111254.5,139691.3,256.8,0.34,-0.354,0.05,0.933
-14600.0,3067.0,157710.4,206.8,2.18,-0.649,-0.143,0.746
28204.4,112052.7,198897.3,70.0,1.4,-0.624,-0.14,0.769
22195.1,115726.4,197582.8,279.6,0.2,-0.051,-0.699,0.713
25572.3,112945.2,197690.5,128.3,0.39,-0.442,-0.442,0.78
46956.6,107436.5,209399.5,8.7,0.22,-0.625,-0.243,0.74
54587.5,118612.4,218648.8,251.9,0.29,-0.625,0.399,0.671
5737.0,117042.4,203365.8,74.4,1.75,0.474,-0.419,0.774
80191.6,108866.9,233182.3,19.7,0.27,-0.585,-0.518,0.625
45849.3,102803.1,207449.0,77.0,0.3,-0.452,-0.14,0.881
42569.5,105185.0,206783.7,282.7,0.77,-0.337,-0.15,0.929
86087.6,110872.5,239073.9,310.1,0.55,-0.695,-0.232,0.676
23821.6,108575.1,195212.2,185.4,1.42,-0.439,0.418,0.795
32193.1,112157.1,201581.1,351.0,0.3,-0.43,-0.384,0.817
22614.0,111974.8,195535.6,47.4,0.26,-0.495,-0.351,0.795
65857.7,105075.6,220335.0,95.5,0.2,-0.532,-0.435,0.723
30071.0,120846.4,205556.3,38.7,0.64,-0.208,-0.789,0.577
78722.8,107645.2,230973.3,122.3,0.18,-0.486,-0.576,0.657
33024.4,120250.6,205482.8,123.4,0.28,-0.291,-0.511,0.809
85765.0,128314.9,247949.3,127.2,1.63,-0.187,0.528,0.829
59150.3,117338.1,222595.1,296.9,0.4,-0.619,0.159,0.769
12233.7,113219.5,192149.6,9.0,0.24,0.41,-0.51,0.756
34483.2,58605.8,167862.0,347.8,1.14,-0.468,-0.252,0.847
-17990.7,5849.6,158275.9,192.3,0.38,-0.482,-0.281,0.829
80591.9,121560.2,240391.7,40.1,0.82,-0.622,0.42,0.66
20926.9,113126.7,195223.3,163.9,1.51,-0.19,-0.585,0.789
87733.8,121371.0,246318.3,177.5,2.6,-0.523,-0.298,0.798
38096.8,108498.9,204411.5,234.2,0.67,-0.439,-0.17,0.882
63560.9,114582.7,224444.5,343.5,0.09,-0.241,-0.799,0.55
80277.1,129100.4,244746.8,358.2,1.2,0.199,0.661,0.723
43594.5,105990.3,207158.1,30.1,2.93,-0.261,0.075,0.962
86836.1,131597.1,246259.7,269.7,0.31,-0.559,0.306,0.769
57263.5,113258.0,217611.9,307.0,0.5,-0.716,0.25,0.652
38372.9,101370.0,204850.9,133.7,0.52,-0.198,-0.291,0.936
20032.8,113583.6,195483.4,118.0,0.21,-0.022,-0.678,0.735
87875.5,121430.5,246437.1,78.0,1.13,-0.535,-0.352,0.768
79128.4,116253.4,236752.1,92.1,0.12,-0.024,-0.792,0.61
17396.7,56931.4,159650.1,144.1,0.9,-0.02,-0.311,0.95
47104.9,108982.1,210016.4,204.2,0.31,-0.482,0.281,0.828
71607.7,133108.1,233725.2,243.4,0.25,-0.646,0.484,0.59
41054.1,104632.0,205996.2,270.3,0.78,-0.394,-0.043,0.918
86713.8,121095.5,245503.1,95.8,0.25,-0.606,-0.138,0.781
64235.2,120009.2,225525.4,131.6,0.68,-0.577,0.381,0.722
76616.7,130605.5,240324.4,302.0,1.84,-0.685,0.164,0.708
54442.2,130196.4,230662.3,355.0,0.83,-0.03,0.803,0.596
-10899.9,-3545.8,157358.8,353.4,0.32,-0.443,-0.131,0.887
61035.7,107807.8,217822.7,8.2,0.28,-0.489,-0.332,0.807
-18617.0,6168.2,158079.8,36.5,0.3,-0.31,-0.381,0.871
63376.4,98298.9,218860.4,193.6,0.42,-0.613,0.297,0.732
69878.5,126691.7,236125.3,106.3,0.12,-0.508,0.558,0.614
88638.9,123702.8,246525.0,205.4,0.14,0.743,0.24,0.624
59134.6,115423.7,221989.9,45.9,0.11,-0.748,-0.325,0.579
84732.3,124541.8,247830.1,202.4,0.26,-0.4,-0.453,0.797
28923.8,61634.5,164861.1,79.9,0.84,-0.481,-0.097,0.871
34485.2,106814.3,202130.5,103.0,0.17,-0.656,0.356,0.665
30768.9,109562.1,200164.2,338.2,0.4,-0.595,0.077,0.8
23144.5,100511.9,196650.0,124.0,0.85,-0.731,0.33,0.596
23576.9,118568.4,200000.6,81.6,0.31,-0.187,-0.442,0.877
41565.5,105328.8,206335.2,328.8,0.31,-0.507,-0.031,0.862
34945.2,113251.6,203631.8,129.3,1.44,-0.408,-0.455,0.791
15920.4,115171.3,194821.5,177.4,0.27,-0.321,-0.485,0.813
-12669.6,6039.4,158248.2,114.2,0.33,-0.039,-0.004,0.999
13706.6,111618.6,191733.1,16.6,1.27,-0.374,-0.48,0.793
16491.6,9573.8,158276.7,88.4,0.84,-0.441,0.211,0.872
58541.0,134131.9,226687.3,103.5,1.61,-0.0,0.579,0.815
42209.4,103995.9,206415.0,129.6,0.3,-0.341,-0.253,0.905
76358.3,112415.0,231393.3,190.1,0.26,0.031,-0.682,0.73
90532.8,111064.2,241117.8,265.4,0.14,0.778,-0.12,0.623
22945.5,116820.1,198568.2,218.6,0.3,-0.038,-0.652,0.757
90439.2,129721.7,249749.1,42.9,2.56,0.164,0.53,0.818
64039.6,125883.8,234917.4,269.8,0.33,-0.437,-0.611,0.659
41678.1,109766.1,206378.2,315.6,0.59,-0.36,-0.37,0.856
67061.5,125778.2,237285.5,58.1,0.31,-0.029,-0.476,0.871
25137.5,103740.3,197360.8,343.8,0.38,-0.619,-0.07,0.783
88251.4,113170.7,243047.4,261.5,0.99,-0.704,-0.355,0.615
35216.0,111480.0,203479.2,152.3,0.32,-0.558,-0.125,0.82
13718.1,111755.4,191821.8,312.7,2.15,-0.401,-0.453,0.796
77807.4,108810.2,231052.6,200.0,0.21,-0.642,-0.271,0.717
38881.0,104962.1,205617.8,339.1,2.03,-0.121,-0.096,0.987
83404.3,121538.5,242718.2,248.5,0.15,-0.69,0.385,0.613
56220.4,111552.5,215551.4,105.1,0.9,-0.682,0.078,0.727
57869.7,116010.8,221165.5,330.1,0.17,-0.506,-0.541,0.671
35972.1,111206.2,203885.8,162.6,0.79,-0.505,-0.174,0.845
36449.5,113722.3,204742.7,75.2,1.74,-0.584,-0.158,0.796
87678.0,123324.1,247391.0,87.3,0.11,-0.225,-0.77,0.598
86992.1,125420.1,249157.7,332.4,0.24,-0.363,-0.544,0.756
16849.6,97454.0,185223.8,9.4,1.08,-0.738,-0.147,0.658
47040.1,105943.7,209068.2,12.5,1.3,-0.613,-0.168,0.772
82117.9,110730.2,235449.0,312.5,1.88,-0.655,0.199,0.729
61446.6,99733.0,216459.0,63.7,0.18,-0.754,0.15,0.639
40217.2,111159.6,206227.7,187.8,2.31,-0.448,-0.256,0.857
19613.4,112291.5,194295.1,324.1,0.35,-0.16,-0.604,0.781
23481.0,124809.1,205353.7,66.7,0.1,-0.656,-0.5,0.566
89302.2,124270.7,245469.4,261.2,0.77,0.738,-0.084,0.669
25099.2,112531.6,197171.5,165.7,0.58,-0.461,-0.462,0.757
31475.3,108217.4,200519.2,315.1,0.31,-0.525,-0.065,0.848
88561.3,123734.6,246585.7,86.7,0.13,0.74,0.254,0.622
83739.7,128067.8,247247.2,146.4,0.9,-0.434,0.407,0.803
86944.6,127289.9,249090.4,141.0,2.2,-0.383,0.477,0.791
33243.7,108973.5,201694.6,134.5,0.31,-0.482,-0.19,0.856
21886.7,112301.2,195245.4,78.6,0.76,-0.53,-0.284,0.799
76954.7,105083.8,228464.1,312.1,1.23,-0.598,-0.168,0.783
35478.8,110155.3,203317.5,99.8,0.49,-0.49,-0.236,0.839
9299.8,84846.7,173552.7,220.8,1.03,0.671,-0.066,0.737
23308.7,-689.0,165952.8,143.5,0.38,-0.45,0.297,0.842
86406.2,120582.6,245195.2,93.1,1.02,-0.66,-0.267,0.701
86981.6,120957.1,245719.4,127.5,0.32,-0.656,0.003,0.755
34202.8,104262.3,202871.4,178.0,1.04,-0.508,0.592,0.626
-30027.7,-5029.2,149071.5,56.7,1.4,-0.159,-0.201,0.966
23901.4,111628.7,196051.1,98.0,0.52,-0.444,-0.435,0.783
84802.3,121432.9,244133.3,93.0,0.67,-0.654,0.06,0.751
35300.1,110219.9,203227.7,353.2,0.3,-0.488,-0.239,0.84
23022.4,112664.7,196088.6,15.6,0.9,-0.453,-0.388,0.802
58541.3,91529.8,213761.5,5.6,0.2,-0.736,0.201,0.645
60900.1,126380.4,234088.1,155.2,0.59,-0.44,0.354,0.818
87401.5,121485.2,246143.0,1.7,0.47,-0.534,-0.309,0.786
40976.4,104765.9,205988.3,257.5,0.73,-0.387,-0.027,0.921
77423.9,113141.4,232207.3,179.3,0.15,-0.221,-0.731,0.646
69880.3,99866.1,223636.2,104.1,1.26,-0.603,0.239,0.761
32265.4,121645.9,206629.8,42.5,1.34,0.061,-0.763,0.643
83728.8,126385.9,246505.5,356.7,0.18,-0.359,-0.636,0.68
57672.6,116664.1,221671.8,258.0,0.3,-0.506,-0.335,0.789
13067.2,59743.6,160573.4,346.7,0.54,-0.073,-0.393,0.917
58223.2,125341.3,229655.6,352.3,0.17,-0.638,-0.374,0.671
60832.6,90791.0,216139.2,209.7,0.21,-0.583,-0.591,0.555
89426.7,109260.4,242335.0,159.8,0.21,0.656,-0.425,0.628
81604.9,135569.8,241438.4,289.5,1.05,-0.562,0.304,0.767
71769.4,123869.4,237044.4,125.1,0.16,-0.243,-0.759,0.605
75972.4,107531.3,228573.7,273.6,0.99,-0.601,-0.359,0.713
44235.6,120026.1,211795.3,166.8,2.41,-0.216,-0.541,0.813
-25538.9,3125.9,153884.1,250.4,1.91,-0.285,-0.447,0.848
14223.1,58291.9,159989.8,240.3,0.4,-0.017,-0.382,0.924
32205.7,109232.4,201118.8,339.0,0.33,-0.534,-0.138,0.834
10459.2,899.6,158901.8,17.1,0.44,-0.308,0.442,0.842
59715.1,115661.3,222677.3,292.9,0.36,-0.522,-0.245,0.817
47551.3,100494.0,207623.8,31.7,0.25,-0.395,-0.469,0.789
28413.2,100421.1,199555.1,267.0,0.29,-0.569,0.161,0.806
67962.1,108449.2,222302.7,91.8,1.11,-0.756,-0.274,0.594
61542.6,102007.1,216634.7,236.5,0.49,-0.585,-0.043,0.81
21584.1,110802.2,194236.2,2.7,1.65,-0.41,-0.59,0.695
49039.2,93660.4,204515.8,157.9,0.1,-0.72,-0.382,0.58
47754.6,101293.3,208054.9,200.9,1.29,-0.465,-0.218,0.858
33471.2,109639.2,201977.8,87.0,1.91,-0.516,-0.163,0.841
83734.2,128937.5,246836.1,118.2,0.27,-0.443,0.427,0.788
88121.7,100871.4,235807.5,220.4,0.62,0.742,0.196,0.641
23052.5,111737.6,195670.3,160.0,2.08,-0.424,-0.484,0.766
57756.8,98419.1,212619.1,304.6,0.39,-0.522,-0.323,0.789
34950.0,111216.0,203271.1,216.4,0.86,-0.562,-0.131,0.817
12373.0,97606.4,183292.3,112.5,0.33,0.047,-0.552,0.832
36265.9,111087.0,204044.5,271.6,0.36,-0.484,-0.202,0.852
50158.2,97357.0,207485.5,30.8,0.51,-0.391,-0.344,0.853
36028.9,112282.0,204215.7,349.6,1.68,-0.553,-0.166,0.816
77514.5,120514.3,237637.0,248.1,0.16,-0.695,0.304,0.651
30776.5,115416.9,201754.8,92.5,0.28,-0.435,-0.396,0.808
88319.4,127404.0,249352.3,16.1,0.37,0.469,-0.001,0.869
88696.8,124319.2,246146.5,172.4,0.37,0.758,-0.025,0.647
79144.9,126201.3,245295.4,19.4,0.14,-0.58,-0.504,0.63
42515.7,104123.5,206578.3,193.7,0.35,-0.325,-0.252,0.911
-25412.1,-109154.9,139659.1,257.0,0.49,-0.062,-0.082,0.994
84732.6,118178.3,241574.2,48.8,1.25,-0.318,-0.635,0.704
88551.4,128119.7,249040.7,192.2,0.67,-0.342,0.467,0.815
49013.6,109356.4,211014.8,195.4,0.3,-0.382,0.139,0.913
13854.9,6238.6,158732.6,105.7,0.39,-0.369,0.374,0.851
61145.8,110758.5,219533.5,168.2,0.35,-0.581,-0.313,0.751
69115.6,116593.9,230392.0,237.9,0.72,-0.657,0.14,0.74
-18834.6,-99.6,153473.5,148.4,0.83,-0.329,-0.273,0.904
60794.3,127498.5,233107.4,147.5,0.26,0.013,0.661,0.75
79561.9,109658.4,233273.6,138.4,0.19,-0.669,-0.26,0.689
24061.1,111835.9,196250.2,263.3,0.99,-0.437,-0.417,0.797
82710.5,122030.7,241819.4,86.8,0.24,-0.625,0.168,0.762
25310.7,102668.4,197496.3,85.3,0.29,-0.604,0.103,0.79
-27892.0,3266.2,153450.8,37.0,0.29,-0.126,-0.529,0.839
21829.5,-9892.2,167294.8,59.9,2.71,-0.493,-0.049,0.869
38137.1,110229.1,204790.9,32.8,0.31,-0.451,-0.264,0.853
68111.5,113999.9,227216.5,171.6,0.14,-0.58,-0.595,0.559
-32630.2,-33293.1,139482.6,140.7,2.14,-0.198,0.08,0.977
72305.1,123624.3,236982.1,100.2,0.42,-0.325,-0.64,0.696
78743.5,121506.7,238270.3,179.4,0.14,-0.786,0.164,0.594
60365.4,91544.5,215988.6,38.0,0.19,-0.705,-0.092,0.701
99565.3,110100.4,230955.1,250.8,0.24,0.618,0.228,0.751
36693.0,110235.4,204003.8,15.8,0.3,-0.474,-0.26,0.841
29610.9,113751.7,200338.5,82.6,0.26,-0.594,-0.207,0.777
21578.0,50834.2,159188.4,133.4,1.66,-0.436,-0.14,0.889
90388.4,120812.3,240531.1,214.6,0.62,0.643,-0.19,0.737
17384.0,60778.6,160904.2,321.7,1.44,0.089,-0.379,0.921
28992.5,99919.6,199887.5,178.3,1.38,-0.132,-0.739,0.66
80843.0,121512.7,240604.6,31.5,0.52,-0.592,0.411,0.693
26704.6,100162.4,198692.9,62.9,0.81,-0.484,0.261,0.835
32676.7,109973.0,201539.4,49.7,1.62,-0.531,-0.121,0.839
72384.9,111102.8,227668.1,11.2,0.25,-0.699,-0.45,0.559
45571.2,112997.6,209587.0,194.0,0.61,-0.427,-0.351,0.833
35488.6,110108.1,203309.0,221.7,0.32,-0.49,-0.235,0.839
59591.4,106604.0,216353.6,262.9,0.24,-0.562,-0.365,0.742
19063.1,112211.9,194174.4,195.2,0.3,-0.046,-0.673,0.738
22312.2,50702.6,159606.2,125.5,1.21,-0.49,-0.031,0.871
55311.3,101927.3,212449.0,127.3,0.41,-0.312,-0.398,0.863
57071.3,120043.3,219812.4,21.2,2.39,-0.584,-0.147,0.795
63339.7,106743.4,218827.0,286.7,0.29,-0.552,-0.329,0.766
5108.6,92477.4,179603.5,173.3,0.48,-0.128,-0.569,0.813
9244.6,78728.8,169584.8,26.0,0.37,-0.145,-0.476,0.867
88574.4,126968.2,248914.5,110.3,0.13,0.806,-0.137,0.574
66310.4,125623.3,236683.3,359.9,0.11,-0.566,-0.606,0.561
59492.2,115127.1,222347.7,257.6,0.15,-0.603,-0.534,0.594
88618.0,127132.0,248847.2,220.9,0.13,0.692,-0.357,0.622
-12219.9,4915.5,158242.0,15.7,0.93,0.007,0.056,0.998
39918.5,109956.1,205655.8,3.0,3.0,-0.426,-0.266,0.865
34375.1,58839.3,167861.6,319.6,0.85,-0.48,-0.226,0.848
15450.0,-2357.7,162483.5,195.3,0.99,-0.524,0.342,0.78
84687.2,104729.7,235961.6,291.0,0.1,-0.822,0.034,0.569
70662.0,114502.2,229537.9,49.3,0.87,-0.412,-0.622,0.664
72717.3,120050.0,233260.2,55.5,0.2,-0.727,0.263,0.631
14489.9,61878.0,161738.7,126.3,0.37,0.023,-0.53,0.847
78023.8,113153.6,232490.2,139.4,0.28,-0.381,-0.667,0.639
75930.6,106392.8,228011.1,343.5,0.24,-0.592,-0.391,0.704
61613.1,128339.7,232527.4,290.1,1.01,-0.628,0.349,0.694
56124.0,115851.5,218346.1,110.7,0.38,-0.589,-0.446,0.675
33273.0,63791.9,167906.8,311.3,2.86,-0.569,-0.056,0.82
51995.2,120751.7,216625.0,114.6,0.5,-0.32,-0.644,0.691
19274.1,47444.8,158297.6,165.4,0.95,-0.424,-0.03,0.905
73851.9,111821.2,229948.4,38.6,0.23,-0.479,-0.497,0.723
69612.6,112982.3,227472.5,5.9,0.64,-0.617,-0.374,0.692
87248.3,122313.5,246084.5,79.3,1.31,-0.635,0.229,0.738
66851.9,115705.5,227773.6,76.4,0.22,-0.68,-0.469,0.564
-22063.6,-48644.9,139557.3,21.8,0.36,-0.274,-0.059,0.96
12618.8,-1844.2,160513.7,140.9,0.71,-0.481,0.245,0.842
10766.8,79060.3,170225.9,199.5,1.17,-0.069,-0.544,0.836
75916.2,123363.1,239539.0,42.2,0.16,-0.476,-0.596,0.648
75316.2,99082.9,227292.9,95.5,1.44,-0.497,0.359,0.79
83115.9,131081.6,245506.1,277.8,0.69,0.022,0.569,0.817
37549.0,115537.0,206234.3,65.5,0.52,-0.383,-0.409,0.828
81845.7,122206.0,241087.7,257.5,1.23,-0.635,0.161,0.752
9922.6,62408.2,161651.7,39.7,2.21,0.051,-0.444,0.895
14580.0,114506.8,193738.2,137.9,0.64,-0.657,-0.099,0.746
-7695.0,-145.0,158832.3,310.2,1.37,0.153,0.158,0.975
87472.4,124454.8,248650.8,112.8,0.6,0.19,-0.726,0.651
58301.7,107349.7,215776.7,262.5,0.26,-0.463,-0.385,0.798
35136.3,102408.5,205329.4,150.2,1.53,-0.546,0.529,0.66
49340.4,108738.9,211057.6,74.4,0.33,-0.295,-0.178,0.939
-14844.4,-99006.2,142497.2,130.1,2.36,-0.468,0.316,0.825
87620.9,127211.4,249453.2,10.1,0.56,-0.245,0.518,0.819
57799.4,125330.4,229288.6,205.9,0.29,-0.613,-0.384,0.689
-27364.9,1973.2,152735.8,285.8,0.38,-0.232,-0.46,0.857
68166.0,128300.1,233792.5,305.1,0.47,0.073,0.703,0.701
76300.9,130354.6,240039.3,220.2,1.73,-0.699,0.192,0.69
23532.9,112995.3,196537.1,95.2,1.04,-0.455,-0.363,0.813
50469.8,96652.2,207285.3,300.8,1.68,-0.391,-0.43,0.814
32292.3,108456.3,201059.2,116.2,0.46,-0.492,-0.15,0.857
85983.4,125425.1,248705.3,244.4,0.32,-0.552,-0.041,0.827
66508.5,102474.5,220099.1,126.7,1.02,-0.633,0.207,0.745
37182.4,109955.6,204216.5,96.0,0.82,-0.47,-0.247,0.847
43161.1,119900.1,211324.0,179.0,1.24,-0.326,-0.472,0.819
15452.9,107474.7,190226.9,74.2,0.34,0.031,-0.662,0.748
61940.1,105394.5,217528.7,29.5,0.45,-0.539,-0.335,0.772
69260.6,125596.5,237544.0,257.5,2.31,-0.29,-0.504,0.812
22315.8,112477.1,195603.7,117.5,0.55,-0.498,-0.368,0.785
12328.4,91921.8,179355.9,43.3,1.4,-0.537,-0.305,0.786
-21615.1,-3738.2,151284.3,169.3,0.42,-0.28,-0.348,0.895
74884.3,98494.3,227232.9,332.4,0.27,-0.581,0.313,0.751
75766.4,114066.4,232676.0,193.0,0.16,-0.369,-0.647,0.668
57926.0,115350.9,221009.1,192.8,1.09,-0.636,-0.398,0.662
25456.5,112001.3,197096.9,116.6,0.26,-0.444,-0.401,0.801
74208.2,114371.4,231986.1,303.2,0.57,-0.29,-0.673,0.68
75454.5,97474.1,228199.7,358.7,0.23,-0.492,0.468,0.734
70035.1,125762.7,237333.6,11.6,1.08,0.222,0.645,0.727
14604.5,107693.8,190230.7,341.2,1.71,-0.426,-0.504,0.75
105014.7,137453.2,229728.0,251.1,0.63,0.702,-0.237,0.669
9254.0,82316.5,171631.6,97.0,0.41,0.225,-0.754,0.617
93241.8,135107.5,242843.4,329.2,0.7,0.474,0.559,0.68
78020.5,109377.7,231731.7,344.8,0.75,-0.666,-0.467,0.58
55704.8,118520.9,219665.1,111.7,0.38,-0.395,0.529,0.75
69413.6,114122.6,228705.2,227.1,1.7,-0.221,-0.574,0.786
87873.4,121618.2,246527.9,276.1,0.73,-0.524,-0.401,0.752
44156.2,99238.1,205404.2,299.1,2.46,-0.274,-0.435,0.857
46003.2,102223.7,207437.5,212.8,0.64,-0.391,-0.244,0.887
16100.2,54473.4,158759.8,211.2,1.15,-0.137,-0.308,0.941
87820.8,121272.6,246357.9,37.5,0.27,-0.506,-0.294,0.81
60609.9,114808.5,222801.2,252.4,0.2,-0.454,-0.559,0.694
86298.0,127550.1,248695.9,62.0,1.51,-0.373,0.489,0.787
27877.0,114651.3,199869.5,35.1,0.41,-0.415,-0.45,0.791
-25790.0,-3433.8,150608.3,287.9,0.32,-0.292,-0.34,0.894
37282.3,95551.0,195405.8,190.2,0.48,-0.733,-0.155,0.663
35157.0,111918.1,203523.4,248.3,1.04,-0.573,-0.17,0.802
34451.4,110615.9,202790.2,273.3,0.89,-0.542,-0.195,0.818
55966.3,129975.2,231047.7,334.9,1.5,-0.247,0.711,0.658
78115.1,108438.4,231265.3,304.5,0.18,-0.579,-0.493,0.648
34652.8,111707.7,203132.3,37.0,1.66,-0.557,-0.143,0.818
36420.7,110991.6,204115.1,128.6,0.69,-0.466,-0.238,0.852
6514.6,88259.3,176140.3,315.4,0.23,0.751,0.05,0.659
38240.8,109029.7,204609.5,49.2,0.3,-0.466,-0.184,0.865
47218.9,106747.3,209392.2,124.2,0.32,-0.453,-0.241,0.859
34916.7,118884.5,205941.7,245.7,0.81,-0.691,-0.06,0.72
37745.8,107976.6,204191.8,199.7,0.3,-0.404,-0.049,0.913
-5775.1,-103994.3,143333.4,29.4,0.3,-0.067,0.009,0.998
38857.0,110980.5,205411.5,283.5,0.63,-0.452,-0.272,0.85
93993.0,117614.3,233214.3,276.1,0.11,0.814,-0.052,0.579
5165.7,-847.3,158201.4,253.6,1.0,-0.179,0.243,0.953
87625.0,120374.3,245818.2,304.7,1.05,-0.334,-0.581,0.742
17285.8,61606.8,161315.4,206.9,0.3,0.202,-0.398,0.895
91464.9,130767.0,247967.8,219.5,0.14,0.676,0.388,0.628
75799.7,138621.1,235525.7,36.9,0.38,-0.145,0.71,0.688
35508.7,111621.0,203704.2,295.3,1.77,-0.545,-0.185,0.818
26705.1,125010.3,208970.5,262.4,0.15,-0.329,-0.696,0.638
53473.3,116932.4,217756.6,10.4,0.19,-0.52,-0.636,0.574
22195.8,112211.3,195339.2,74.8,0.44,-0.47,-0.355,0.808
29176.3,112529.8,199739.5,235.6,2.33,-0.62,-0.07,0.782
-28284.5,4912.4,154383.3,259.3,1.66,-0.26,-0.525,0.81
58138.5,117965.8,221638.7,78.8,0.19,-0.594,0.401,0.698
72783.5,120733.8,232906.7,66.7,0.2,-0.734,0.299,0.609
98674.6,132590.7,243501.0,8.0,1.62,0.009,0.383,0.922
67585.0,128937.4,233178.9,129.3,0.11,0.217,0.799,0.564
27598.5,60882.8,163990.6,341.1,2.81,-0.46,-0.208,0.863
83244.2,120188.1,242324.4,107.9,0.41,-0.3,-0.633,0.713
13456.4,86452.9,176769.0,103.7,0.23,-0.166,-0.733,0.661
46349.5,102494.6,207632.2,109.3,0.91,-0.416,-0.185,0.89
86545.9,119509.0,244669.1,302.0,0.32,-0.453,-0.423,0.785
69667.0,125573.1,237714.1,330.8,1.75,0.02,-0.194,0.974
-28261.7,1868.1,152489.5,332.8,0.3,-0.161,-0.488,0.858
74973.8,125985.5,240040.1,215.1,2.18,-0.421,0.424,0.802
24209.4,111760.9,196300.4,174.9,0.76,-0.446,-0.408,0.797
53453.2,105015.6,212571.2,238.6,0.34,-0.529,-0.243,0.813
95074.1,113259.7,233101.2,340.1,0.43,0.439,0.529,0.725
86911.6,121561.9,245876.3,197.6,0.65,-0.523,-0.393,0.756
18376.8,62058.8,161430.4,311.7,0.32,-0.144,-0.457,0.878
19197.8,63200.1,162252.7,314.3,2.79,-0.161,-0.509,0.845
7284.8,-159.1,158252.5,336.7,0.57,-0.161,0.27,0.949
95378.5,120090.5,231510.4,331.6,0.17,0.806,-0.178,0.564
45687.8,108504.4,208645.8,265.9,0.59,-0.74,-0.226,0.633
69454.4,125274.8,237342.3,140.3,1.5,-0.303,-0.688,0.661
87964.8,123229.3,247202.9,192.7,0.37,0.205,-0.623,0.743
68434.2,114927.6,228051.2,64.2,0.34,-0.525,-0.636,0.567
31562.8,107501.2,200412.0,171.5,0.4,-0.448,-0.236,0.862
86230.9,121604.3,245366.7,249.4,0.23,-0.615,-0.204,0.76
90611.7,129980.7,249323.7,11.2,0.25,0.514,0.605,0.608
87979.6,123237.3,247211.0,47.5,0.26,0.248,-0.601,0.752
59341.6,90545.2,214129.4,127.3,0.11,-0.46,-0.69,0.559
15178.9,58427.0,160219.2,254.9,0.39,-0.056,-0.401,0.913
37072.5,111456.6,204601.3,163.4,0.76,-0.476,-0.261,0.84
23158.0,112940.0,196297.6,56.6,2.08,-0.486,-0.335,0.807
84101.0,104576.6,235318.8,111.4,0.24,-0.674,0.296,0.677
65260.4,113641.9,224227.9,268.8,0.15,-0.096,-0.815,0.574
57302.0,125328.9,228795.5,336.1,1.47,-0.678,-0.318,0.662
47987.8,106239.1,209664.9,246.6,0.97,-0.439,-0.239,0.866
59941.0,116095.0,222945.0,106.6,0.63,-0.55,-0.372,0.748
87609.1,125270.8,249139.2,228.0,0.15,0.135,-0.742,0.654
87959.3,122149.2,246866.2,69.1,0.29,-0.519,-0.133,0.841
84899.1,120962.5,244042.3,325.9,0.31,-0.689,-0.292,0.663
23663.4,111127.3,195599.3,260.8,0.39,-0.508,-0.448,0.736
66819.5,113253.9,224587.0,208.5,0.47,-0.566,-0.593,0.572
-19878.5,17228.8,158925.2,348.0,1.24,0.288,0.066,0.955
87418.7,117292.3,243307.8,340.0,0.32,-0.426,-0.623,0.654
57566.7,116005.8,221028.2,248.6,0.5,-0.535,-0.604,0.593
53976.7,114883.7,214476.2,217.9,0.66,-0.558,-0.232,0.797
38301.0,106115.9,204887.2,309.6,0.83,-0.437,0.454,0.776
58190.6,127652.8,233297.7,272.0,0.28,0.26,0.594,0.76
74727.5,125168.0,240294.5,270.7,0.92,-0.574,0.062,0.811
55356.6,130252.5,230655.0,204.0,1.19,-0.069,0.755,0.652
45959.6,103724.2,207758.0,51.8,0.36,-0.495,-0.252,0.832
76084.9,125415.8,241260.3,133.8,0.2,-0.732,0.337,0.592
-2932.1,-1531.8,158238.5,95.8,1.72,0.061,0.14,0.988
12368.3,4402.8,158232.2,342.1,0.38,-0.243,-0.038,0.969
19527.3,111382.3,193715.3,172.9,0.3,-0.272,-0.484,0.832
79914.1,102073.9,230275.6,119.7,2.48,-0.591,-0.077,0.802
24120.7,60807.7,162156.2,342.1,0.33,-0.564,0.023,0.825
69592.6,120383.6,230016.1,134.0,0.3,-0.55,0.448,0.705
-30019.3,-5163.0,149044.1,257.7,0.37,-0.155,-0.23,0.961
63166.3,112054.3,221645.0,130.8,0.28,-0.231,-0.542,0.808
85150.0,111055.2,238111.9,38.3,1.51,-0.68,0.228,0.696
19422.6,112204.1,194209.6,35.7,1.28,-0.13,-0.618,0.775
36061.4,110127.3,203621.5,171.9,2.59,-0.467,-0.259,0.846
58726.3,111022.7,217558.6,17.0,1.48,-0.665,-0.187,0.723
97186.1,108269.7,229664.3,3.2,0.83,0.708,-0.373,0.599
32909.1,113488.9,202740.5,197.7,0.42,-0.472,-0.319,0.822
30072.2,112521.0,200460.7,91.6,0.23,-0.588,-0.271,0.761
71994.5,113382.6,230108.0,189.2,0.16,-0.379,-0.649,0.656
84532.0,128526.5,247417.1,103.7,2.51,-0.341,0.455,0.822
80647.5,124375.4,242897.4,147.6,0.16,-0.776,-0.09,0.623
88800.6,123527.5,246389.0,26.3,0.34,0.808,0.03,0.586
39621.0,112521.9,206422.7,175.7,1.69,-0.45,-0.337,0.827
58923.2,112372.3,219331.2,304.1,1.63,-0.586,-0.386,0.71
58884.9,115610.5,221806.1,104.2,1.36,-0.623,-0.446,0.643
104983.0,119594.1,221735.1,328.9,0.32,0.625,0.199,0.752
21890.6,114393.7,196385.5,2.1,0.41,-0.206,-0.595,0.777
33234.3,108988.1,201693.5,4.5,1.76,-0.483,-0.189,0.855
57587.0,109676.9,216624.5,106.4,0.38,-0.583,-0.423,0.693
86616.0,126621.5,249122.0,334.9,0.8,-0.633,-0.208,0.746
57856.7,98524.5,212720.1,149.0,1.95,-0.525,-0.295,0.798
59085.2,115610.3,222010.5,90.4,0.12,-0.698,-0.367,0.614
38255.3,108647.7,204521.7,43.8,0.3,-0.444,-0.201,0.873
-36955.9,15533.2,165848.3,2.9,0.32,0.15,-0.378,0.913
26452.4,116465.7,199574.7,33.9,0.29,-0.539,-0.401,0.739
61953.8,97417.2,217484.7,96.2,0.48,-0.758,0.141,0.637
40547.8,110413.7,206124.1,166.6,1.3,-0.417,-0.319,0.851
35291.4,111589.8,203544.6,53.2,0.49,-0.561,-0.147,0.815
35940.5,122573.2,210084.5,353.5,0.38,-0.768,-0.276,0.578
74967.3,113172.5,231532.1,116.0,0.23,-0.414,-0.511,0.753
89514.6,131479.0,248264.1,41.0,0.32,-0.381,0.438,0.814
77055.9,101127.3,228112.8,138.1,0.28,-0.602,-0.047,0.797
37252.9,109942.2,204247.0,123.7,0.3,-0.465,-0.25,0.849
33392.9,118244.1,204552.1,47.2,0.99,-0.392,-0.419,0.819
69660.8,119734.5,230570.5,181.6,0.52,-0.566,0.486,0.666
72009.0,113237.2,229942.1,157.7,0.14,-0.245,-0.732,0.634
85416.4,126869.3,248256.3,223.0,0.21,-0.563,-0.415,0.715
58568.7,117354.0,222161.4,233.5,0.46,-0.583,0.193,0.789
78101.6,104174.2,229014.5,164.7,1.12,-0.634,-0.232,0.738
79405.5,107558.3,231474.0,241.2,0.18,-0.543,-0.563,0.624
55272.5,128162.6,233605.1,58.6,2.14,0.041,0.667,0.743
33028.4,113063.0,202583.2,349.4,0.27,-0.395,-0.455,0.798
39370.1,124459.5,213982.2,238.8,0.48,-0.393,-0.64,0.66
86742.2,121788.5,245907.9,41.6,0.25,-0.589,-0.194,0.782
16560.2,7311.1,159554.5,47.2,1.63,-0.506,0.307,0.806
79244.8,137944.9,237900.4,340.0,0.3,-0.638,0.364,0.679
-17949.7,5835.6,158315.9,4.0,0.42,-0.49,-0.283,0.824
23552.6,110496.9,195196.0,116.8,2.12,-0.515,-0.347,0.784
67977.4,115023.5,227860.9,280.0,0.17,-0.405,-0.706,0.585
-24383.1,8382.0,158073.0,293.0,0.34,-0.286,-0.492,0.821
17839.6,9521.9,159012.0,316.6,0.39,-0.549,0.167,0.817
39740.2,103255.3,205547.8,187.8,0.31,-0.149,-0.049,0.987
24191.0,112883.8,196857.4,253.1,0.44,-0.465,-0.374,0.802
46849.4,103050.0,208036.0,67.3,0.3,-0.433,-0.268,0.86
36546.4,109604.1,203754.5,302.8,0.35,-0.477,-0.218,0.851
74112.8,126242.4,239390.8,110.1,0.61,-0.523,0.367,0.769
64028.7,112990.5,222664.2,123.3,1.12,-0.341,-0.693,0.635
32826.5,109459.9,201542.3,287.7,0.29,-0.519,-0.142,0.843
-29102.7,-109376.2,139546.7,309.1,0.34,-0.028,0.098,0.994
70212.9,119199.5,231311.5,115.3,0.29,-0.549,0.34,0.763
16912.8,98484.2,185720.5,92.6,1.09,-0.693,-0.331,0.642
23235.1,111049.8,195271.8,334.9,0.26,-0.439,-0.486,0.756
29304.1,112532.5,199843.5,163.6,0.5,-0.621,-0.077,0.78
85836.4,124253.8,247924.7,231.8,0.66,-0.076,-0.717,0.697
18603.7,64204.3,162693.4,115.3,0.49,-0.184,-0.487,0.854
40829.3,106191.7,205920.0,34.1,2.43,-0.455,0.194,0.869
82368.5,136089.0,241209.5,342.0,0.41,-0.533,0.339,0.772
58556.7,118226.5,221817.5,24.3,0.75,-0.655,0.288,0.699
24612.2,108639.8,195677.1,263.4,0.28,-0.493,0.355,0.793
73969.6,125286.6,239824.2,164.9,0.4,-0.475,0.125,0.867
67626.3,113274.9,225033.2,231.6,0.39,-0.514,-0.658,0.566
16494.8,6631.3,159751.6,197.5,2.97,-0.49,0.249,0.835
14854.1,60299.3,160919.6,192.8,1.66,0.014,-0.369,0.929
77650.2,138121.1,236229.3,87.7,2.25,-0.507,0.376,0.763
14870.8,66301.3,163642.2,257.1,0.39,0.064,-0.43,0.9
87705.2,121985.8,246625.9,245.3,1.25,-0.643,-0.13,0.752
79028.9,107331.3,231009.5,0.2,0.98,-0.6,-0.45,0.661
59997.0,115054.4,222625.0,247.7,1.27,-0.44,-0.51,0.739
15741.6,93788.8,182212.8,74.0,0.1,-0.756,-0.305,0.58
23466.1,110725.2,195229.1,196.9,0.41,-0.514,-0.374,0.772
59822.8,119963.3,222176.8,203.3,0.8,-0.671,0.121,0.732
60466.4,114956.8,222787.8,236.8,0.21,-0.447,-0.51,0.735
58666.4,113568.7,219976.1,27.4,0.08,-0.659,-0.529,0.552
63692.9,114558.9,224468.7,27.5,0.08,-0.306,-0.774,0.555
94378.0,116306.3,232483.4,283.2,0.33,0.826,-0.072,0.559
939.9,98653.4,186026.1,72.0,0.25,0.61,-0.188,0.767
-29995.4,1113.4,151572.8,196.4,0.97,-0.296,-0.517,0.803
69373.5,113156.6,227371.8,357.3,0.19,-0.391,-0.608,0.685
29811.8,116201.9,201692.9,190.7,1.73,-0.408,-0.419,0.811
46813.9,99677.6,206714.9,154.4,0.29,-0.398,-0.443,0.803
-39057.7,454.8,148776.2,351.3,1.09,0.07,-0.525,0.848
21257.4,-8412.0,166832.0,325.7,0.36,-0.461,-0.095,0.882
16643.0,2924.2,160763.0,180.0,0.31,-0.542,0.263,0.798
86330.3,125491.5,248908.7,20.7,3.07,-0.462,-0.185,0.861
36260.8,112463.7,204409.9,328.9,0.45,-0.541,-0.186,0.82
76614.7,137765.4,236340.4,9.0,1.62,-0.171,0.665,0.725
94784.6,114177.6,232481.9,82.8,0.58,0.363,0.561,0.744
91115.0,136092.6,245337.5,195.5,0.57,0.723,0.307,0.618
58503.9,116258.4,222142.4,324.5,0.27,-0.534,-0.555,0.641
22660.6,112416.9,195744.0,312.3,0.26,-0.467,-0.392,0.793
56379.9,131927.5,228084.0,358.3,0.16,-0.419,0.624,0.657
-7763.8,54.9,158808.6,335.9,0.34,0.138,0.192,0.971
62107.9,125468.4,233129.3,13.8,0.31,-0.445,-0.644,0.621
79500.3,139964.1,237261.0,321.8,1.09,-0.632,0.278,0.716
33828.9,118463.5,204859.9,92.3,1.19,-0.406,-0.423,0.81
40139.0,100071.7,204318.7,6.7,2.85,-0.03,-0.433,0.9
93669.0,128258.8,247727.1,206.4,1.43,0.512,-0.505,0.693
86056.6,112050.0,239567.2,326.8,0.95,-0.77,-0.021,0.638
42556.9,119150.9,210617.7,301.6,2.0,-0.362,-0.47,0.805
-8998.6,-91184.7,142965.5,6.8,1.33,-0.332,0.146,0.932
16581.5,2736.2,160766.1,217.7,0.27,-0.536,0.239,0.809
-34589.5,-10138.0,145127.3,273.9,1.22,-0.228,-0.284,0.932
51248.1,123560.8,222369.5,349.8,0.31,-0.774,-0.294,0.56
83259.0,124881.7,246240.9,351.2,0.12,-0.771,0.193,0.607
70074.8,126678.9,236548.1,266.5,0.72,-0.731,0.349,0.581
85894.0,111060.8,239037.4,108.7,0.09,-0.704,-0.438,0.559
43756.2,96583.1,202704.2,192.2,0.13,-0.297,-0.777,0.554
60304.7,119499.8,222648.5,210.4,0.23,-0.627,0.331,0.704
88369.2,122085.4,246866.9,355.9,0.39,0.644,-0.032,0.764
57982.7,119531.1,220606.3,96.1,1.48,-0.729,0.213,0.65
56201.8,107478.5,214719.4,101.8,0.29,-0.563,0.005,0.826
87500.2,123974.8,247933.0,75.7,0.22,0.053,-0.769,0.632
84840.2,121486.3,244141.5,6.4,0.66,-0.655,0.142,0.735
81628.3,121839.1,241070.9,112.1,0.31,-0.595,0.382,0.707
58708.8,116034.2,221993.9,21.2,0.13,-0.537,-0.575,0.617
60292.9,121046.5,222210.9,78.7,1.56,-0.495,-0.226,0.837
64977.6,130449.2,231990.0,324.9,0.43,-0.03,0.808,0.588
35287.3,110175.0,203204.9,83.6,0.32,-0.489,-0.241,0.839
-26954.8,2541.3,153172.6,249.6,2.3,-0.226,-0.481,0.847
27174.4,59792.4,163577.5,117.8,1.28,-0.467,-0.113,0.877
64162.1,100598.7,218495.4,172.5,0.49,-0.696,-0.03,0.718
38472.4,108104.1,204483.5,118.4,0.3,-0.353,-0.122,0.927
68880.3,116480.3,230209.9,261.9,0.94,-0.611,0.23,0.758
71579.3,100541.5,224367.7,178.8,2.13,-0.427,0.468,0.774
80847.3,127170.3,246576.4,227.4,0.58,-0.345,0.556,0.756
78004.1,137774.8,236706.4,128.7,0.21,-0.603,0.308,0.735
31796.7,112581.7,201557.6,70.6,0.25,-0.461,-0.428,0.777
39045.4,109084.6,204983.5,137.8,0.37,-0.415,-0.254,0.874
94516.0,132517.0,244656.4,118.7,2.14,-0.262,0.624,0.737
11341.1,98608.0,183420.6,243.8,0.24,-0.474,-0.444,0.76
87493.5,125224.4,249132.3,172.8,0.53,0.097,-0.68,0.726
40156.9,109198.9,205541.9,201.0,0.72,-0.361,-0.312,0.879
-18499.7,6049.4,158072.8,63.4,0.44,-0.341,-0.327,0.881
77267.1,105568.0,228688.1,320.0,0.31,-0.538,-0.174,0.825
31032.6,113104.7,201376.7,158.7,0.27,-0.547,-0.317,0.775
85533.5,124964.1,248193.2,70.7,2.32,-0.403,-0.331,0.852
89107.9,124074.8,245792.3,307.0,1.12,0.749,0.162,0.641
66777.4,111981.6,223218.0,191.8,0.9,-0.431,-0.615,0.661
-28367.4,5780.8,155010.3,297.3,0.78,-0.266,-0.533,0.803
15269.0,110600.2,192296.0,244.8,2.16,-0.584,-0.322,0.744
83971.8,139326.8,241155.7,209.2,1.52,-0.639,0.147,0.754
58242.5,120172.7,220699.7,357.6,1.68,-0.703,0.144,0.696
-31599.4,-26544.5,141692.5,85.8,1.18,-0.225,-0.384,0.895
23043.1,116445.8,198240.8,170.9,0.23,-0.052,-0.647,0.761
57866.5,116156.5,221278.9,306.8,0.25,-0.468,-0.619,0.631
80238.7,130278.0,243491.6,354.3,1.0,-0.556,0.586,0.589
31152.3,65281.8,166572.2,320.9,1.47,-0.56,0.174,0.81
58978.4,120650.3,221231.3,341.0,0.29,-0.536,-0.147,0.83
34347.1,110515.1,202697.3,342.1,0.81,-0.538,-0.196,0.82
77312.2,120816.7,237227.1,213.9,0.35,-0.701,0.396,0.592
63753.3,136869.2,225747.8,351.0,0.3,-0.383,0.36,0.851
11635.9,98747.6,183669.5,265.6,2.33,-0.446,-0.445,0.776
26686.9,119627.7,201536.1,203.3,0.91,-0.297,-0.558,0.775
39676.4,106072.2,205551.4,88.6,0.57,-0.19,0.372,0.908
22020.9,50730.2,159422.9,47.3,2.4,-0.498,-0.039,0.866
88500.2,123612.9,246709.8,325.6,0.15,0.739,0.184,0.647
82022.0,129691.5,245363.0,178.8,2.05,-0.613,0.283,0.737
31027.0,112076.5,200924.9,281.5,0.39,-0.455,-0.404,0.793
96966.6,114492.3,230507.3,64.3,0.4,0.53,0.494,0.69
18228.8,118212.3,197447.5,303.6,0.28,-0.53,-0.216,0.819
10394.4,662.4,158996.3,260.2,0.72,-0.349,0.406,0.845
77473.0,120580.7,237563.7,300.7,1.06,-0.695,0.327,0.64
67849.5,112961.3,224968.5,213.0,0.8,-0.679,-0.452,0.578
17106.6,97320.3,185462.9,48.9,0.23,-0.712,-0.224,0.666
57517.3,118562.0,220653.7,86.4,0.81,-0.567,0.425,0.705
40703.1,104653.2,205892.7,81.2,0.65,-0.3,0.025,0.954
28660.2,60146.6,164488.8,314.4,0.72,-0.529,-0.124,0.839
70170.2,101938.9,222825.2,329.2,0.51,-0.702,0.007,0.709
14662.5,62146.4,161878.5,118.1,1.65,0.146,-0.484,0.862
66562.5,99821.9,220650.7,90.6,0.79,-0.576,0.194,0.794
71455.4,121952.6,233911.3,96.0,0.25,-0.506,-0.625,0.596
70233.5,131917.9,233255.1,283.4,0.08,-0.684,0.478,0.551
59200.1,131181.5,229035.9,258.4,0.59,-0.301,0.576,0.757
30134.5,113219.8,200610.7,321.1,1.42,-0.659,-0.115,0.743
-9879.8,54.5,158870.3,223.3,0.3,0.08,0.029,0.996
57977.6,118029.9,221427.2,71.1,1.02,-0.615,0.415,0.67
16482.2,66971.4,163879.9,85.5,1.39,0.062,-0.427,0.902
59472.3,115125.2,222325.6,308.1,0.1,-0.613,-0.531,0.586
49753.7,99678.3,208387.8,181.2,0.42,-0.406,-0.397,0.823
86249.6,127277.9,248785.4,352.8,0.38,-0.497,0.291,0.817
54092.8,120970.2,218197.9,342.6,0.57,-0.417,-0.713,0.584
82227.4,104850.1,233616.1,127.8,1.27,-0.668,0.36,0.65
85225.8,134912.9,243901.1,36.0,1.67,-0.573,0.184,0.798
59051.4,114568.2,221168.6,7.5,0.14,-0.282,-0.731,0.62
87406.3,125318.5,249186.6,216.4,0.2,-0.059,-0.689,0.72
48528.0,100082.0,207712.2,276.6,0.26,-0.553,-0.248,0.795
23100.9,108448.7,194887.8,106.0,0.49,-0.517,0.461,0.721
18282.0,61680.4,161221.7,303.8,0.94,-0.119,-0.416,0.901
82719.0,122094.6,241811.3,181.3,0.26,-0.629,0.11,0.765
69775.5,120412.1,230165.3,136.9,0.89,-0.579,0.427,0.694
35495.7,112403.9,203857.1,335.3,0.29,-0.574,-0.155,0.804
-3230.7,101030.9,192278.5,245.1,1.61,0.579,-0.457,0.674
33338.0,111285.7,202145.0,195.4,0.55,-0.55,-0.162,0.819
36044.2,113414.7,204403.3,136.4,0.36,-0.582,-0.132,0.802
41828.0,104789.2,206451.3,54.1,0.32,-0.402,-0.089,0.911
38675.1,108295.4,204589.3,129.6,1.38,-0.353,-0.213,0.911
49028.8,90705.9,203135.8,228.8,1.19,-0.728,0.185,0.66
81278.5,98814.9,231589.5,114.8,0.51,-0.632,0.327,0.702
70567.3,120199.2,230882.7,261.0,0.42,-0.588,0.394,0.707
-36171.6,2976.3,150694.1,322.5,0.49,-0.088,-0.577,0.812
19079.0,58022.8,160157.6,346.1,0.98,-0.249,-0.261,0.933
-32338.8,3834.1,152264.4,108.1,0.26,-0.323,-0.508,0.798
88681.6,123373.0,246581.8,12.4,0.1,0.804,-0.093,0.588
90786.5,103067.2,230201.8,359.1,0.83,0.346,0.738,0.579
74743.4,128747.1,238613.9,267.9,1.26,-0.624,0.199,0.755
101338.4,136102.2,239547.3,221.2,0.15,0.276,0.723,0.633
30065.8,114928.8,201143.3,116.6,0.25,-0.383,-0.484,0.787
95735.2,133982.5,243222.5,11.0,0.42,0.103,0.768,0.633
87157.9,125593.5,249475.6,186.0,0.21,-0.405,-0.54,0.734
-1249.4,-5874.9,159121.3,196.6,1.23,-0.052,0.133,0.989
4452.0,123932.6,208854.8,305.3,0.39,0.31,-0.49,0.813
12280.9,61263.2,161222.4,88.1,1.66,0.016,-0.412,0.911
88364.2,126277.9,249274.8,88.1,0.42,0.782,0.153,0.606
80040.6,129520.7,244462.2,315.8,0.12,0.093,0.806,0.583
17172.5,116455.5,196146.2,181.0,1.72,-0.38,-0.459,0.803
34123.5,107134.2,201669.5,232.7,0.21,-0.652,0.178,0.736
62086.2,119804.8,224121.7,292.8,0.97,-0.623,0.444,0.645
72826.1,133209.9,234506.4,288.2,0.26,-0.716,0.385,0.581
22502.6,112441.7,195670.0,300.4,0.26,-0.47,-0.401,0.787
14729.0,2822.2,159742.2,248.3,0.3,-0.473,0.121,0.873
59237.8,124481.0,229819.4,251.7,0.09,-0.584,-0.597,0.55
13829.5,60873.4,161132.4,14.3,0.39,-0.088,-0.432,0.898
32428.6,120881.6,205741.0,294.4,0.45,-0.24,-0.709,0.664
57736.3,118475.9,220922.4,195.0,0.37,-0.61,0.404,0.682
71045.7,120119.8,231417.4,134.3,0.13,-0.635,0.451,0.628
20619.4,6533.5,161903.9,61.6,0.74,-0.428,0.36,0.829
92990.7,109444.0,236250.8,258.4,0.37,0.7,-0.338,0.629
69127.9,125633.0,237557.2,151.1,1.18,-0.317,-0.474,0.819
57664.2,120152.5,220210.9,262.8,1.47,-0.55,-0.234,0.798
-2282.5,-1776.0,158245.6,160.0,0.33,0.1,0.169,0.98
40393.1,105844.4,205729.2,115.8,0.49,-0.354,0.066,0.932
79555.8,101564.6,229945.5,0.7,0.26,-0.607,0.051,0.792
31093.1,108128.5,200294.2,182.7,0.3,-0.513,-0.031,0.858
21829.7,111282.8,194714.7,144.1,2.24,-0.436,-0.446,0.781
64345.8,119966.8,225635.8,8.1,0.3,-0.557,0.405,0.725
60420.1,121299.3,222455.9,277.9,0.31,-0.435,-0.538,0.723
40222.5,92833.2,199187.5,24.9,1.09,-0.562,-0.372,0.731
37684.3,109782.9,204427.4,154.1,0.36,-0.477,-0.225,0.85
11830.7,-5106.7,161611.0,38.8,0.57,-0.207,0.535,0.819
95805.1,119340.0,230933.3,215.0,0.6,0.833,-0.051,0.551
-31314.1,399.4,150757.6,120.9,0.48,-0.305,-0.336,0.891
58439.3,134609.8,226349.6,301.0,0.6,-0.061,0.586,0.807
84486.5,121411.0,243882.2,250.2,0.37,-0.643,0.077,0.759
82969.0,121123.7,242455.8,333.7,2.04,-0.629,0.189,0.754
-13171.8,7079.9,158238.8,289.2,1.3,0.033,0.053,0.998
57188.3,117578.8,221058.3,289.2,1.4,-0.512,0.401,0.759
13409.0,57682.5,159706.2,175.7,1.58,-0.039,-0.376,0.926
87704.1,129235.3,248062.9,162.5,0.3,-0.389,0.396,0.832
37881.1,84921.9,190828.2,147.8,0.33,-0.165,-0.72,0.673
29135.8,104035.9,198861.3,84.3,1.98,-0.187,-0.008,0.982
75371.4,120797.2,235323.5,352.7,0.98,-0.677,0.389,0.624
74784.8,114272.1,232251.1,264.7,1.09,-0.476,-0.575,0.665
35359.4,110157.2,203244.4,164.7,0.3,-0.49,-0.238,0.838
38563.2,109560.9,204862.5,27.1,0.3,-0.462,-0.185,0.868
49269.3,100124.2,208328.1,191.6,0.64,-0.516,-0.229,0.824
38979.3,110547.6,205340.5,249.4,0.3,-0.461,-0.253,0.851
71870.2,125914.6,238252.3,186.2,0.17,-0.573,0.465,0.675
62929.9,101957.3,217628.0,231.3,1.41,-0.576,-0.073,0.814
78819.8,109671.3,232534.6,132.7,0.56,-0.559,0.031,0.825
83501.9,133092.2,243858.7,352.1,1.87,-0.286,0.525,0.801
81528.9,130189.1,244619.4,182.9,0.3,-0.723,0.349,0.597
39068.8,108783.9,204897.1,10.8,0.32,-0.363,-0.288,0.886
79884.2,131676.6,242266.7,266.4,0.11,-0.796,0.158,0.585
24854.3,113058.1,197327.9,26.5,0.23,-0.518,-0.398,0.757
87385.2,121561.6,246175.1,57.8,0.26,-0.526,-0.345,0.777
20783.3,391.1,164237.4,70.1,0.25,-0.47,0.413,0.78
59863.3,115535.4,222704.0,336.4,0.36,-0.49,-0.278,0.826
57805.7,117571.0,221549.5,151.6,0.62,-0.611,0.353,0.708
58619.1,120413.2,221001.0,147.5,0.26,-0.608,0.12,0.779
58157.3,115690.2,221307.4,249.1,0.6,-0.605,-0.323,0.727
76451.1,133809.2,237436.0,90.5,0.39,-0.423,0.475,0.769
6136.8,86726.6,177456.0,279.8,0.25,0.788,0.269,0.554
12392.5,62230.9,161684.0,153.5,0.3,-0.029,-0.439,0.898
37259.9,110722.9,204476.5,335.0,0.3,-0.45,-0.258,0.855
30124.6,115084.2,201296.9,46.8,1.36,-0.392,-0.471,0.79
83376.7,128236.0,246942.0,335.8,0.25,-0.454,0.42,0.785
88714.1,137571.2,245869.8,285.4,0.21,-0.664,0.159,0.729
82299.6,134801.4,242086.4,182.3,0.24,-0.377,0.517,0.768
25217.7,113507.6,197775.1,99.3,2.57,-0.481,-0.317,0.818
83554.5,111173.4,236672.8,183.1,0.32,-0.649,-0.117,0.751
12873.8,62457.0,161798.3,152.4,0.73,-0.048,-0.437,0.898
87283.9,124393.4,248377.6,11.2,0.13,-0.149,-0.765,0.624
77356.3,120969.8,237167.7,320.1,0.11,-0.689,0.418,0.592
69174.8,114718.2,228739.8,198.3,0.77,-0.655,-0.523,0.552
-40375.8,-30942.7,139566.9,13.1,0.34,-0.017,-0.067,0.998
61075.0,114357.2,222669.4,341.5,0.28,-0.423,-0.657,0.625
39834.4,96542.7,199914.3,296.8,0.98,-0.643,-0.435,0.607
60386.6,114826.5,222652.5,263.8,1.32,-0.422,-0.599,0.681
37060.9,110366.9,204275.2,336.8,0.95,-0.477,-0.256,0.841
-25658.9,3464.5,154038.6,343.4,0.93,-0.243,-0.492,0.836
81808.7,105015.1,233098.8,14.5,1.38,-0.745,0.072,0.662
87296.6,122406.6,246091.2,158.4,0.2,-0.677,0.165,0.716
65648.2,122484.2,229279.9,285.7,0.26,0.573,-0.545,0.613
4447.4,70117.7,164995.5,252.8,2.85,-0.115,-0.407,0.906
76929.7,123304.9,239730.8,90.2,0.12,-0.215,-0.772,0.597
8478.8,75640.4,167856.5,295.0,1.69,-0.297,-0.379,0.876
46771.9,103111.2,208014.2,80.6,0.43,-0.438,-0.273,0.857
67789.6,126363.4,236818.6,146.1,1.83,-0.132,0.691,0.7
94949.5,114354.2,232264.8,293.3,0.24,0.326,0.546,0.771
83038.8,127731.3,247131.7,245.1,0.43,-0.415,0.501,0.759
74109.2,128989.6,238029.9,41.4,0.65,-0.576,0.296,0.762
17406.4,123315.2,201924.6,163.7,0.94,-0.159,-0.603,0.781
60407.0,128098.5,232502.6,238.1,0.2,0.085,0.739,0.668
55519.8,116037.5,218009.0,142.0,0.63,-0.508,-0.64,0.573
87784.3,122749.6,246603.5,120.0,0.43,-0.695,-0.143,0.694
14756.1,57699.7,159803.3,8.3,0.76,-0.129,-0.358,0.925
11067.4,84112.0,172648.9,359.5,0.31,-0.374,-0.381,0.845
31385.0,112040.3,201110.1,245.4,0.43,-0.438,-0.409,0.801
41951.2,102251.5,205692.6,173.0,2.17,-0.253,-0.534,0.807
21099.4,113220.3,195343.3,116.7,0.26,-0.189,-0.583,0.79
15772.4,115286.0,194834.6,31.6,0.57,-0.357,-0.459,0.813
24920.3,102017.2,197260.3,284.3,0.34,-0.548,0.098,0.831
-22320.3,14665.4,160487.9,139.2,0.42,0.62,0.138,0.772
83423.6,129168.3,246466.4,62.6,0.27,-0.505,0.394,0.767
71159.5,120075.3,231583.9,305.9,0.27,-0.623,0.444,0.644
14101.9,3309.1,159236.4,4.3,0.31,-0.636,0.138,0.758
21309.4,115649.3,197403.9,107.6,0.42,-0.098,-0.669,0.737
61279.8,120214.7,223104.9,16.3,1.65,-0.588,0.225,0.777
60974.2,114625.9,222848.2,138.5,1.78,-0.464,-0.557,0.689
95578.9,129155.1,247264.8,134.6,0.83,0.583,-0.237,0.764
87973.2,122823.9,246817.9,46.4,0.57,-0.519,-0.142,0.837
93241.5,115643.2,234207.5,256.5,0.1,0.817,0.093,0.568
71568.4,112152.7,228352.0,302.7,0.63,-0.264,-0.784,0.56
67032.4,111412.1,222913.6,2.6,0.29,-0.422,-0.534,0.733
51656.9,118806.4,216052.4,42.8,2.29,-0.625,0.205,0.753
88654.3,133800.1,246816.5,229.9,0.39,-0.523,0.378,0.763
30907.0,113630.1,201430.9,303.2,0.45,-0.675,-0.153,0.722
-36230.6,2302.5,150183.9,103.7,1.28,0.004,-0.612,0.791
22073.2,108663.6,193995.9,46.6,0.27,-0.534,0.319,0.783
78553.9,111051.5,232332.8,63.7,1.84,-0.669,0.008,0.742
41454.2,107052.8,206072.2,216.2,1.13,-0.505,0.256,0.824
59668.3,115791.5,222700.2,250.0,1.02,-0.531,-0.242,0.812
62411.1,112634.4,221727.7,106.2,2.04,-0.348,-0.493,0.797
90091.3,115566.6,241235.7,116.1,0.55,0.817,0.046,0.575
39762.2,104876.2,205694.8,255.2,0.43,-0.152,0.027,0.988
82251.0,120448.2,242020.9,128.9,2.27,-0.473,-0.14,0.866
20574.5,112535.1,194703.6,277.6,0.26,-0.163,-0.578,0.8
-25763.1,4922.3,154883.3,341.8,0.32,-0.269,-0.439,0.857
9630.4,123478.9,205941.4,122.2,0.12,0.22,-0.766,0.604
31538.4,56899.6,165629.4,32.8,0.31,-0.423,-0.311,0.851
21613.5,114021.1,196041.3,130.1,0.32,-0.213,-0.574,0.791
38594.2,108406.1,204601.4,164.8,0.31,-0.353,-0.253,0.901
39691.2,105645.9,205643.8,183.5,0.56,-0.09,0.122,0.988
58981.3,115545.3,221855.3,191.6,0.22,-0.676,-0.396,0.621
74489.1,124997.5,239934.4,35.3,0.19,-0.578,-0.414,0.703
72411.7,125468.0,238914.9,218.1,0.37,-0.466,0.113,0.877
-11257.0,-221.9,158848.6,191.0,2.06,0.182,-0.184,0.966
85344.2,118054.9,241836.2,138.9,0.35,-0.612,-0.5,0.612
58713.2,116261.4,222289.8,297.0,0.25,-0.513,-0.5,0.699
36603.4,111053.7,204226.4,114.0,0.74,-0.469,-0.242,0.85
72903.9,93106.4,228418.6,226.9,1.7,-0.647,0.242,0.723
78113.7,106301.4,229735.2,127.2,0.31,-0.693,-0.298,0.657
24404.4,117128.6,199064.2,275.3,0.26,-0.25,-0.551,0.796
32359.5,108516.1,201107.9,319.4,0.31,-0.494,-0.143,0.857
-12814.8,6055.8,158241.1,58.8,2.55,-0.062,-0.008,0.998
83790.0,128141.0,247251.2,292.6,0.92,-0.443,0.386,0.809
-35471.0,4752.6,151977.2,63.9,0.44,-0.153,-0.574,0.804
87871.6,122663.5,246737.9,346.5,0.2,-0.694,0.014,0.718
85836.9,128944.0,247534.9,146.6,0.49,-0.171,0.549,0.818
87718.6,122084.4,246629.2,220.5,1.9,-0.676,-0.048,0.734
84102.1,121703.9,243314.0,38.1,0.24,-0.613,0.396,0.684
16734.9,95614.5,184530.6,158.3,0.56,-0.756,-0.308,0.578
11005.6,91444.1,178629.2,353.6,0.46,-0.023,-0.557,0.83
36435.7,124405.9,212231.9,108.9,0.11,-0.487,-0.644,0.59
60799.4,134002.5,226908.9,8.9,0.36,-0.185,0.566,0.803
85794.9,128829.5,247625.8,165.7,1.23,-0.164,0.555,0.816
6251.0,85072.6,177187.0,130.7,0.48,0.415,-0.561,0.715
27546.5,60256.5,163836.2,170.0,0.62,-0.494,-0.125,0.86
35174.9,106898.6,202792.4,110.5,0.69,-0.669,0.375,0.641
58268.6,118414.4,221426.5,171.4,0.65,-0.664,0.352,0.66
42184.5,105238.3,206653.0,218.5,0.38,-0.398,-0.117,0.91
61032.7,127651.7,232982.7,284.2,0.43,-0.019,0.656,0.754
70552.3,109205.9,225142.2,144.6,1.27,-0.528,-0.452,0.719
47369.7,103036.4,208289.0,9.9,2.53,-0.431,-0.249,0.867
73228.2,120288.6,233623.3,264.5,1.49,-0.652,0.369,0.662
11848.2,89713.1,176648.2,226.1,0.18,-0.677,-0.392,0.626
60244.5,115352.3,222846.5,25.1,0.44,-0.479,-0.411,0.776
44044.6,117359.2,210545.4,120.4,0.28,-0.502,-0.264,0.824
73021.5,111746.7,229060.5,220.1,0.15,-0.596,-0.479,0.645
37821.9,108921.6,204341.1,61.7,0.69,-0.485,-0.152,0.861
55241.5,107090.3,214115.4,17.2,0.36,-0.592,-0.032,0.805
64376.9,126298.1,235493.5,285.5,0.12,-0.723,-0.317,0.608
23216.4,112650.3,196187.3,116.3,0.58,-0.458,-0.392,0.798
88226.5,132663.2,246953.7,278.6,0.64,-0.588,0.29,0.755
20875.2,107359.5,193196.3,103.7,0.22,-0.734,-0.334,0.59
-25945.2,-8235.2,148882.0,108.3,0.6,-0.368,-0.369,0.853
33471.1,110447.4,202125.8,153.6,0.44,-0.548,-0.124,0.827
87103.5,126378.9,249441.6,251.9,0.82,-0.671,0.06,0.739
34784.5,109175.0,202625.7,101.6,0.61,-0.491,-0.22,0.843
98595.4,124150.0,229108.3,133.3,0.1,0.814,0.028,0.581
88202.2,123048.6,246941.0,84.1,0.37,0.358,-0.213,0.887
28969.0,114868.4,200561.2,126.1,0.35,-0.419,-0.434,0.798
39678.8,109274.5,205350.9,69.7,0.39,-0.412,-0.266,0.871
-13328.5,6054.9,158180.5,223.5,1.43,-0.061,-0.036,0.997
71150.3,119366.2,232030.2,241.7,0.18,-0.64,0.343,0.687
67793.8,95382.8,222076.5,110.7,0.2,-0.446,-0.609,0.643
19341.8,60402.2,160962.0,10.1,0.99,-0.264,-0.285,0.921
59556.0,115072.8,222350.7,131.6,0.11,-0.551,-0.595,0.587
65441.9,113187.5,223414.6,308.0,0.33,-0.185,-0.751,0.634
28236.0,108672.6,198123.4,207.1,1.38,-0.577,0.186,0.795
55152.6,97602.2,210332.1,245.9,1.14,-0.537,-0.238,0.809
11659.4,97771.6,183192.8,285.2,2.35,-0.46,-0.403,0.791
16939.6,57038.2,159661.6,95.1,0.41,-0.063,-0.319,0.946
41942.6,104700.7,206488.4,199.0,1.08,-0.365,-0.125,0.922
90274.0,132388.9,248109.9,22.6,0.46,0.415,0.354,0.833
88443.4,123633.7,246735.6,98.3,0.25,0.744,0.176,0.644
-35195.3,-31449.1,139480.6,178.8,0.84,0.072,-0.178,0.981
13182.5,62601.5,161895.4,349.8,0.39,-0.146,-0.425,0.893
39587.2,109969.8,205503.7,327.8,0.31,-0.425,-0.259,0.868
6912.4,-4409.1,159953.1,306.8,0.26,-0.308,0.563,0.767
56700.3,124706.5,227965.9,358.0,1.59,-0.658,-0.352,0.665
65425.7,122483.2,229571.4,337.7,0.26,0.539,-0.634,0.56
36433.1,108176.9,203439.7,242.9,1.55,-0.527,0.059,0.848
64978.5,111647.9,222197.1,27.8,1.78,-0.183,-0.573,0.798
47108.4,106776.6,209366.5,22.6,0.68,-0.489,-0.232,0.841
61389.2,94336.1,216341.9,192.9,0.34,-0.656,-0.292,0.696
58200.6,117541.4,221860.2,85.2,0.72,-0.545,0.293,0.785
72863.7,114013.2,231208.7,106.2,0.53,-0.286,-0.609,0.737
20751.3,107316.6,192996.4,352.2,0.96,-0.733,-0.362,0.575
88514.1,114201.1,243276.8,305.7,0.98,-0.539,-0.496,0.675
54096.7,119697.6,217697.3,246.3,0.28,-0.556,-0.126,0.817
-57914.6,-13686.9,144898.7,325.2,0.63,-0.253,-0.175,0.951
-14732.0,-95701.5,141118.0,246.6,0.26,-0.558,0.268,0.785
45318.2,102147.0,207033.8,236.3,0.26,-0.568,-0.258,0.781
51415.4,120660.2,216291.1,43.4,0.22,-0.113,-0.776,0.625
87488.1,118427.2,244517.8,354.4,1.53,-0.195,-0.57,0.799
37358.6,106464.0,204202.9,161.2,2.98,-0.407,0.277,0.87
62035.2,115717.4,224696.4,272.6,0.77,-0.472,-0.351,0.809
59047.5,137398.0,224564.1,169.6,1.43,-0.078,0.524,0.848
33804.2,109597.1,202172.7,2.1,0.41,-0.513,-0.182,0.839
26116.2,-162.0,167567.9,32.9,0.94,-0.577,0.16,0.801
-28011.4,-9534.5,147891.0,299.1,1.22,-0.134,-0.258,0.956
88833.3,129087.8,248751.9,223.2,0.45,-0.658,0.279,0.7
106599.7,122350.6,218374.5,172.9,0.24,0.508,0.549,0.664
65254.0,102363.2,219300.7,268.8,0.25,-0.612,0.146,0.777
23925.3,111659.8,196078.2,133.9,0.25,-0.442,-0.433,0.786
22309.1,117578.3,199112.2,235.1,1.66,-0.15,-0.594,0.791
28429.9,108583.5,198297.6,44.5,0.4,-0.586,0.232,0.776
94689.5,119399.6,232340.5,222.7,0.79,0.77,-0.217,0.599
90307.8,129100.0,249900.6,68.9,0.3,-0.462,0.178,0.868
59347.0,115239.2,222281.7,220.9,0.1,-0.71,-0.4,0.579
75479.7,120783.8,235467.1,64.5,0.6,-0.645,0.411,0.645
71140.5,108110.3,224820.3,229.1,0.73,-0.552,-0.309,0.774
40922.1,109862.5,206106.6,222.6,0.3,-0.396,-0.333,0.856
61838.5,114605.0,223827.4,186.1,0.38,-0.651,-0.447,0.615
42646.4,102504.2,206008.0,139.7,2.5,0.05,-0.545,0.837
17978.8,116527.2,196530.4,4.3,0.28,-0.39,-0.443,0.807
-24907.1,407.6,152727.8,227.2,0.42,-0.218,-0.446,0.868
89408.8,125070.5,245814.3,333.1,0.11,0.804,-0.207,0.557
46565.0,102861.4,207828.6,275.7,2.79,-0.44,-0.247,0.863
36692.2,110952.2,204243.8,12.0,0.3,-0.464,-0.258,0.847
40102.1,110011.7,205764.5,11.7,2.58,-0.424,-0.273,0.864
69770.8,129220.9,235213.6,110.2,1.22,-0.537,0.426,0.727
86764.2,119841.5,244996.4,83.6,0.5,-0.397,-0.472,0.787
29932.2,114788.7,200987.2,141.0,1.66,-0.381,-0.475,0.794
61665.3,98895.3,216751.8,326.3,0.25,-0.742,0.047,0.669
60525.4,120073.9,222652.8,320.0,0.32,-0.486,0.272,0.83
89241.5,124091.6,245604.6,284.6,0.77,0.762,0.114,0.637
-37219.8,-114600.6,140542.2,5.3,0.91,-0.215,0.402,0.889
90635.6,132944.1,247533.2,225.8,0.14,0.772,0.089,0.629
81780.2,121357.1,241418.7,84.3,0.35,-0.535,0.334,0.776
38775.0,107453.2,204582.6,190.9,2.21,-0.411,0.113,0.903
88905.8,127864.7,249304.9,272.1,0.3,0.039,0.085,0.982
25213.0,102944.2,197338.1,41.1,1.81,-0.619,0.047,0.784
41665.9,104435.2,206320.9,335.9,0.57,-0.434,-0.166,0.885
88419.4,120232.0,246060.0,25.5,0.17,0.603,-0.523,0.631
33857.7,112007.0,202609.6,158.4,0.7,-0.571,-0.091,0.816
55647.0,118688.7,219502.0,114.4,0.34,-0.375,0.598,0.708
3975.6,113952.8,203865.4,312.9,0.48,0.512,-0.052,0.858
51150.0,130528.1,230015.7,136.6,0.72,0.204,0.632,0.747
28719.7,112908.8,199431.6,120.7,0.39,-0.588,-0.178,0.789
86654.9,120438.3,245309.9,29.5,0.21,-0.585,-0.428,0.687
66859.4,99899.0,220869.4,262.1,0.25,-0.621,0.15,0.769
62029.2,115064.8,224282.4,100.6,0.17,-0.588,-0.476,0.654
21354.1,109944.8,193594.9,202.3,1.48,-0.521,-0.317,0.793
37349.5,110064.8,204336.9,55.5,0.94,-0.462,-0.255,0.849
60439.4,114618.5,222431.6,36.4,0.65,-0.444,-0.674,0.592
-30160.1,1637.5,151854.0,98.4,0.26,-0.289,-0.522,0.803
39280.0,110882.5,205620.2,62.9,1.22,-0.473,-0.26,0.842
79538.6,106491.9,230942.8,12.7,0.81,-0.682,-0.432,0.591
87459.4,125792.6,249747.3,251.1,0.28,-0.276,-0.482,0.824
87621.0,124006.7,248012.1,121.2,0.22,0.333,-0.705,0.626
24960.9,113049.2,197424.7,112.8,0.9,-0.512,-0.408,0.756
8195.2,78831.5,169454.9,180.3,1.91,-0.445,0.056,0.891
10650.7,64190.9,162506.4,126.0,0.3,-0.064,-0.461,0.885
15515.5,62723.7,161939.7,215.1,1.16,0.131,-0.44,0.888
74663.7,123584.3,238378.2,90.8,0.13,-0.532,-0.641,0.553
59496.7,115945.5,222620.3,15.8,0.25,-0.564,-0.279,0.778
57911.1,113018.2,218273.6,17.7,1.26,-0.774,-0.043,0.631
93295.8,133440.7,244063.5,45.4,0.84,0.492,0.526,0.694
15865.0,112109.1,193249.5,121.1,0.34,-0.643,-0.2,0.739
17108.3,115050.0,195261.9,190.0,0.26,-0.513,-0.333,0.791
60557.0,120474.6,222522.8,134.4,0.29,-0.525,0.283,0.803
15960.7,97512.7,184185.3,123.7,0.19,-0.658,-0.286,0.696
9338.3,76901.3,168863.3,86.4,0.71,-0.177,-0.449,0.876
61562.1,114907.8,223683.5,276.4,0.1,-0.704,-0.399,0.588
82097.8,124764.1,245004.9,9.3,0.89,-0.769,0.085,0.634
58931.9,121213.6,221504.3,169.4,0.76,-0.494,-0.359,0.792
42739.4,105781.5,206924.3,70.3,0.5,-0.306,0.085,0.947
37281.0,112872.0,205197.2,114.8,2.37,-0.536,-0.234,0.811
85310.7,126399.1,247859.1,314.3,0.59,-0.649,-0.078,0.751
69203.4,115956.8,230676.3,282.9,0.18,-0.69,-0.316,0.65
61031.7,130332.5,231023.8,88.2,0.46,-0.356,0.732,0.578
52155.6,94001.2,206929.3,301.6,1.03,-0.499,-0.399,0.769
58082.8,117192.5,221876.0,151.0,0.33,-0.539,0.247,0.805
-25136.4,-109192.5,139695.9,297.1,0.77,-0.08,-0.032,0.996
65042.8,124995.6,234352.6,65.8,0.23,-0.265,-0.598,0.755
74164.2,111731.9,229980.9,185.0,0.22,-0.371,-0.559,0.742
77753.9,112657.2,231914.1,222.6,0.25,-0.424,-0.477,0.769
81974.6,122220.9,241180.3,251.5,0.24,-0.613,0.127,0.769
-25524.2,-6878.8,149352.1,65.0,1.86,-0.181,-0.342,0.922
72854.9,121109.9,232829.9,12.0,0.52,-0.364,-0.639,0.652
46245.8,103621.1,207905.0,58.8,1.26,-0.494,-0.253,0.832
41158.5,99604.1,204091.9,168.3,1.24,0.029,-0.447,0.893
55537.4,107357.1,214272.5,201.4,0.46,-0.561,0.027,0.827
74653.0,111210.8,229696.4,124.8,0.75,-0.154,-0.766,0.626
78339.8,100570.0,228891.1,175.0,0.25,-0.595,-0.179,0.783
66201.3,120204.6,227323.8,304.8,0.31,-0.454,0.478,0.752
69080.5,102326.2,221983.3,121.7,0.3,-0.636,0.109,0.759
16527.6,65913.0,163371.8,159.0,0.3,0.055,-0.497,0.866
84851.1,121514.1,244139.5,336.0,0.46,-0.655,0.184,0.727
-34631.8,13795.0,164645.8,357.5,0.96,0.404,-0.42,0.813
85078.3,128821.7,247417.3,289.1,0.61,-0.278,0.553,0.786
73598.5,113303.8,230462.7,72.1,0.49,-0.426,-0.543,0.722
91674.9,129481.9,248453.8,60.4,0.28,0.628,0.46,0.626
88346.5,140722.9,245012.8,345.8,0.61,-0.582,0.051,0.811
31026.5,112937.0,201292.2,318.8,0.4,-0.523,-0.343,0.78
39849.1,105294.9,205677.3,228.0,0.36,-0.086,0.058,0.995
-24355.2,-1925.4,151672.4,160.4,0.57,-0.118,-0.49,0.863
89294.7,127608.5,248962.5,223.9,0.2,0.644,-0.372,0.669
87415.2,124738.0,248893.4,234.2,0.24,0.185,-0.616,0.739
95458.8,127822.5,246388.1,358.0,0.25,0.442,-0.534,0.71
86491.9,124625.5,248280.4,12.2,0.37,-0.219,-0.592,0.775
28857.9,69634.7,167328.5,214.7,0.54,-0.346,-0.733,0.586
41281.8,100344.7,204505.2,49.3,2.74,-0.009,-0.491,0.871
51529.8,95050.7,207059.4,116.3,0.43,-0.293,-0.46,0.838
71922.0,125897.6,238314.6,173.7,0.91,-0.579,0.464,0.67
74788.6,129323.3,238534.6,332.4,0.26,-0.762,0.12,0.636
-2007.5,-3193.8,158310.2,250.3,1.96,0.009,0.143,0.99
-36580.8,3585.0,151071.2,242.0,0.27,-0.103,-0.578,0.809
39709.8,100627.4,204661.7,359.0,2.15,-0.039,-0.592,0.805
85023.9,130043.7,246579.0,342.8,0.63,-0.248,0.561,0.79
23655.4,99884.4,197284.5,279.3,0.78,-0.625,0.213,0.751
22357.1,50591.4,159634.8,170.2,0.68,-0.476,-0.09,0.874
13953.2,-7849.3,163808.7,147.1,1.07,-0.546,0.292,0.786
26432.4,111613.5,197391.7,9.1,0.28,-0.584,-0.123,0.801
59871.7,118535.6,222960.1,231.5,0.21,-0.563,0.435,0.703
21109.5,108447.6,193366.3,117.5,2.59,-0.579,0.105,0.808
62039.5,97519.6,217586.0,90.1,0.18,-0.743,0.153,0.652
22031.7,112245.6,195292.1,115.8,0.28,-0.493,-0.325,0.807
32364.4,57333.7,166202.4,178.7,0.32,-0.441,-0.275,0.854
21414.6,114766.8,196633.2,126.5,0.49,-0.144,-0.663,0.735
86066.5,141669.1,243432.8,104.6,0.25,-0.507,-0.442,0.74
86990.6,125583.4,249338.7,200.2,0.49,-0.48,-0.448,0.753
50503.4,106890.1,211253.9,261.1,0.4,-0.466,-0.067,0.882
83502.9,120579.1,242718.0,325.6,2.21,-0.429,-0.466,0.773
54743.5,117664.5,219133.9,267.1,0.27,-0.658,-0.027,0.752
15464.8,-3009.0,162763.4,286.4,0.31,-0.506,0.338,0.794
40251.6,104632.9,205765.5,263.6,0.58,-0.196,0.001,0.98
61103.4,110914.4,219564.6,347.9,0.23,-0.603,-0.275,0.749
12000.1,66894.5,163867.0,279.9,0.98,-0.041,-0.45,0.892
16014.4,-2469.3,162891.8,312.6,0.6,-0.484,0.35,0.802
61742.4,114941.2,223893.7,339.5,0.29,-0.691,-0.395,0.606
58090.2,117238.8,221867.9,320.4,0.88,-0.544,0.246,0.802
58984.2,114316.9,220881.7,203.9,0.47,-0.122,-0.758,0.637
17189.0,91156.8,181229.0,52.4,1.09,-0.58,-0.556,0.596
23253.2,99285.1,197169.2,187.5,0.55,-0.639,0.348,0.687
39704.5,110197.1,205625.1,15.3,0.65,-0.432,-0.27,0.86
64466.1,92791.8,218618.2,28.3,0.73,-0.672,0.059,0.736
65849.6,121129.9,226463.3,129.8,0.22,-0.405,-0.479,0.739
35072.6,111207.3,203367.8,27.7,2.6,-0.551,-0.143,0.822
52269.0,124109.5,223439.2,273.1,0.87,-0.677,-0.198,0.703
76313.1,120662.6,236174.2,103.1,0.82,-0.667,0.299,0.682
8951.5,88949.6,175553.8,203.6,0.8,0.535,-0.38,0.755
33465.7,60339.0,167562.6,290.5,0.46,-0.555,-0.175,0.813
71317.2,115110.2,230412.1,163.8,0.15,-0.218,-0.729,0.648
72054.6,126608.9,238089.7,80.7,1.77,-0.493,0.252,0.832
87203.0,125603.0,249519.4,346.1,0.22,-0.382,-0.556,0.734
67904.5,117366.8,229317.6,211.9,0.25,-0.599,-0.242,0.762
72082.9,129218.6,236678.1,37.2,1.48,-0.564,0.369,0.739
64067.4,126835.0,235188.1,142.5,0.22,-0.791,0.008,0.611
27477.3,101209.9,198824.1,347.4,0.3,-0.52,0.121,0.846
-24204.0,-2763.0,151071.2,302.1,0.7,-0.029,-0.454,0.89
82023.4,127950.5,246398.4,328.9,0.32,-0.464,0.55,0.694
16401.1,4706.4,160338.0,85.8,2.9,-0.454,0.158,0.877
-20395.0,-113709.5,141015.4,205.3,1.29,-0.218,-0.321,0.922
14427.5,61829.5,161704.6,212.7,2.45,-0.006,-0.533,0.846
81288.0,107539.3,233028.7,280.9,0.22,-0.543,-0.38,0.749
-158.2,-2097.7,158183.3,124.2,0.3,-0.016,0.236,0.972
65209.5,112210.8,222697.9,320.3,0.27,-0.269,-0.517,0.812
15737.5,95276.3,183055.8,354.2,0.97,-0.746,-0.313,0.587
38446.8,110201.1,204959.4,347.6,0.3,-0.464,-0.246,0.851
24941.7,112402.5,197004.4,154.0,0.27,-0.456,-0.44,0.774
85598.4,109368.8,238198.8,220.7,0.3,-0.438,-0.58,0.686
58379.4,114890.8,220986.8,66.4,0.13,-0.549,-0.598,0.585
-31592.7,-31518.4,139587.8,210.2,0.7,-0.076,-0.004,0.997
10911.9,114599.7,194751.4,329.0,1.01,0.584,-0.368,0.723
85928.4,127913.0,248260.9,56.3,0.31,-0.27,0.551,0.789
28819.5,112729.5,199464.4,224.9,0.25,-0.608,-0.119,0.785
31361.7,113427.9,201718.2,88.4,2.17,-0.515,-0.314,0.797
80066.4,130067.9,243566.4,56.7,0.12,-0.417,0.671,0.609
37833.8,108887.8,204341.8,69.5,0.35,-0.481,-0.154,0.863
24754.7,103135.4,197021.7,319.1,0.25,-0.64,0.059,0.766
-28467.3,3087.2,153253.8,216.9,0.29,-0.202,-0.503,0.84
84017.6,104920.5,235091.3,260.2,0.56,-0.716,0.202,0.668
55231.1,114305.0,215222.2,136.0,0.35,-0.652,-0.318,0.688
50581.9,90564.5,204774.8,261.3,1.14,-0.686,-0.016,0.722
66346.0,112290.9,223221.5,246.8,1.37,-0.493,-0.603,0.628
38831.0,119728.1,208907.3,136.4,1.85,-0.389,-0.384,0.837
58908.8,115994.5,222190.8,331.4,0.42,-0.548,-0.542,0.638
31848.2,114516.7,202282.4,302.2,1.75,-0.659,0.045,0.751
43355.8,96748.2,202908.7,160.7,0.78,-0.11,-0.824,0.556
68165.0,116290.4,229797.2,105.8,0.57,-0.597,0.128,0.785
35980.0,105042.8,203937.2,100.2,0.29,-0.42,0.354,0.835
23660.5,115866.6,197944.7,274.3,2.02,-0.262,-0.545,0.796
29439.9,100481.3,200364.4,350.4,0.3,-0.379,-0.067,0.914
74076.8,126482.6,239263.4,13.6,1.68,-0.483,0.408,0.775
4855.0,125243.1,210077.8,116.1,0.44,0.307,-0.768,0.563
28207.1,108731.1,198096.2,218.4,1.03,-0.579,0.153,0.8
43484.0,99597.3,205261.7,314.9,0.47,-0.47,-0.268,0.841
74526.4,112905.0,231050.4,339.7,0.99,-0.465,-0.553,0.691
21394.4,114411.7,196296.9,79.1,0.23,-0.139,-0.648,0.749
-22564.7,-5588.4,150550.5,44.3,0.8,-0.431,0.177,0.884
18307.0,118049.9,197418.1,90.9,0.28,-0.489,-0.28,0.826
49995.9,89047.0,203464.4,143.0,0.38,-0.676,-0.433,0.595
21989.7,111297.3,194817.5,38.0,0.54,-0.404,-0.478,0.78
-29270.1,-116684.6,139350.0,12.1,0.7,0.004,0.01,1.0
37788.1,109113.5,204357.7,162.6,0.43,-0.5,-0.149,0.853
83860.3,135821.0,242709.2,201.0,0.33,-0.596,0.173,0.783
35129.4,107145.6,202615.6,146.9,0.42,-0.668,0.325,0.67
63847.5,96624.5,219797.9,88.9,0.29,-0.641,0.213,0.737
57718.9,120264.2,220300.0,243.8,0.34,-0.508,-0.338,0.792
13083.4,124575.4,204344.7,81.8,0.87,0.414,-0.507,0.755
31588.2,107757.5,200501.0,126.9,0.94,-0.457,-0.232,0.859
37963.7,110884.4,204907.4,5.0,0.81,-0.473,-0.242,0.847
84297.7,120667.6,243310.9,337.5,0.42,-0.536,-0.432,0.725
42641.1,104268.1,206666.7,75.4,0.88,-0.309,-0.25,0.918
76883.7,109663.9,230478.5,71.1,0.19,-0.731,-0.148,0.666
34006.5,109526.6,202281.8,1.7,0.32,-0.501,-0.208,0.84
75096.8,109814.3,228816.7,157.1,0.19,-0.683,-0.198,0.702
10543.1,1177.6,158774.6,217.3,0.31,-0.281,0.428,0.859
79302.6,123596.5,240939.8,3.7,0.4,-0.673,-0.432,0.595
74747.4,97820.4,227574.8,13.6,0.31,-0.498,0.502,0.707
73343.6,122643.9,235877.2,289.5,0.21,-0.375,-0.571,0.73
31238.2,110599.3,200534.9,5.4,0.24,-0.634,-0.075,0.769
80995.3,131199.6,243561.1,209.5,0.31,-0.583,0.559,0.589
51053.5,92041.6,205715.7,328.2,1.36,-0.575,-0.475,0.666
70743.1,119995.0,231188.2,14.3,0.73,-0.635,0.429,0.643
38072.4,126517.1,216211.7,239.5,0.2,-0.357,-0.6,0.716
57886.6,113287.8,218232.6,156.7,0.98,-0.799,-0.078,0.598
28592.3,114908.6,200373.9,35.9,0.4,-0.411,-0.445,0.796
84643.6,122020.2,243617.5,61.0,0.37,-0.635,0.29,0.714
42322.3,104843.5,206647.5,59.8,0.54,-0.357,-0.128,0.925
4789.8,114042.9,203354.1,122.5,1.82,0.534,-0.018,0.845
59467.1,116447.4,222765.9,9.2,0.24,-0.556,-0.328,0.764
73267.0,124679.4,239054.6,108.6,2.07,-0.379,-0.54,0.751
-1678.3,-10878.3,159984.2,168.8,0.89,-0.361,-0.238,0.901
-24463.7,-1925.2,151658.5,162.4,0.3,-0.158,-0.471,0.868
23548.9,101518.3,196382.1,58.3,0.2,-0.678,0.162,0.717
67705.8,111403.6,223445.1,120.6,1.23,-0.492,-0.554,0.672
40332.2,110001.1,205867.4,24.8,0.31,-0.416,-0.278,0.866
58729.3,116184.8,222222.0,162.1,0.33,-0.518,-0.544,0.662
57646.5,112877.8,217951.4,82.8,0.23,-0.692,-0.267,0.668
56025.2,115891.9,218306.9,51.9,0.95,-0.569,-0.477,0.669
41140.8,110871.2,206572.2,270.2,0.43,-0.423,-0.312,0.851
16445.0,95056.3,183852.0,175.8,0.23,-0.76,-0.272,0.59
62067.7,113256.5,222007.2,62.4,0.99,-0.331,-0.735,0.593
46266.4,103733.3,207940.4,26.6,2.02,-0.492,-0.222,0.842
37686.2,122213.8,210995.4,358.1,0.31,-0.398,-0.665,0.633
87116.0,121763.9,246127.1,344.8,0.27,-0.533,-0.234,0.811
62942.9,114538.5,224293.7,71.5,0.09,-0.085,-0.829,0.553
88036.6,121269.9,246498.4,69.6,0.59,-0.485,-0.362,0.795
77160.2,113323.0,232326.8,170.5,0.28,-0.18,-0.749,0.637
15806.3,95605.0,183319.1,37.3,0.19,-0.766,-0.268,0.585
68374.2,119767.5,229325.8,297.5,0.37,-0.702,0.369,0.609
81930.1,120786.3,241745.2,136.0,0.25,-0.58,0.224,0.783
22094.1,112257.0,195326.0,209.6,0.27,-0.483,-0.342,0.806
52055.3,115098.7,213084.2,41.4,0.36,-0.643,-0.073,0.763
97660.9,112040.5,231419.2,194.6,0.3,0.685,0.334,0.647
65367.2,115928.5,226593.9,105.9,0.6,-0.447,-0.603,0.66
38611.5,108278.0,204563.5,333.9,1.54,-0.35,-0.207,0.913
-5018.3,-115515.6,143223.3,257.6,2.01,-0.189,0.135,0.973
5495.1,-4185.0,159356.8,159.5,1.44,-0.154,0.443,0.883
47755.2,100729.4,207867.6,287.9,0.26,-0.389,-0.468,0.793
76070.0,138750.0,235441.0,300.0,0.29,-0.044,0.76,0.648
11438.0,111687.2,190990.2,163.7,0.24,0.265,-0.578,0.771
14228.5,94728.0,181967.5,345.0,0.61,-0.254,-0.561,0.788
17675.9,58218.1,160036.1,255.3,2.95,0.088,-0.306,0.948
15874.3,115019.0,194713.8,61.4,2.57,-0.318,-0.495,0.808
88016.8,115211.8,243335.6,171.7,0.77,-0.792,0.081,0.603
27709.9,101376.7,198961.2,263.9,0.3,-0.537,0.111,0.836
9635.3,85474.9,173525.6,225.6,2.95,0.38,-0.293,0.877
86729.4,120489.5,245424.9,259.3,0.55,-0.6,-0.421,0.678
11824.5,109986.8,189871.9,246.2,1.05,-0.475,-0.506,0.72
85150.1,120666.9,244255.6,227.5,0.3,-0.598,-0.419,0.682
24357.2,100938.1,197254.4,140.4,0.27,-0.506,0.336,0.794
71232.5,114989.7,230274.2,23.7,0.21,-0.247,-0.7,0.669
61157.3,128553.8,232123.5,235.4,1.36,-0.292,0.592,0.747
46866.9,109219.7,209739.7,145.7,1.37,-0.526,0.374,0.763
57343.4,110178.0,216610.2,196.7,0.26,-0.629,-0.341,0.698
84787.5,122367.1,243685.3,341.7,0.22,-0.642,-0.197,0.733
27706.7,63122.0,164523.9,359.4,2.08,-0.606,0.043,0.795
17020.5,54206.1,158784.3,108.0,0.32,-0.141,-0.301,0.943
23956.3,60361.3,162073.9,62.0,0.5,-0.559,0.049,0.828
57108.2,92907.7,211870.5,51.2,0.23,-0.813,-0.134,0.567
81408.7,104570.2,232560.3,112.5,0.09,-0.808,-0.173,0.564
81546.8,107289.5,233159.8,98.5,0.68,-0.625,-0.234,0.745
45596.4,103574.6,207488.6,198.5,0.32,-0.482,-0.235,0.844
82050.4,120578.4,241895.8,206.3,2.18,-0.561,0.074,0.823
22337.3,115388.8,197268.1,185.4,0.23,-0.088,-0.652,0.753
33536.8,119694.3,205386.8,253.4,1.47,-0.387,-0.426,0.818
90451.5,131828.2,248180.1,73.6,0.48,0.635,0.316,0.706
52300.3,117885.0,216669.7,216.5,0.26,-0.654,-0.045,0.756
83984.6,124892.9,247327.6,107.5,0.13,-0.787,0.131,0.602
15213.7,111625.7,192517.2,199.2,1.62,-0.601,-0.251,0.758
80125.0,121382.1,239952.8,26.2,0.16,-0.697,0.293,0.654
-7796.6,-579.0,158885.9,251.0,0.32,-0.001,0.029,0.999
43483.1,96727.2,202860.5,184.6,0.28,-0.131,-0.824,0.551
66666.3,126866.8,236916.7,229.9,0.29,-0.351,0.694,0.623
49912.7,113258.1,211587.6,262.5,0.91,-0.426,-0.029,0.904
-35365.3,4179.0,151595.4,134.0,0.38,-0.157,-0.565,0.81
81165.5,140160.4,238826.1,234.0,0.25,-0.655,0.342,0.674
-10885.6,-211.7,158745.3,208.0,0.55,0.13,-0.217,0.966
74252.1,112031.3,230255.3,93.6,0.23,-0.398,-0.537,0.744
58222.2,107239.0,215654.9,236.8,0.28,-0.434,-0.367,0.822
18489.6,87215.7,178098.1,303.8,0.2,-0.21,-0.675,0.708
97557.9,115139.2,229581.4,95.3,0.23,0.537,0.467,0.702
84195.0,106213.5,235237.3,342.5,1.64,-0.716,0.091,0.692
58258.5,113123.1,218662.4,144.1,0.12,-0.804,-0.172,0.569
29086.2,118063.9,202030.2,138.5,0.26,-0.586,-0.163,0.793
74139.7,134077.9,236193.0,83.1,0.7,-0.814,-0.132,0.563
-27397.1,2357.6,152934.8,71.0,0.59,-0.202,-0.499,0.843
61170.5,114532.6,222911.6,23.2,0.2,-0.525,-0.588,0.616
82873.9,128431.0,246547.2,52.5,0.36,-0.468,0.456,0.757
37568.9,111731.8,204981.2,331.8,0.84,-0.479,-0.284,0.831
42816.8,105157.4,206866.9,50.6,0.7,-0.304,-0.116,0.946
55539.8,114271.8,215544.9,67.4,0.24,-0.649,-0.384,0.657
75819.4,107083.2,228423.3,348.5,0.3,-0.645,-0.217,0.731
59386.8,113707.8,220314.9,98.4,0.29,-0.263,-0.524,0.81
95122.9,117872.4,231468.6,284.8,0.66,0.777,0.129,0.617
82904.6,120160.6,242154.7,284.9,0.21,-0.32,-0.608,0.726
63008.3,95610.3,218787.3,27.4,0.18,-0.5,-0.559,0.661
86706.4,126317.3,249070.8,307.4,2.12,-0.682,-0.057,0.727
39382.8,109902.5,205383.4,345.0,0.31,-0.433,-0.241,0.869
76304.7,115198.5,234476.4,120.0,0.76,-0.486,-0.673,0.558
24221.1,122594.0,204325.4,232.3,0.09,-0.453,-0.701,0.55
43031.8,128813.4,227818.7,13.7,0.53,-0.202,-0.757,0.623
28561.5,61702.3,164682.4,100.5,1.37,-0.479,-0.128,0.869
69650.4,117413.2,230957.1,317.2,1.35,-0.697,-0.02,0.717
87904.1,121251.3,246394.1,62.2,0.27,-0.502,-0.325,0.801
57489.7,109909.8,216666.8,33.7,0.69,-0.609,-0.331,0.721
10977.7,92816.9,179493.4,210.7,0.43,-0.256,-0.434,0.857
88300.6,120669.6,246367.0,326.4,0.49,0.056,-0.53,0.814
62740.1,114164.2,223696.3,209.5,0.87,0.004,-0.825,0.565
38560.0,110092.2,204991.6,39.5,1.15,-0.471,-0.227,0.853
86588.1,127822.0,248580.9,78.6,0.25,-0.294,0.616,0.731
104823.4,120431.8,221231.6,212.4,0.31,0.339,0.468,0.815
29860.4,113762.1,200543.7,164.4,0.24,-0.606,-0.192,0.772
60146.7,115140.6,222703.7,142.8,0.43,-0.423,-0.436,0.794
24396.1,111685.3,196362.9,293.9,0.5,-0.444,-0.4,0.802
47677.1,101670.4,208122.9,288.6,0.44,-0.458,-0.238,0.857
57519.7,125274.2,229013.1,47.1,0.74,-0.661,-0.301,0.686
46534.6,108439.8,209574.8,6.3,0.45,-0.629,-0.308,0.714
52986.0,117317.3,217385.0,142.7,0.12,-0.767,-0.225,0.598
7387.0,90909.5,178679.8,286.2,0.44,0.215,-0.468,0.856
66393.3,100764.6,220356.9,351.9,0.24,-0.667,0.091,0.739
87533.1,135976.7,244964.7,320.6,0.23,-0.5,0.437,0.747
32916.0,59254.2,167031.1,116.3,0.37,-0.536,-0.129,0.834
54580.8,120677.4,218378.3,101.0,0.27,-0.534,-0.293,0.792
-30484.4,17344.5,163820.9,346.0,0.9,-0.078,-0.022,0.996
76527.0,127736.9,241009.0,163.0,0.24,-0.618,-0.144,0.768
90995.9,121249.6,239854.8,11.9,0.24,0.734,0.11,0.67
-29321.5,1359.1,151938.8,151.9,0.31,-0.235,-0.454,0.859
27428.1,108145.1,197810.7,272.1,0.3,-0.522,0.376,0.765
60008.4,114793.7,222372.5,56.3,0.94,-0.486,-0.654,0.583
85189.1,118452.7,241987.3,188.1,0.26,-0.433,-0.471,0.766
19385.8,61162.4,161245.3,248.4,1.43,-0.26,-0.367,0.893
47233.4,106472.2,209346.7,229.1,0.5,-0.472,-0.215,0.855
74856.2,111694.7,230307.2,1.0,0.3,-0.378,-0.616,0.691
46745.5,102364.5,207804.8,315.5,0.33,-0.442,-0.173,0.88
80065.9,104523.4,230924.2,85.7,0.64,-0.714,-0.268,0.647
40918.5,105806.8,206024.7,191.4,1.5,-0.44,0.039,0.897
39608.8,119819.6,209270.1,187.2,1.09,-0.37,-0.444,0.816
7819.4,77188.3,168672.6,16.6,0.62,-0.112,-0.456,0.883
57105.9,118618.1,220372.8,70.0,0.31,-0.458,0.428,0.779
29954.1,110030.9,199404.7,208.0,0.38,-0.644,0.057,0.762
85018.6,125130.7,247976.5,153.8,1.09,-0.574,0.104,0.812
87581.5,122852.8,246364.0,55.8,0.83,-0.643,-0.444,0.624
31577.3,109635.4,200707.0,5.1,0.3,-0.58,-0.05,0.813
-40947.6,-17907.0,142808.5,276.8,0.3,-0.02,-0.334,0.942
13708.4,113043.4,192494.2,285.5,0.22,-0.626,-0.274,0.729
27298.1,100391.4,198935.9,296.1,0.32,-0.451,0.297,0.841
93094.1,129221.6,248389.3,273.1,1.82,0.264,0.57,0.776
16396.4,58892.9,160292.5,81.1,2.21,0.12,-0.328,0.937
40013.5,109513.4,205580.6,84.1,1.44,-0.414,-0.257,0.873
84868.7,134255.1,243889.6,127.2,1.3,-0.467,0.428,0.774
23354.7,111872.0,195916.6,114.1,0.26,-0.422,-0.432,0.797
67837.4,119557.3,228841.5,59.7,0.37,-0.577,0.481,0.659
-36540.2,2964.9,150633.7,145.5,0.43,-0.175,-0.559,0.81
32215.1,49784.7,163659.5,107.8,0.3,-0.436,-0.064,0.896
70231.5,118734.5,231451.4,15.6,1.89,-0.582,0.121,0.804
19622.5,122456.4,201512.6,207.5,0.23,0.247,-0.612,0.751
82408.9,120595.8,242100.8,117.5,0.3,-0.52,-0.07,0.849
60877.9,124394.0,231126.9,359.7,0.12,-0.49,-0.619,0.613
61442.1,120070.8,223282.3,163.5,0.37,-0.61,0.294,0.736
-19371.3,-1049.7,152959.3,185.0,2.19,-0.323,-0.391,0.862
31211.8,103563.2,199797.3,299.6,0.22,-0.627,0.26,0.735
-19357.5,11432.8,159632.0,121.0,0.3,0.274,-0.033,0.961
71619.2,92922.5,227641.1,73.8,0.27,-0.537,0.476,0.693
8006.5,120776.7,201970.6,27.2,0.31,0.809,0.093,0.566
89722.1,128988.5,249538.3,240.6,1.59,-0.446,0.401,0.8
76427.0,111219.4,230424.6,287.1,1.42,-0.663,-0.268,0.698
88057.5,120315.4,245947.8,308.8,1.71,-0.297,-0.572,0.764
27975.8,118191.1,201452.5,245.7,0.25,-0.424,-0.457,0.781
76563.8,134350.0,237317.1,342.5,0.21,-0.655,0.314,0.688
71417.1,124980.7,238267.5,0.9,0.41,-0.567,-0.517,0.641
61413.9,105914.6,217327.0,201.2,0.56,-0.485,-0.388,0.782
62918.3,113766.0,223007.0,333.1,0.74,-0.18,-0.731,0.657
16694.5,98728.3,185614.1,18.3,0.25,-0.727,-0.341,0.6
39932.7,104741.7,205726.3,184.3,0.3,-0.147,0.009,0.989
87836.8,125612.1,249549.3,317.2,0.5,0.075,-0.705,0.706
34180.7,111124.8,202715.2,272.7,0.29,-0.576,-0.118,0.809
95905.5,106290.7,230087.8,140.3,0.61,0.642,-0.242,0.726
31336.3,109343.1,200558.2,299.7,0.58,-0.545,-0.035,0.838
38151.1,108533.5,204446.0,155.7,0.31,-0.439,-0.181,0.88
23187.5,111103.3,195288.4,61.8,1.39,-0.43,-0.498,0.753
-10633.9,-2180.5,158012.5,233.2,0.55,-0.227,-0.462,0.857
35778.2,109282.1,203220.7,255.9,1.29,-0.479,-0.252,0.841
31302.2,113052.2,201519.6,34.6,0.82,-0.49,-0.36,0.794
75485.5,125467.5,240554.5,171.1,0.95,-0.559,0.429,0.71
59538.8,113282.2,220102.0,170.3,0.67,-0.176,-0.474,0.862
6158.5,111018.1,202596.3,22.3,0.1,0.823,0.025,0.566
46764.9,103647.5,208213.5,7.6,0.29,-0.461,-0.297,0.835
67812.8,117550.3,229343.9,238.4,0.63,-0.556,-0.314,0.77
108674.1,121515.4,217602.7,45.2,0.29,0.785,0.17,0.594
24889.4,113026.2,197340.8,321.7,0.24,-0.512,-0.408,0.756
57753.9,92102.1,212171.8,9.0,0.22,-0.704,-0.229,0.661
95325.9,115621.4,231408.6,43.3,0.22,0.682,0.054,0.728
46909.6,96246.8,204308.8,314.7,0.1,-0.577,-0.584,0.572
7531.2,69485.3,164962.2,101.4,0.38,-0.093,-0.444,0.891
65780.7,112756.9,223230.3,130.3,0.19,-0.426,-0.565,0.707
76513.0,121842.1,235921.3,158.1,0.14,-0.522,-0.57,0.631
56639.6,110823.8,216068.6,217.6,0.52,-0.788,-0.064,0.611
6120.3,84109.5,176175.5,127.5,1.01,0.347,-0.668,0.658
89132.2,134632.4,246704.3,123.6,1.3,-0.588,0.287,0.756
86228.2,127841.4,248450.1,29.1,1.41,-0.272,0.602,0.75
8248.5,76378.4,168205.5,97.2,0.38,-0.02,-0.482,0.874
37184.3,110214.2,204294.9,47.3,0.39,-0.473,-0.252,0.844
22933.4,112868.4,196141.6,173.4,0.43,-0.489,-0.317,0.812
21965.5,111055.2,194670.6,69.6,1.11,-0.354,-0.538,0.765
58612.6,106948.1,215827.5,78.4,0.92,-0.536,-0.29,0.792
36298.9,112863.9,204536.9,154.3,1.66,-0.569,-0.172,0.804
26936.9,117396.4,200493.0,287.6,1.39,-0.353,-0.483,0.801
84893.0,118814.5,242140.4,290.5,0.25,-0.221,-0.578,0.785
8837.1,85234.8,174041.2,95.7,0.14,0.768,0.065,0.638
66067.7,120209.5,227246.9,21.0,0.77,-0.499,0.471,0.727
39577.8,112307.6,206304.2,306.1,0.28,-0.446,-0.346,0.825
65240.2,119856.7,226495.4,35.7,0.12,-0.751,0.256,0.609
37022.7,107785.6,203809.9,48.9,0.71,-0.467,0.114,0.876
86233.4,129541.4,247193.5,326.3,2.16,-0.26,0.6,0.756
41958.1,111547.4,207248.8,52.4,0.8,-0.431,-0.302,0.85
87483.9,124844.9,248964.2,133.3,0.67,0.395,-0.552,0.731
81395.4,121966.4,240779.4,287.6,0.46,-0.602,0.4,0.69
34306.8,107897.5,201878.6,114.6,0.31,-0.486,-0.328,0.81
17670.5,54810.7,159068.4,14.1,1.59,-0.161,-0.283,0.945
26735.7,113542.8,198671.9,340.4,0.28,-0.399,-0.443,0.803
59661.5,118498.7,222816.2,58.7,1.2,-0.596,0.429,0.679
86810.0,127899.6,248593.2,30.6,1.58,-0.366,0.595,0.716
29234.2,60214.2,164856.4,282.6,2.23,-0.495,-0.141,0.857
73529.4,111335.8,229176.9,299.5,0.16,-0.563,-0.531,0.634
82079.4,120710.3,241891.6,104.4,0.4,-0.576,0.163,0.8
76318.0,104716.1,227894.9,85.8,2.12,-0.592,-0.062,0.804
53374.1,104978.9,212503.4,167.3,0.31,-0.539,-0.268,0.799
96636.5,114877.5,230506.8,287.4,0.17,0.607,0.43,0.668
63755.7,120197.5,225056.0,36.1,0.23,-0.575,0.321,0.752
59036.9,115556.6,221921.3,121.5,0.12,-0.697,-0.375,0.611
42703.5,104302.1,206697.0,222.5,0.3,-0.295,-0.249,0.922
16054.0,97158.6,184196.4,20.7,0.13,-0.769,-0.151,0.62
73325.7,125956.4,239195.7,162.9,1.45,-0.376,0.374,0.848
54283.7,118934.7,218247.3,121.9,1.09,-0.583,0.427,0.692
18327.6,61611.4,161197.4,193.7,0.49,-0.13,-0.409,0.903
-1286.3,-5539.2,159096.3,6.7,1.07,-0.091,0.104,0.99
86851.6,127958.1,248556.2,71.6,1.8,-0.376,0.59,0.714
64081.2,125560.4,234633.2,96.2,0.53,-0.357,-0.604,0.713
106238.1,117679.5,221928.3,5.6,1.49,0.071,0.725,0.685
59608.0,107295.9,216643.5,336.8,0.25,-0.588,-0.221,0.778
1347.0,99614.6,187382.4,160.0,0.41,0.315,-0.72,0.602
79831.8,130474.6,243129.1,52.9,0.68,-0.619,0.506,0.6
4492.2,71409.0,165572.7,298.1,3.03,-0.399,-0.271,0.875
84319.2,105188.1,235389.0,100.4,0.13,-0.818,-0.046,0.573
15005.5,54477.2,158514.0,142.8,2.85,-0.199,-0.446,0.872
61321.4,92908.0,215621.8,112.4,0.17,-0.614,0.414,0.672
81648.1,129646.7,244979.2,161.2,0.18,-0.706,0.212,0.676
37465.8,105081.7,205022.9,116.3,0.45,-0.586,0.47,0.66
23443.4,110654.3,195181.9,88.7,0.25,-0.511,-0.356,0.782
38442.9,104986.9,205524.7,318.7,0.37,-0.268,0.14,0.951
65898.6,116027.1,226988.1,351.4,0.95,-0.4,-0.619,0.676
10957.0,1221.5,158857.0,199.6,0.78,-0.256,0.347,0.902
87208.8,119717.0,245130.1,240.4,0.27,-0.372,-0.454,0.809
68531.0,100852.0,222278.9,328.0,0.53,-0.648,0.367,0.667
37768.6,108392.6,204227.3,359.2,0.31,-0.441,-0.122,0.889
35651.4,111379.2,203741.3,48.6,1.05,-0.509,-0.189,0.84
83414.4,132443.0,244284.8,81.4,0.24,-0.273,0.57,0.775
79671.1,126453.7,245918.8,194.8,0.12,-0.501,-0.613,0.608
80167.5,106781.3,231826.1,172.6,0.58,-0.697,-0.185,0.692
15916.0,65367.0,163111.3,153.9,2.53,0.15,-0.406,0.901
16863.5,-7677.3,164946.8,177.8,1.34,-0.255,0.12,0.959
24547.4,113271.9,197219.7,65.7,0.48,-0.492,-0.358,0.793
16351.8,64175.6,162541.1,343.9,0.62,0.045,-0.365,0.93
56207.3,114301.7,216240.9,117.2,0.4,-0.628,-0.436,0.644
81852.6,109400.1,235476.0,15.9,0.52,-0.767,-0.036,0.639
14452.1,5253.0,159126.3,78.9,0.39,-0.416,0.057,0.907
85693.1,124848.0,248227.3,220.8,1.58,-0.322,-0.46,0.827
36107.5,108631.2,203266.9,54.1,0.44,-0.529,-0.14,0.837
16705.1,95604.2,184486.2,345.9,0.11,-0.758,-0.313,0.572
56322.6,124682.4,227620.2,348.6,0.36,-0.596,-0.307,0.742
38724.3,109738.4,204999.1,108.4,0.42,-0.473,-0.208,0.856
-8478.6,652.1,158732.2,30.9,1.63,0.01,0.167,0.986
38808.3,109525.3,204986.7,295.5,0.82,-0.453,-0.22,0.864
82216.7,120367.0,241989.5,146.3,0.33,-0.442,-0.21,0.869
76307.7,106549.0,228509.8,321.4,0.21,-0.547,-0.461,0.699
60391.3,114439.8,222138.8,101.6,0.11,-0.467,-0.692,0.55
76030.1,138005.4,236053.9,98.3,1.38,-0.599,-0.114,0.788
8870.4,94185.5,179735.8,355.6,0.44,-0.064,-0.622,0.78
98206.1,113314.1,230114.7,118.2,0.57,0.621,0.358,0.697
-19584.8,13741.0,159732.4,41.5,0.3,0.422,0.243,0.873
90483.1,142577.3,243916.9,218.4,0.27,0.092,0.583,0.807
45893.7,103302.9,207573.1,246.9,0.61,-0.484,-0.228,0.845
29089.4,115482.0,200942.0,180.1,0.84,-0.4,-0.433,0.807
-2354.0,-3016.2,158286.4,137.0,0.47,0.031,0.112,0.993
32086.4,107374.6,200643.7,320.6,0.36,-0.38,-0.276,0.883
91827.7,136464.3,244028.0,311.2,0.18,0.751,0.354,0.554
28793.6,102788.4,199051.5,101.2,0.48,-0.359,0.34,0.869
-10486.5,4249.9,158234.7,157.1,2.9,0.062,0.071,0.995
35488.4,106972.7,203065.2,279.9,0.31,-0.643,0.389,0.66
85175.3,126697.7,247848.9,1.4,0.22,-0.629,-0.402,0.665
46690.9,99078.8,206321.2,327.9,1.55,-0.378,-0.538,0.753
13959.1,100064.4,185056.1,21.4,2.48,-0.152,-0.535,0.831
77872.9,108857.2,231115.4,247.9,0.86,-0.637,-0.289,0.713
29743.5,59999.8,165121.2,89.0,0.56,-0.52,-0.12,0.845
59390.4,124780.6,230405.0,159.8,0.09,-0.616,-0.55,0.563
59429.1,130469.8,229761.5,328.0,0.21,-0.199,0.721,0.66
-164.8,-2414.8,158253.7,25.7,0.3,-0.033,0.134,0.99
88204.2,122867.3,246979.5,115.0,1.28,0.214,-0.008,0.941
108241.5,125115.4,215620.7,38.3,0.93,0.182,0.51,0.84
-25673.5,-3469.8,150649.8,242.8,0.73,-0.28,-0.353,0.892
85592.5,110389.6,238776.9,5.5,0.5,-0.676,0.213,0.705
48143.7,105782.3,209637.9,354.5,2.15,-0.388,-0.199,0.9
-12316.0,6615.0,158233.5,153.5,0.37,0.049,0.076,0.996
60167.1,117961.9,223504.5,337.2,1.02,-0.569,0.269,0.775
39361.8,112847.2,206398.2,264.2,1.84,-0.475,-0.288,0.831
-17829.4,5961.0,158415.9,150.0,0.34,-0.415,-0.156,0.895
-19922.7,-108471.4,141224.0,146.4,0.31,-0.521,0.13,0.843
36056.5,112904.0,204364.2,233.5,1.35,-0.594,-0.135,0.793
45914.5,117814.5,211766.6,344.9,1.05,-0.48,-0.286,0.83
93073.3,128907.6,248598.3,316.8,0.79,0.443,0.248,0.849
16869.4,55798.2,159253.2,312.3,0.65,-0.101,-0.296,0.95
88433.7,123800.6,246649.0,337.8,0.21,0.78,0.21,0.59
48739.3,101689.1,208661.0,313.8,0.82,-0.378,-0.328,0.865
19596.2,-4636.7,165442.0,180.4,0.75,-0.324,0.092,0.941
101506.4,135821.1,239835.7,257.5,0.11,0.201,0.784,0.587
88253.2,123021.9,246970.2,327.4,0.32,0.467,-0.129,0.864
30195.9,62403.1,165699.8,13.6,1.44,-0.544,-0.105,0.833
57755.6,115289.4,220791.4,317.5,0.16,-0.704,-0.43,0.567
79235.4,127740.0,244370.5,254.7,0.12,-0.784,0.037,0.607
69527.9,100973.4,223057.6,249.3,0.24,-0.585,0.312,0.748
88138.3,117799.1,244320.7,176.2,0.97,0.406,-0.473,0.779
-16987.3,4786.9,158160.7,52.2,0.23,-0.287,-0.693,0.664
61006.9,107814.5,217807.7,282.4,0.45,-0.494,-0.331,0.804
64597.0,99841.8,219092.0,75.1,0.2,-0.728,0.131,0.673
-37432.2,-27090.6,140078.1,181.1,0.76,0.102,-0.157,0.982
14169.0,4329.1,159000.3,55.4,0.26,-0.571,0.216,0.791
33580.5,113262.2,202956.8,140.3,1.3,-0.406,-0.415,0.814
14837.1,119852.2,197590.3,29.1,0.1,-0.228,-0.8,0.556
72011.9,100691.0,224500.4,231.1,0.6,-0.299,0.502,0.811
-32419.2,-32118.1,139518.0,200.8,0.72,-0.197,0.0,0.98
-33521.5,2517.0,151001.6,292.5,2.89,-0.282,-0.414,0.866
-37921.5,1830.7,149636.6,321.9,0.29,-0.023,-0.564,0.826
35284.6,118047.7,205723.2,248.4,1.1,-0.586,-0.541,0.603
88062.0,123123.9,246972.2,92.3,0.29,0.162,-0.499,0.834
23383.5,126424.7,206295.5,125.8,1.29,-0.655,-0.433,0.619
27703.6,107630.1,198189.8,176.7,0.82,-0.548,0.11,0.829
38409.8,106102.7,204942.6,338.1,0.25,-0.435,0.442,0.784
36948.4,100409.3,204728.4,306.6,0.31,0.183,-0.242,0.953
-29099.2,901.7,151779.2,39.9,0.4,-0.279,-0.429,0.859
77421.4,109479.7,231138.7,50.7,0.19,-0.758,-0.257,0.599
3769.6,69864.9,164815.5,253.7,0.43,-0.221,-0.352,0.909
71413.3,115235.3,230600.3,177.2,0.13,-0.168,-0.768,0.619
27463.7,108248.0,197780.2,135.7,1.43,-0.524,0.373,0.765
26687.5,111314.0,197601.6,195.6,0.31,-0.593,-0.144,0.792
38545.4,105420.4,205450.1,23.3,2.63,-0.405,0.363,0.839
72799.6,120082.1,233306.3,281.5,0.14,-0.705,0.308,0.637
13834.3,-5119.5,162569.0,307.1,0.98,-0.524,0.297,0.798
52585.4,114687.2,213405.3,167.0,1.64,-0.564,-0.153,0.812
69988.8,128213.5,235863.8,60.5,0.64,-0.587,0.356,0.727
24880.5,113101.5,197381.6,48.5,2.01,-0.522,-0.391,0.758
16059.2,61742.7,161403.3,118.6,2.21,0.075,-0.416,0.906
71456.5,120160.3,231783.0,331.9,0.23,-0.589,0.432,0.684
20692.3,123610.5,202550.9,340.4,0.27,-0.128,-0.581,0.803
19181.9,-3375.0,165101.8,85.9,0.36,-0.345,0.166,0.924
32689.1,103343.6,201893.6,55.3,0.44,-0.737,0.317,0.598
55970.2,130152.2,230850.9,245.7,0.2,-0.208,0.746,0.632
57730.0,116843.8,221784.8,187.3,0.55,-0.537,-0.012,0.838
31231.5,113264.8,201569.1,172.3,0.37,-0.521,-0.319,0.792
-27772.2,16759.7,164062.6,122.8,0.28,0.49,0.347,0.8
72829.5,112365.0,229318.9,162.9,0.51,-0.578,-0.519,0.63
16754.6,9789.1,158385.1,321.7,0.35,-0.43,0.094,0.898
29963.5,114533.4,200850.0,100.8,0.63,-0.411,-0.41,0.814
16496.9,98850.3,185378.4,253.6,0.39,-0.746,-0.351,0.566
35562.3,103544.0,204532.8,218.7,0.34,-0.486,0.513,0.708
66935.5,128191.9,234992.0,4.5,0.22,0.094,0.681,0.726
83657.7,130806.3,245549.5,69.0,2.53,0.005,0.608,0.793
87250.6,120344.7,245637.0,190.3,0.22,-0.298,-0.653,0.696
71830.4,112031.3,228305.7,35.0,0.2,-0.065,-0.824,0.563
37278.6,108970.6,204031.3,170.8,0.39,-0.504,-0.126,0.855
69431.5,119544.6,230476.8,201.3,1.02,-0.633,0.383,0.673
49952.7,130735.9,229879.6,44.7,0.17,0.094,0.749,0.658
28570.5,114651.6,200215.7,342.9,0.29,-0.416,-0.457,0.786
17744.3,56116.7,159449.5,116.5,0.38,-0.173,-0.215,0.961
15826.1,6775.0,159321.5,31.7,0.4,-0.401,0.311,0.862
82985.0,127826.7,247040.1,279.5,0.31,-0.412,0.518,0.749
60477.8,127297.2,233320.5,172.5,0.23,0.149,0.638,0.756
92605.2,131907.3,245783.0,286.4,0.4,0.416,0.593,0.688
86192.3,125115.8,248628.4,223.4,2.24,-0.235,-0.579,0.78
64487.7,99740.4,218935.6,326.2,0.24,-0.688,0.199,0.698
23017.9,112906.0,196205.8,130.4,0.85,-0.49,-0.319,0.811
59234.7,134260.2,226565.6,291.0,1.48,-0.021,0.542,0.84
46138.1,103201.9,207707.5,265.7,0.55,-0.48,-0.233,0.846
56252.0,120161.6,219199.8,83.9,1.57,-0.529,-0.312,0.787
82835.3,125946.1,245469.1,244.0,0.18,-0.645,-0.336,0.675
80796.6,121680.6,240492.1,43.7,0.17,-0.59,0.447,0.673
85350.0,125645.3,248227.8,87.5,2.32,-0.535,0.198,0.818
8985.5,81875.7,171123.5,109.3,0.32,0.189,-0.707,0.682
24648.9,113097.6,197192.4,71.9,0.38,-0.496,-0.378,0.782
36162.6,112275.0,204307.0,35.0,0.34,-0.54,-0.18,0.822
9337.0,94029.7,179564.2,239.5,1.21,0.082,-0.648,0.757
82868.9,125831.8,245570.6,64.5,0.6,-0.722,-0.061,0.687
-11858.7,5969.1,158241.3,30.7,0.3,0.049,0.028,0.998
100001.2,124754.7,228482.4,289.8,0.16,0.41,-0.714,0.576
87043.4,120418.3,245698.1,120.6,1.2,-0.407,-0.608,0.68
27687.5,109002.4,197712.0,211.3,1.1,-0.561,0.012,0.827
85727.3,128010.1,248138.2,158.2,0.34,-0.261,0.511,0.819
80356.5,121439.6,240245.1,346.1,0.23,-0.687,0.342,0.641
34884.2,110844.5,203145.6,295.3,0.28,-0.537,-0.193,0.821
24878.2,117732.7,199622.7,337.6,0.31,-0.247,-0.556,0.794
28424.3,115420.1,200572.0,32.5,1.34,-0.423,-0.43,0.798
67974.3,116258.5,229673.4,231.7,2.2,-0.66,0.035,0.745
67057.0,116695.1,228625.0,167.0,0.26,-0.749,-0.032,0.661
59331.2,112799.3,219820.7,19.6,0.31,-0.369,-0.435,0.82
80500.8,107743.5,232402.3,142.7,0.17,-0.558,-0.473,0.679
63412.3,114445.1,224121.9,239.0,0.16,-0.194,-0.807,0.557
59014.5,113339.4,220023.4,323.6,1.3,-0.414,-0.534,0.738
52082.2,119014.5,216295.0,249.4,0.6,-0.565,0.034,0.819
7894.0,73753.5,166884.0,0.6,1.6,-0.366,-0.451,0.814
37991.8,86463.0,192412.0,87.5,0.34,-0.231,-0.577,0.782
83332.4,121243.9,242823.7,334.1,0.16,-0.728,0.136,0.669
75947.2,111024.5,229711.0,159.2,0.2,-0.552,-0.422,0.715
61096.2,110921.3,219560.6,178.4,0.7,-0.605,-0.273,0.748
60524.3,125645.8,233620.6,25.8,0.25,-0.327,-0.74,0.561
83101.7,121656.4,242302.4,141.7,0.17,-0.657,0.383,0.649
19504.3,107611.2,191466.6,103.7,0.19,-0.72,-0.303,0.625
52059.7,118719.7,216382.8,256.1,0.74,-0.58,0.247,0.776
94561.8,140179.0,239190.9,198.6,0.33,0.468,0.52,0.715
89735.4,135064.8,247154.7,306.6,3.01,-0.337,0.145,0.909
35686.4,110557.2,203563.8,7.2,1.8,-0.517,-0.265,0.813
69674.8,119489.1,230765.8,78.8,1.09,-0.615,0.382,0.689
61209.8,99908.4,216150.8,86.0,0.66,-0.775,0.15,0.614
22880.5,108921.0,194485.2,69.5,0.72,-0.602,0.271,0.75
77775.6,120825.8,237728.5,250.0,0.14,-0.665,0.387,0.639
46835.7,101847.0,207731.9,296.3,0.32,-0.447,-0.223,0.866
46464.9,119663.6,212614.3,14.8,1.94,-0.53,-0.159,0.832
68669.1,121206.1,228902.7,327.7,0.32,-0.63,-0.504,0.595
47116.9,102882.6,208109.7,330.8,2.43,-0.433,-0.25,0.866
36862.8,117845.1,206914.1,316.4,0.18,-0.609,-0.398,0.686
-10810.3,4477.8,158238.7,54.4,0.96,0.055,0.053,0.997
86253.6,121955.9,245503.5,251.0,0.2,-0.683,0.114,0.719
40919.9,106068.9,205998.1,61.6,0.42,-0.436,0.145,0.888
58700.8,127767.9,233068.4,218.2,0.28,0.296,0.483,0.817
94904.3,129681.3,247444.2,63.6,0.51,-0.021,0.581,0.813
54967.3,119433.7,218440.8,148.3,0.33,-0.498,0.377,0.781
25055.5,112534.2,197149.1,203.9,0.24,-0.462,-0.459,0.759
6927.6,83621.5,175360.8,59.0,0.38,0.234,-0.789,0.577
81807.8,133479.9,242763.1,243.8,0.68,-0.755,-0.011,0.657
61987.9,120884.4,223481.3,316.7,1.0,-0.588,-0.001,0.807
33067.2,104056.2,201807.2,55.1,0.75,-0.73,0.393,0.559
65532.1,100615.3,219764.3,190.7,1.17,-0.599,0.155,0.785
33218.2,103739.1,202221.1,57.6,0.41,-0.76,0.337,0.556
4168.1,98471.1,185007.0,231.6,0.42,0.141,-0.588,0.797
46774.8,103595.7,208204.4,70.9,0.69,-0.447,-0.311,0.838
21617.9,111188.5,194547.2,201.2,0.5,-0.467,-0.447,0.763
38436.3,108611.5,204615.5,156.4,0.36,-0.407,-0.234,0.883
40064.1,104718.5,205745.9,345.4,0.4,-0.152,0.003,0.988
22482.3,108722.1,194238.4,269.8,0.64,-0.553,0.364,0.749
55407.7,107053.3,214248.4,110.9,0.39,-0.562,-0.074,0.822
78553.2,133120.5,239492.7,23.5,0.1,-0.567,0.584,0.58
27484.9,110917.4,197994.1,1.0,0.76,-0.548,-0.3,0.781
75547.6,111870.8,230917.6,106.0,0.25,-0.273,-0.683,0.677
86175.8,125424.2,248822.5,341.0,2.49,-0.463,-0.187,0.86
37553.9,107623.6,204081.3,73.4,2.02,-0.376,-0.008,0.926
31460.8,118756.2,203879.5,138.4,0.29,-0.477,-0.333,0.812
-19505.6,5157.2,157300.6,353.0,0.31,-0.168,-0.528,0.832
20506.2,106713.8,192222.6,4.2,0.12,-0.726,-0.378,0.573
-3798.6,81126.3,180902.0,31.4,0.8,0.793,-0.21,0.574
60543.9,115432.8,223113.0,38.0,1.82,-0.506,-0.476,0.72
82520.6,120607.0,242187.3,131.5,1.51,-0.526,-0.112,0.84
69736.0,109658.8,224639.4,311.7,1.52,-0.696,-0.13,0.703
58983.2,113378.8,220037.2,40.2,1.81,-0.436,-0.53,0.73
67215.0,95993.5,222856.0,295.4,1.4,-0.519,-0.466,0.711
39753.3,101148.7,205158.9,261.3,0.64,-0.059,-0.532,0.843
70161.3,125872.3,237201.3,271.1,0.86,-0.081,0.626,0.763
9174.1,128166.4,213290.3,167.7,0.08,0.341,-0.762,0.553
31562.2,107990.6,200550.6,307.6,0.3,-0.49,-0.159,0.857
-30832.3,903.9,151176.5,123.2,1.46,-0.253,-0.429,0.867
83800.2,126072.2,246493.7,43.9,0.22,-0.661,0.013,0.746
46760.8,103110.5,208007.8,142.0,0.87,-0.439,-0.272,0.856
84098.4,138166.9,241813.2,52.1,0.26,-0.486,0.405,0.774
58832.6,133388.5,227235.4,134.4,0.27,0.113,0.579,0.806
51156.2,119272.2,215487.4,259.2,0.35,-0.598,-0.292,0.742
19174.0,-2145.2,164744.7,191.0,0.6,-0.445,0.36,0.82
73306.2,128002.5,238202.2,204.0,0.42,-0.276,0.475,0.835
36766.0,111742.3,204514.6,131.1,0.29,-0.485,-0.271,0.832
70628.8,111636.9,226650.6,91.8,0.16,-0.439,-0.707,0.555
14394.6,-4319.1,162596.2,58.0,1.93,-0.541,0.317,0.779
36515.6,105441.0,204030.4,73.3,0.42,-0.414,0.3,0.859
33641.8,111637.2,202427.1,53.3,0.49,-0.56,-0.121,0.82
46169.8,103603.2,207855.8,299.9,1.21,-0.496,-0.257,0.829
57618.7,117240.8,221512.4,314.4,1.67,-0.538,0.372,0.756
59440.2,115292.5,222420.7,286.6,0.75,-0.679,-0.366,0.638
45292.0,118006.5,211487.0,139.3,0.3,-0.494,-0.249,0.833
23171.3,110813.1,195100.2,165.6,1.71,-0.457,-0.422,0.782
39874.3,108952.2,205317.7,359.9,0.31,-0.396,-0.312,0.864
35512.6,110069.6,203310.4,16.7,0.77,-0.489,-0.235,0.84
55868.8,117924.8,219948.8,240.3,1.09,-0.532,0.116,0.838
17678.5,116871.5,196607.9,205.4,1.52,-0.369,-0.433,0.822
40881.9,119122.5,209806.6,146.9,0.29,-0.42,-0.413,0.808
38967.1,85382.1,191306.2,142.9,0.62,0.03,-0.697,0.716
32284.2,57965.3,166362.8,115.1,0.31,-0.499,-0.228,0.836
39726.1,105515.7,205655.8,340.6,0.44,-0.073,0.074,0.994
57405.8,133325.5,227095.3,203.5,1.39,-0.17,0.615,0.768
25037.5,112659.1,197216.8,83.9,0.23,-0.469,-0.458,0.755
78142.2,130511.6,241412.1,222.6,1.02,-0.345,0.724,0.597
52613.7,119891.0,216931.6,161.5,0.29,-0.527,-0.135,0.839
55385.1,113948.8,215242.6,241.2,1.35,-0.604,-0.258,0.754
56611.6,91791.5,210814.0,144.7,0.47,-0.818,-0.047,0.574
5493.7,74820.4,167045.8,308.6,0.35,-0.349,-0.293,0.888
59650.5,105509.3,215982.8,176.1,0.4,-0.524,-0.14,0.84
-26061.6,-4141.4,150274.3,351.9,0.3,-0.183,-0.353,0.917
23710.1,114552.0,197039.0,201.0,0.51,-0.412,-0.426,0.803
16639.7,55147.0,159031.4,248.0,1.85,-0.115,-0.281,0.953
58044.5,111434.0,216963.4,32.6,0.12,-0.754,-0.243,0.611
86979.9,124939.0,248823.4,228.3,0.59,-0.35,-0.59,0.728
68378.5,125477.9,237028.5,12.7,0.17,-0.274,-0.681,0.679
85867.9,121126.9,244995.6,163.2,0.19,-0.618,-0.344,0.706
39596.6,109352.7,205330.4,113.7,3.0,-0.416,-0.25,0.874
18257.0,85602.7,176599.2,122.8,1.11,-0.01,-0.631,0.775
-36598.9,-22851.0,141149.2,1.3,0.55,-0.081,-0.179,0.979
56671.4,119477.6,219670.2,89.3,1.41,-0.553,0.365,0.749
84525.2,111320.0,237541.5,190.6,1.15,-0.6,-0.071,0.796
82449.5,106513.4,233557.4,326.7,1.0,-0.671,-0.228,0.705
74647.0,136995.8,234193.9,356.2,0.25,-0.308,0.576,0.747
70838.8,120325.0,231028.2,186.7,1.09,-0.604,0.43,0.672
13949.5,66190.9,163648.0,51.3,0.36,-0.019,-0.405,0.914
58799.1,116125.2,222211.5,138.1,0.16,-0.523,-0.551,0.652
36420.5,108637.2,203443.8,140.7,1.24,-0.535,-0.115,0.837
37998.1,108320.4,204331.7,23.1,3.04,-0.426,-0.139,0.894
26236.8,104253.8,197840.7,106.7,0.34,-0.389,0.161,0.907
24554.9,113501.2,197333.0,162.2,0.28,-0.493,-0.348,0.798
33142.7,121911.5,206783.2,286.3,0.15,-0.285,-0.699,0.656
31422.7,100481.8,202147.3,241.5,0.92,-0.422,-0.317,0.843
28895.2,114582.7,200354.6,220.5,0.26,-0.435,-0.423,0.795
21881.2,3159.7,163953.2,22.7,0.31,-0.514,0.061,0.855
73499.9,128290.3,238084.9,136.2,0.49,-0.244,0.525,0.816
33974.0,106932.1,201578.8,263.7,0.44,-0.682,0.253,0.685
4590.5,-1445.0,158227.3,213.9,0.74,-0.161,0.149,0.975
15999.8,4806.9,160101.0,29.1,0.37,-0.507,0.042,0.861
52338.2,119346.6,216539.6,25.1,0.29,-0.492,-0.361,0.792
87609.5,125879.8,249843.1,34.9,0.3,-0.09,-0.411,0.901
4152.7,113217.5,203701.6,158.0,1.52,0.475,-0.056,0.878
87922.0,119372.0,245239.3,49.9,0.49,-0.499,-0.372,0.783
59025.9,102767.9,214635.1,218.4,0.24,-0.593,-0.243,0.767
65001.2,119483.2,226389.7,105.0,0.97,-0.65,0.409,0.64
18459.2,63188.1,162078.2,44.3,0.56,-0.178,-0.498,0.849
26095.4,62145.1,163395.6,190.6,2.42,-0.485,-0.07,0.871
76564.7,126537.9,240874.2,172.3,0.19,-0.676,0.245,0.695
65016.9,101292.2,219246.1,104.8,0.38,-0.588,0.15,0.795
75696.9,126519.5,240092.3,356.8,1.06,-0.61,0.334,0.717
48079.5,100713.2,208030.1,285.8,0.25,-0.241,-0.574,0.782
74038.1,122236.3,236005.6,151.4,0.58,-0.189,-0.691,0.696
30786.3,64036.0,166298.5,194.9,0.56,-0.47,-0.137,0.872
72224.2,111941.4,228261.6,204.5,0.11,-0.586,-0.586,0.552
44245.0,85308.6,192960.6,94.0,0.68,-0.33,-0.484,0.808
83681.9,110724.6,236845.5,205.5,0.84,-0.657,0.189,0.73
76233.1,124286.5,240542.0,32.8,0.3,-0.357,-0.744,0.564
74536.2,101016.9,226117.3,98.4,0.41,-0.581,-0.184,0.792
32358.2,108833.5,201141.7,100.1,0.43,-0.521,-0.118,0.845
43314.7,105778.2,207086.1,230.2,1.03,-0.29,0.008,0.956
68532.2,122359.4,230866.0,252.3,0.1,-0.4,-0.711,0.58
37344.9,110779.9,204537.7,330.0,0.3,-0.447,-0.261,0.856
76634.7,112902.9,231824.9,316.7,1.58,-0.061,-0.637,0.769
27292.3,100396.8,198931.4,258.2,0.42,-0.451,0.297,0.842
79806.4,111591.3,233399.5,359.1,0.87,-0.683,-0.249,0.686
87914.3,121605.1,246556.2,327.3,1.73,-0.513,-0.399,0.76
61039.6,107773.9,217814.9,196.5,0.55,-0.489,-0.336,0.805
75711.7,107191.8,228335.1,7.1,0.3,-0.661,-0.171,0.73
15584.6,6259.9,159431.1,111.2,0.41,-0.297,0.385,0.874
80002.0,111938.5,233774.5,87.2,1.3,-0.696,-0.188,0.692
39246.8,106062.5,205433.5,299.8,0.84,-0.287,0.438,0.852
47688.4,131441.8,228409.5,19.5,0.21,-0.197,0.683,0.703
63014.2,113453.7,222865.1,349.7,0.13,-0.33,-0.712,0.62
73392.0,126686.3,238876.8,124.5,2.45,-0.365,0.4,0.841
-31981.6,4629.8,152867.8,350.6,0.42,-0.318,-0.455,0.832
57256.3,112746.3,217591.8,307.4,0.12,-0.688,-0.403,0.608
30489.8,101439.9,200611.5,28.3,0.2,-0.554,0.428,0.713
69010.1,120302.9,229635.3,235.1,1.18,-0.619,0.368,0.694
19309.1,60874.6,161109.1,193.6,0.33,-0.251,-0.335,0.908
-13774.4,4254.4,158306.4,284.9,1.44,-0.436,0.208,0.875
77693.8,113457.2,232763.6,283.8,0.32,-0.244,-0.784,0.571
-20990.1,-2089.6,152130.7,32.4,2.99,-0.092,-0.381,0.92
60067.8,108356.1,217365.3,167.4,0.22,-0.543,-0.393,0.742
79126.2,121889.0,238706.1,248.8,1.05,-0.697,0.237,0.676
-34759.2,-10342.5,145020.5,341.3,0.42,-0.214,-0.294,0.931
87255.4,125529.7,249443.9,204.5,0.4,-0.292,-0.63,0.717
59348.4,127176.5,233181.7,187.8,0.78,-0.61,-0.385,0.692
73443.6,112202.0,229769.2,290.9,0.47,-0.612,-0.403,0.68
87532.4,117426.7,243486.7,313.6,0.16,-0.415,-0.629,0.655
98805.7,136072.9,240779.2,175.4,0.57,-0.261,0.605,0.752
37640.8,109181.6,204280.5,39.4,1.2,-0.5,-0.147,0.853
60747.8,115402.1,223220.8,243.9,0.26,-0.483,-0.519,0.705
48314.5,103138.0,208916.3,180.5,0.87,-0.532,-0.258,0.806
42410.7,104087.1,206522.7,23.8,0.51,-0.337,-0.249,0.908
88014.9,120222.8,245857.0,83.1,1.29,-0.314,-0.568,0.76
83000.5,120901.4,242510.9,78.0,0.27,-0.59,0.045,0.806
-13096.3,5761.9,158223.5,95.3,0.34,-0.087,0.015,0.996
15585.3,62181.0,161672.3,220.3,1.26,0.143,-0.423,0.895
37494.6,131888.5,227236.9,230.5,0.56,-0.679,0.035,0.704
22264.5,112345.4,195470.0,112.8,0.35,-0.48,-0.381,0.79
42323.0,44978.1,170906.4,236.5,1.01,0.017,0.807,0.59
33604.8,58643.2,167359.4,307.9,0.54,-0.488,-0.265,0.831
59398.5,119127.3,222213.2,267.3,1.03,-0.54,0.404,0.738
70231.4,125457.9,237619.5,263.1,0.85,-0.06,0.295,0.95
82679.7,120750.9,242301.7,274.4,0.39,-0.566,-0.017,0.823
62073.4,125557.5,233184.2,119.4,0.21,-0.355,-0.741,0.568
42530.8,105249.3,206786.4,318.2,0.31,-0.339,-0.158,0.928
-35662.6,-17063.8,143078.6,49.3,2.72,-0.133,-0.229,0.964
88089.8,121346.6,246584.5,35.2,0.28,-0.453,-0.37,0.81
58853.0,116082.3,222229.7,190.3,0.2,-0.528,-0.552,0.647
24344.8,111597.8,196289.2,274.5,0.56,-0.451,-0.397,0.8
-24896.1,74.7,152541.4,62.9,0.35,-0.174,-0.441,0.881
87792.2,122861.8,246602.6,22.7,0.2,-0.605,-0.379,0.696
68655.6,113952.9,228006.7,186.7,0.47,-0.768,-0.265,0.583
35884.7,109957.2,203481.4,359.9,0.6,-0.465,-0.239,0.852
60693.1,114538.8,222604.9,138.1,0.7,-0.509,-0.609,0.609
86801.0,126434.9,249175.1,138.3,0.31,-0.654,-0.095,0.749
25387.2,111397.7,196713.5,197.3,0.29,-0.357,-0.489,0.796
58786.6,112705.9,219243.5,220.2,0.17,-0.704,-0.237,0.669
-29107.3,-11848.7,146768.0,136.3,1.05,-0.634,-0.202,0.747
100530.5,114514.7,227583.9,350.4,0.24,0.618,0.272,0.737
47589.7,106401.0,209508.1,227.8,0.36,-0.469,-0.159,0.869
25388.6,110615.5,196372.6,207.9,0.26,-0.584,-0.153,0.797
-20109.4,-9521.4,150211.8,174.0,0.5,-0.436,-0.221,0.872
75924.7,111810.6,230963.4,320.6,0.18,0.046,-0.774,0.633
36093.3,105991.1,203747.9,269.9,1.1,-0.345,0.073,0.935
86045.5,144628.3,243212.4,73.1,2.03,-0.636,-0.216,0.742
59182.7,119251.1,221961.2,345.9,2.13,-0.57,0.368,0.734
66031.6,110286.8,221627.0,224.9,1.63,-0.344,-0.519,0.782
54534.8,117819.1,218960.4,149.7,1.99,-0.657,0.105,0.745
60083.9,115408.1,222794.2,282.1,0.26,-0.479,-0.356,0.802
-29775.3,-5032.1,149110.4,155.1,1.03,-0.162,-0.2,0.966
42616.7,103899.5,206544.3,72.7,0.58,-0.303,-0.247,0.92
65406.9,120060.4,226670.9,24.5,0.65,-0.753,0.246,0.61
85036.6,126909.8,247912.6,117.2,1.02,-0.594,-0.488,0.64
45904.5,102379.5,207418.0,314.9,0.44,-0.406,-0.181,0.896
-26789.9,15618.0,163518.4,218.3,0.54,0.613,0.029,0.79
41351.9,111502.6,206917.2,272.6,0.31,-0.427,-0.316,0.847
15142.6,69319.2,165076.8,73.5,0.48,0.091,-0.453,0.887
39777.1,111612.4,206135.2,188.8,0.84,-0.434,-0.307,0.847
13163.7,3936.9,158633.2,355.6,0.3,-0.36,0.259,0.896
88692.2,122665.5,246391.7,285.6,0.12,0.789,0.067,0.609
57583.2,111558.3,216557.3,45.3,1.32,-0.644,0.122,0.74
36056.2,110858.0,203895.6,35.7,0.54,-0.468,-0.218,0.856
42569.0,104318.1,206652.3,37.4,0.34,-0.326,-0.235,0.915
57504.8,124732.6,228841.7,330.4,1.02,-0.512,-0.491,0.7
57406.9,117038.6,221520.0,314.0,0.26,-0.526,0.304,0.793
-24547.5,-1966.9,151611.8,91.4,0.94,-0.181,-0.465,0.866
11621.4,-5800.0,161874.6,153.7,0.37,-0.183,0.449,0.874
29369.1,125455.3,211553.7,126.4,1.09,0.236,-0.637,0.733
57122.9,119558.9,219970.2,125.9,1.38,-0.518,0.327,0.79
75232.3,97789.0,227883.3,214.2,0.22,-0.484,0.462,0.743
96623.2,106611.2,229301.5,264.3,0.17,0.732,-0.07,0.678
37355.2,122943.2,211380.1,265.9,0.17,-0.347,-0.687,0.639
10975.3,63943.3,162426.4,181.1,0.37,-0.082,-0.458,0.885
56306.4,129360.1,231798.2,159.3,0.59,-0.183,0.747,0.64
17102.8,97251.2,185433.0,353.2,0.23,-0.705,-0.223,0.673
-24552.8,-1935.9,151629.7,252.1,0.32,-0.191,-0.457,0.868
82550.9,111952.1,236137.1,306.9,0.3,-0.618,-0.194,0.762
64473.8,120233.0,225589.4,237.8,0.45,-0.584,0.295,0.756
54925.2,119491.9,218396.9,190.8,2.17,-0.499,0.344,0.795
87746.4,119877.3,245466.8,305.5,1.34,-0.376,-0.55,0.746
15684.1,66393.8,163622.7,183.8,1.64,0.138,-0.415,0.9
32127.4,101043.7,202310.4,272.4,0.27,-0.542,-0.352,0.759
65505.0,102987.0,219571.8,120.5,0.24,-0.557,-0.33,0.762
62105.7,123829.8,231490.4,76.1,0.26,-0.156,-0.809,0.566
88431.7,123748.0,246679.0,302.5,0.24,0.769,0.203,0.606
58850.1,117448.9,222372.5,217.8,0.3,-0.597,0.172,0.783
36170.7,118177.1,206510.6,254.9,0.5,-0.441,-0.497,0.747
77225.3,121167.4,236845.8,252.1,0.14,-0.655,0.399,0.642
55967.0,120120.9,219004.6,186.9,0.77,-0.489,-0.305,0.817
75287.7,97437.7,228137.3,45.3,1.07,-0.451,0.493,0.744
17272.0,116134.6,195981.2,346.1,0.86,-0.347,-0.5,0.793
40463.4,119658.2,209784.6,112.6,1.75,-0.578,-0.246,0.778
58532.9,115249.8,221317.9,351.2,0.42,-0.476,-0.468,0.744
64917.0,127803.2,235425.8,80.6,0.28,0.17,0.688,0.706
-38221.5,718.5,148920.6,134.9,0.57,-0.076,-0.504,0.86
15655.3,-2729.2,162760.9,16.3,0.28,-0.516,0.332,0.79
76359.2,107620.5,228988.8,282.5,1.3,-0.587,-0.423,0.689
58110.0,136408.3,225048.6,270.7,0.59,-0.145,0.511,0.847
51875.2,119687.2,216448.2,209.1,1.92,-0.56,-0.211,0.8
26733.6,111208.6,197609.5,291.9,0.28,-0.574,-0.205,0.792
57678.6,118010.3,221139.6,41.8,0.39,-0.577,0.418,0.701
38471.4,106434.8,204843.9,340.8,0.99,-0.469,0.366,0.804
71849.8,123826.7,237005.2,143.1,0.17,-0.254,-0.751,0.611
58070.9,100197.7,213458.4,213.6,0.28,-0.342,-0.47,0.814
40093.6,83041.1,189533.3,144.8,0.09,0.0,-0.817,0.573
76604.5,141477.1,234660.6,251.0,0.66,-0.684,-0.136,0.715
58981.9,115528.2,221842.8,167.0,0.19,-0.679,-0.394,0.619
19913.7,51703.0,158478.9,314.6,1.1,-0.277,-0.25,0.927
95590.4,121208.4,232426.8,317.5,0.33,0.303,-0.661,0.681
38463.6,106316.8,204887.8,211.0,0.32,-0.465,0.378,0.8
71159.2,130120.1,235661.3,222.1,1.61,-0.599,0.454,0.66
58451.1,112619.9,218974.9,238.9,0.16,-0.735,-0.187,0.652
70546.9,97760.4,224601.2,342.8,1.97,-0.676,-0.063,0.734
58010.8,120454.4,220632.2,168.8,0.41,-0.483,-0.35,0.802
31103.5,112848.8,201307.1,17.7,0.26,-0.5,-0.366,0.785
-1.7,-2361.6,158257.0,32.3,0.42,-0.029,0.158,0.987
37200.0,109869.8,204199.3,190.6,0.37,-0.465,-0.243,0.851
89309.8,129364.4,249058.6,251.1,0.46,-0.52,0.461,0.718
43077.2,104239.4,206768.3,140.2,0.74,-0.201,-0.255,0.946
36018.5,110643.5,203805.5,249.3,0.33,-0.448,-0.292,0.845
12318.1,60631.4,160941.4,352.6,0.68,0.003,-0.41,0.912
21245.2,43.1,164713.7,227.6,0.49,-0.443,0.417,0.793
-18190.1,-102172.7,141264.3,294.6,0.28,-0.548,0.182,0.816
42422.4,104767.6,206677.9,196.1,1.03,-0.362,-0.129,0.923
35533.8,120006.7,206759.0,184.1,1.38,-0.573,-0.425,0.7
63587.2,114769.4,224781.8,257.1,0.13,-0.235,-0.752,0.617
85065.6,127794.1,248022.5,309.8,0.31,-0.353,0.399,0.846
7863.1,71587.6,166000.6,295.9,1.74,-0.32,-0.394,0.859
58728.3,115943.7,221916.6,291.4,0.13,-0.55,-0.563,0.617
39029.5,84932.1,190918.2,222.7,0.4,-0.022,-0.613,0.789
85827.9,121635.0,245064.9,325.7,1.06,-0.701,-0.035,0.711
80693.9,131535.9,242944.9,34.9,0.91,-0.356,0.607,0.71
77386.6,133664.6,238254.7,220.6,0.28,-0.542,0.149,0.827
31112.6,106702.4,199963.7,44.8,0.52,-0.398,-0.24,0.886
55812.6,128538.2,232981.2,305.4,0.1,0.154,0.796,0.587
21651.9,114415.4,196346.3,264.3,0.27,-0.164,-0.633,0.756
7186.4,84750.2,176123.5,118.8,0.5,0.54,-0.478,0.693
71183.6,112805.9,229007.6,248.5,0.13,-0.553,-0.552,0.622
14870.9,64733.1,163002.5,178.0,3.07,0.109,-0.401,0.909
65072.9,128197.5,234888.7,276.3,0.53,0.219,0.777,0.588
23343.5,108874.0,194863.6,258.9,0.43,-0.528,0.284,0.8
38809.1,124943.1,214361.3,109.9,0.7,-0.182,-0.795,0.579
61972.5,115603.2,224592.0,168.8,0.25,-0.521,-0.402,0.754
-35448.1,-15850.8,143371.1,350.1,0.31,-0.117,-0.231,0.966
6785.7,70337.7,165199.5,184.8,0.36,0.072,-0.378,0.922
60862.2,114361.9,222618.6,62.7,0.13,-0.462,-0.641,0.613
57661.9,116927.7,221732.4,282.5,2.52,-0.527,0.133,0.833
-32869.0,-17204.6,143340.6,286.0,0.3,-0.106,-0.259,0.96
86669.6,124192.2,248033.2,226.2,0.29,-0.161,-0.764,0.629
38587.2,111516.9,205448.9,96.6,0.59,-0.427,-0.342,0.837
40748.7,105813.5,205928.5,327.0,0.3,-0.463,0.042,0.885
23212.3,117182.6,198909.1,253.1,1.71,-0.061,-0.643,0.763
29842.7,114777.0,200939.4,155.0,1.49,-0.382,-0.471,0.795
85272.1,105625.0,236262.5,206.0,0.56,-0.752,-0.052,0.652
7673.6,72121.7,166096.1,33.9,0.32,-0.48,-0.318,0.817
60598.4,119715.1,222828.9,242.1,0.46,-0.546,0.319,0.774
64516.2,128984.6,234411.8,268.2,1.11,0.187,0.662,0.721
18732.3,63910.0,162559.0,262.8,0.3,-0.197,-0.48,0.855
-24438.1,-3201.7,150897.1,159.4,0.3,-0.071,-0.307,0.948
49769.0,89128.2,203248.4,324.5,1.06,-0.63,-0.487,0.607
87185.7,125239.7,249091.7,145.9,0.27,-0.221,-0.593,0.773
90157.6,112652.9,240854.0,108.8,1.59,0.646,0.226,0.729
87645.4,122935.8,246519.1,154.9,0.63,-0.548,-0.59,0.586
37128.0,124415.5,212838.2,264.0,0.1,-0.458,-0.681,0.571
93497.9,109922.7,235975.2,316.4,0.93,0.799,-0.107,0.592
16201.2,62244.0,161639.7,122.3,0.58,0.039,-0.454,0.89
86398.8,122062.3,245589.2,187.5,0.21,-0.651,0.25,0.716
77231.3,110454.3,231018.6,6.8,0.19,-0.691,-0.149,0.707
22583.2,123934.5,203831.8,194.4,0.45,-0.765,-0.214,0.608
82235.7,134433.4,242296.0,151.7,0.71,-0.436,0.495,0.752
14136.5,56211.7,159154.1,343.0,2.96,-0.102,-0.363,0.926
33166.8,108945.9,201645.0,324.7,0.93,-0.483,-0.183,0.856
17285.2,58403.6,160094.6,351.8,2.43,-0.029,-0.265,0.964
-1115.2,-6731.0,159336.6,60.4,1.02,0.053,0.176,0.983
62338.7,101840.3,217147.3,359.8,2.46,-0.567,-0.171,0.805
85085.2,105040.3,236473.0,131.9,0.5,-0.668,0.321,0.669
54203.0,114887.6,214623.9,123.5,0.25,-0.569,-0.259,0.78
85136.0,136715.3,243159.8,53.2,1.48,-0.48,0.385,0.788
70923.7,100518.5,224040.7,130.4,0.55,-0.386,0.506,0.771
88067.2,137620.4,245002.7,100.7,0.37,-0.741,-0.036,0.67
73237.7,132188.2,236142.6,126.1,0.29,-0.677,0.458,0.574
11207.8,110416.1,189993.6,74.2,1.63,0.129,-0.644,0.752
-29191.1,-109541.9,139555.0,208.8,0.31,-0.007,0.046,0.999
76991.5,124122.1,240946.7,172.0,0.21,-0.372,-0.72,0.585
57009.8,105182.5,214253.0,83.8,1.48,-0.526,-0.217,0.822
23368.1,122854.9,204104.5,180.0,0.2,-0.548,-0.55,0.629
62311.6,125932.4,233901.3,250.1,0.22,-0.201,-0.781,0.589
26482.1,119841.1,201606.9,151.8,0.32,-0.302,-0.575,0.76
-28013.4,6299.6,155349.2,301.5,1.51,-0.268,-0.464,0.844
10278.5,69619.3,165248.2,58.3,0.46,-0.093,-0.383,0.919
58632.7,116339.0,222313.1,13.6,0.21,-0.513,-0.452,0.73
74993.6,120872.5,234860.7,359.3,0.26,-0.591,0.406,0.697
-33778.6,5028.4,152562.8,321.8,0.28,-0.239,-0.513,0.824
31157.2,112219.5,201067.6,162.4,0.29,-0.446,-0.361,0.819
81101.5,107467.9,232837.1,340.8,0.34,-0.582,-0.357,0.73
76831.8,127638.1,241178.3,61.1,0.2,-0.715,-0.193,0.672
56873.7,120679.2,219944.8,21.8,0.52,-0.572,-0.251,0.781
32697.5,102311.2,202477.3,230.0,0.09,-0.645,0.522,0.557
37003.2,110921.4,204407.3,129.2,0.3,-0.462,-0.26,0.848
22541.1,112479.2,195716.5,93.2,0.42,-0.47,-0.395,0.789
20068.2,107326.0,192134.2,238.6,0.25,-0.755,-0.243,0.608
-15744.4,4950.6,158349.1,54.0,1.66,0.066,-0.279,0.958
28633.1,117689.2,201626.3,334.3,0.81,-0.603,-0.142,0.785
30971.6,113426.9,201449.1,168.6,0.25,-0.626,-0.214,0.749
88155.5,127209.0,249510.8,177.9,0.31,0.571,0.103,0.809
29944.7,114745.3,200969.4,284.0,0.64,-0.384,-0.467,0.797
62694.6,89347.5,215114.3,342.6,0.1,-0.762,-0.279,0.584
12797.1,95062.0,181471.5,140.3,0.5,-0.362,-0.491,0.791
37848.6,99152.2,204348.0,341.1,2.52,0.27,-0.154,0.95
19810.3,107448.7,191841.8,88.5,0.7,-0.782,-0.211,0.587
-19530.5,-1299.4,152761.1,39.8,0.31,-0.317,-0.42,0.85
45814.7,117909.5,211751.0,201.3,1.28,-0.476,-0.29,0.83
96525.3,113488.9,231515.0,272.5,0.6,0.507,0.47,0.722
33087.7,58436.2,166975.4,307.5,1.69,-0.517,-0.223,0.826
16782.9,99840.3,185936.8,105.3,0.34,-0.615,-0.146,0.775
81683.7,135137.5,241472.0,194.5,0.25,-0.533,0.328,0.777
76251.9,124081.5,240275.1,317.9,0.1,-0.288,-0.765,0.577
38572.2,102318.6,205335.1,147.2,2.58,-0.316,-0.287,0.904
17904.0,63992.6,162413.3,284.8,0.31,-0.169,-0.467,0.868
24534.9,97048.1,194959.9,157.2,0.29,0.009,-0.789,0.614
35171.4,111447.2,203445.4,349.9,0.98,-0.559,-0.119,0.821
25308.0,1608.8,166590.8,192.0,2.18,-0.472,0.255,0.844
57348.2,120472.4,220239.5,97.4,2.4,-0.549,-0.311,0.775
66414.6,126903.8,236566.7,191.7,0.51,-0.603,0.565,0.561
85806.3,125205.1,248596.2,39.0,1.6,-0.524,-0.288,0.799
36683.4,110435.8,204068.7,26.9,0.39,-0.474,-0.269,0.839
32213.9,48547.6,163786.9,343.5,1.79,-0.417,-0.245,0.875
40254.2,105217.4,205726.1,220.7,0.48,-0.19,0.096,0.977
84365.1,124124.5,247193.4,120.3,0.88,-0.297,-0.752,0.589
65940.8,98548.2,220721.9,310.9,1.4,-0.615,0.398,0.68
66458.2,120352.7,227377.6,184.5,1.02,-0.484,0.407,0.774
40610.9,119432.5,209807.7,170.3,2.08,-0.502,-0.332,0.798
25101.3,113419.7,197666.7,211.1,0.39,-0.497,-0.321,0.806
32128.6,120014.2,204876.0,86.9,0.19,-0.483,-0.579,0.657
71326.7,115170.7,230474.7,34.7,0.17,-0.185,-0.755,0.628
32349.1,112142.8,201644.0,298.2,1.39,-0.441,-0.38,0.813
57100.2,113624.5,217182.3,151.2,0.27,-0.725,0.28,0.629
64576.1,99858.3,219062.5,272.4,0.17,-0.726,0.136,0.674
15529.7,66944.7,163890.0,90.0,1.19,0.097,-0.428,0.898
46019.1,103762.7,207807.9,65.5,0.29,-0.492,-0.242,0.836
97159.1,112079.5,231786.5,1.1,0.18,0.564,0.471,0.678
-31523.6,-14703.9,144452.6,282.2,0.43,-0.231,-0.409,0.883
84219.4,132171.1,244738.4,78.5,2.39,-0.292,0.52,0.803
29089.2,103900.4,198852.1,121.6,1.69,-0.2,0.046,0.979
72816.0,96788.4,226884.7,252.1,0.33,-0.746,0.146,0.65
59451.6,127685.4,232980.3,300.8,0.97,-0.063,0.598,0.799
71883.6,125005.6,238566.0,263.5,0.38,-0.526,-0.469,0.707
86525.7,126507.9,248948.9,201.2,0.28,-0.668,-0.21,0.714
27126.7,-8394.3,171059.6,251.4,0.79,-0.596,0.075,0.799
98994.0,112845.0,229695.2,20.3,0.98,0.599,0.411,0.687
22085.9,111287.8,194861.1,177.5,0.4,-0.387,-0.498,0.776
55654.2,119665.4,218795.3,351.3,1.96,-0.529,0.18,0.827
81700.7,109249.9,235221.6,291.1,0.26,-0.764,-0.21,0.608
32861.1,59510.4,167037.2,192.8,1.63,-0.548,-0.099,0.831
45754.8,103516.3,207554.6,307.9,1.05,-0.48,-0.25,0.841
62319.7,125496.7,233334.3,112.5,0.28,-0.507,-0.62,0.598
86982.1,124769.9,248707.1,196.8,0.23,-0.364,-0.626,0.69
70156.6,119045.8,231312.0,352.6,0.24,-0.59,0.238,0.771
53078.8,124517.4,224672.2,33.4,0.38,-0.701,-0.216,0.68
68696.0,122315.9,230948.6,73.4,0.08,-0.45,-0.705,0.551
57003.7,113825.7,216987.8,285.1,0.22,-0.761,0.123,0.632
9517.0,76975.0,168930.6,12.0,0.38,-0.141,-0.448,0.883
-35890.3,14523.3,165252.9,142.4,3.09,0.278,-0.291,0.915
94626.5,133225.1,244175.2,246.4,0.23,-0.183,0.66,0.728
10110.3,1264.5,158585.9,128.0,0.87,-0.296,0.395,0.87
-35210.0,1718.2,149940.0,196.8,0.51,-0.242,-0.543,0.804
36441.4,112810.0,204619.0,61.6,0.59,-0.548,-0.197,0.813
64902.9,101372.5,219141.2,116.1,0.41,-0.589,0.174,0.789
14768.5,104202.0,187744.5,111.9,0.32,-0.366,-0.422,0.829
56283.0,125459.4,227942.6,304.9,0.45,-0.044,-0.807,0.59
-7801.8,-39.9,158832.8,228.9,0.47,0.128,0.174,0.976
13347.1,5816.2,158640.9,161.1,0.41,-0.362,0.198,0.911
12284.3,4828.8,158287.0,4.9,0.32,-0.358,-0.168,0.918
70779.4,120253.4,231024.7,54.7,0.74,-0.605,0.429,0.671
70812.6,116933.3,232007.6,267.8,0.2,-0.698,0.089,0.71
72524.1,128172.9,237673.8,334.5,2.2,-0.555,0.251,0.793
82937.0,126842.5,247066.8,121.6,0.29,-0.149,-0.816,0.564
63666.7,96959.8,219529.0,253.4,0.2,-0.659,0.251,0.709
65705.5,101246.7,219752.8,324.5,0.25,-0.606,0.125,0.786
79010.8,107118.1,230863.6,49.0,0.17,-0.619,-0.471,0.629
63362.2,120316.9,224677.8,40.5,0.24,-0.545,0.391,0.741
87327.8,118674.4,244635.9,86.7,0.77,-0.293,-0.487,0.822
61578.9,133532.7,227388.8,227.1,2.1,-0.094,0.521,0.848
24083.0,118299.6,199909.2,296.2,0.27,-0.046,-0.588,0.808
-19553.8,-734.5,153031.2,158.4,0.31,-0.265,-0.374,0.889
41441.7,120680.2,210760.1,337.3,0.32,-0.578,-0.267,0.77
88811.0,123931.6,246173.0,314.1,0.16,0.73,0.27,0.628
36324.4,111038.3,204070.0,27.4,1.65,-0.474,-0.216,0.853
58675.8,114357.8,220811.4,144.2,0.6,-0.486,-0.649,0.584
87649.2,123414.6,247474.9,111.0,0.25,-0.203,-0.74,0.637
71433.1,113731.6,229823.4,46.7,0.74,-0.642,-0.302,0.704
-2665.4,-1586.2,158227.9,216.2,2.9,0.067,0.177,0.982
67918.6,100439.8,221804.8,64.1,0.21,-0.664,0.185,0.725
59857.0,106100.6,216316.7,250.2,0.26,-0.522,-0.349,0.778
73462.0,113646.4,230783.1,32.1,1.14,-0.183,-0.726,0.662
18807.0,56762.7,159790.8,64.0,0.3,-0.132,-0.221,0.966
24098.2,111888.4,196303.9,15.7,0.33,-0.436,-0.409,0.801
76122.5,124823.5,241265.5,280.4,0.18,-0.24,-0.712,0.656
41791.2,84047.0,191204.5,305.0,0.24,-0.372,-0.555,0.743
30091.9,116362.1,201914.0,273.6,0.49,-0.405,-0.42,0.812
15571.1,107720.7,190420.0,149.0,1.09,0.032,-0.659,0.751
84497.9,130103.1,246379.4,238.3,0.26,-0.24,0.602,0.761
59277.3,113448.2,220145.7,350.7,0.38,-0.215,-0.484,0.848
59265.3,115272.0,222183.1,345.0,0.14,-0.743,-0.365,0.561
100479.8,113320.3,228317.6,10.3,0.22,0.292,0.598,0.746
65438.0,115560.8,226186.8,134.9,0.12,-0.359,-0.708,0.608
82006.1,109626.7,235664.4,204.7,0.89,-0.69,0.155,0.706
22365.9,108426.4,194332.9,101.8,0.83,-0.596,0.356,0.72
80382.7,142041.6,238304.3,22.9,3.08,-0.431,-0.198,0.877
22308.0,2997.0,164187.3,51.4,1.37,-0.497,0.067,0.865
43063.8,87854.0,194272.2,258.4,1.59,-0.229,-0.501,0.834
80262.4,111519.2,233837.1,159.3,0.18,-0.745,-0.178,0.643
88001.0,133081.7,246584.7,269.9,0.49,-0.603,0.356,0.713
-25601.7,2124.5,153314.2,310.6,0.33,-0.239,-0.495,0.835
-24537.4,-1916.4,151646.2,210.7,0.47,-0.188,-0.456,0.869
82468.1,125602.2,245104.1,151.7,1.0,-0.728,-0.009,0.684
-25896.4,-3409.8,150570.1,187.9,0.32,-0.276,-0.343,0.898
85066.0,128748.6,247466.1,229.4,0.26,-0.283,0.546,0.788
58970.8,115450.9,221771.9,185.8,0.12,-0.686,-0.39,0.615
54036.1,115187.6,214571.6,157.0,0.23,-0.557,-0.498,0.664
-11958.9,5603.3,158253.9,343.9,0.4,0.016,0.015,1.0
84821.4,122233.0,243722.6,300.7,1.51,-0.669,0.027,0.737
39702.8,124524.6,214227.3,215.0,0.7,-0.492,-0.551,0.674
86625.7,100994.3,236349.1,153.6,0.59,-0.721,-0.108,0.685
33025.9,111034.4,201884.9,86.4,0.52,-0.573,-0.151,0.806
59643.0,120597.6,221758.8,51.5,0.22,-0.653,0.15,0.741
31270.4,113058.3,201503.8,240.2,0.28,-0.495,-0.356,0.792
25253.8,118570.2,200350.6,47.3,0.74,-0.226,-0.587,0.777
89950.6,130314.9,249195.1,169.0,0.42,-0.498,0.381,0.778
82841.8,121007.6,242387.7,323.1,0.26,-0.594,0.157,0.788
79960.8,123931.4,242042.0,280.1,0.43,-0.821,-0.108,0.561
25151.2,112563.5,197231.9,339.8,0.25,-0.461,-0.467,0.755
-27481.5,1976.0,152708.3,65.4,1.64,-0.216,-0.464,0.859
-195.5,85268.3,182683.9,92.7,2.02,0.578,-0.307,0.757
31646.4,121403.6,206358.2,220.6,0.12,0.143,-0.785,0.603
16811.0,94753.2,184181.5,140.8,0.11,-0.73,-0.402,0.554
64068.5,106743.3,219314.0,146.6,0.57,-0.486,-0.308,0.817
-28359.4,2913.9,153170.8,14.3,0.98,-0.157,-0.532,0.832
69507.4,130188.0,234367.3,356.6,0.35,-0.474,0.61,0.637
97107.1,113154.1,231303.6,24.5,0.49,0.632,0.329,0.701
90338.2,121201.1,240430.7,270.8,0.72,0.717,0.172,0.676
88204.2,125773.2,249597.3,359.4,0.68,0.589,-0.208,0.768
8878.8,72358.2,166431.0,337.2,0.3,-0.07,-0.44,0.895
21711.1,108330.0,193863.4,53.8,1.59,-0.606,0.186,0.773
88128.6,123227.5,247055.8,145.8,0.6,0.449,-0.356,0.814
82794.0,134394.3,242582.8,183.5,0.3,-0.446,0.536,0.716
38710.6,109167.2,204848.5,321.9,0.31,-0.403,-0.192,0.895
4589.0,92829.5,179760.4,177.6,2.5,-0.058,-0.564,0.823
-36714.4,2812.8,150466.0,123.5,0.45,-0.216,-0.539,0.814
85562.5,121627.9,244795.5,202.8,0.65,-0.719,0.021,0.692
61263.2,114147.6,222479.5,290.9,0.12,-0.493,-0.643,0.588
59664.4,112661.0,219821.7,284.5,0.33,-0.213,-0.433,0.876
92388.6,128608.9,249059.7,18.7,0.35,0.395,0.198,0.882
87427.4,121452.4,246140.4,94.4,0.41,-0.537,-0.291,0.791
59335.3,115349.1,222303.8,164.3,0.12,-0.732,-0.32,0.603
31732.5,114607.8,202173.9,100.2,1.27,-0.662,0.064,0.747
42443.8,104808.4,206687.7,293.6,0.3,-0.361,-0.126,0.924
99812.9,134573.6,242123.0,14.6,0.31,0.413,0.052,0.898
38675.2,108340.4,204606.5,120.7,0.6,-0.351,-0.23,0.907
75342.8,139225.9,234830.8,71.0,0.7,0.009,0.742,0.67
68367.0,99562.0,222469.0,67.4,0.89,-0.76,-0.052,0.648
58110.6,115658.9,221246.2,24.6,0.6,-0.607,-0.303,0.735
92580.2,127277.4,247880.3,168.8,0.1,-0.586,-0.587,0.561
90050.3,125899.2,245441.0,272.4,0.3,0.564,-0.505,0.652
-37331.7,-26965.8,140095.7,129.5,1.48,0.045,-0.167,0.985
17398.3,95960.4,185326.6,303.8,0.34,-0.661,-0.164,0.733
42784.1,104213.8,206693.5,287.3,2.5,-0.271,-0.262,0.926
95554.3,118191.8,231018.2,206.0,0.13,0.794,-0.099,0.601
87448.6,127244.4,249353.2,225.7,0.36,-0.285,0.504,0.815
15007.1,114736.4,194167.3,46.4,0.24,-0.557,-0.315,0.765
94111.0,132315.9,244729.4,249.0,0.38,-0.101,0.706,0.701
-18728.7,5538.4,157807.8,205.6,0.58,-0.385,-0.514,0.765
37957.1,109174.8,204473.5,230.1,0.57,-0.501,-0.155,0.852
87670.2,121369.5,246274.0,282.0,0.7,-0.522,-0.278,0.805
65089.2,99739.8,219607.1,81.0,1.01,-0.599,0.261,0.756
88696.2,122461.7,246423.6,229.8,0.1,0.807,-0.082,0.585
38665.6,109903.2,205005.0,312.6,0.3,-0.477,-0.208,0.854
36858.4,111442.7,204475.6,241.1,0.5,-0.481,-0.252,0.84
84168.2,128525.7,247256.2,16.2,0.63,-0.371,0.446,0.814
17455.7,10627.2,158789.5,75.7,0.29,-0.542,0.055,0.838
16165.5,59966.8,160702.4,101.8,0.31,0.084,-0.346,0.935
42119.2,103936.4,206362.7,68.9,0.65,-0.336,-0.25,0.908
64158.9,92318.7,218518.1,271.1,0.97,-0.705,0.376,0.601
33885.5,103161.1,203306.4,241.9,0.45,-0.672,0.447,0.59
41782.2,105646.3,206476.3,347.1,2.34,-0.49,0.044,0.87
16629.8,98713.4,185518.4,69.1,0.12,-0.742,-0.355,0.569
75162.0,129818.1,239041.1,358.0,0.7,-0.804,0.108,0.587
53268.1,106626.0,212729.3,94.3,0.55,-0.483,-0.136,0.865
87439.8,121494.0,246170.1,130.1,0.58,-0.532,-0.316,0.785
58640.1,110792.7,217546.9,340.6,0.28,-0.48,0.285,0.825
77937.4,139658.5,236549.1,268.5,1.0,-0.581,0.322,0.741
94251.6,135409.7,241944.0,30.3,0.23,0.144,0.638,0.756
79580.6,122299.3,238953.9,269.5,0.48,-0.54,-0.523,0.637
-26704.2,-10385.8,147919.6,56.5,0.96,-0.276,-0.162,0.947
35327.7,110053.0,203192.6,290.0,0.94,-0.493,-0.239,0.837
65887.5,112757.0,223304.0,96.5,0.94,-0.466,-0.56,0.685
28445.0,107380.0,198658.6,326.8,1.89,-0.526,0.035,0.85
65440.9,100130.0,219735.7,171.2,2.04,-0.618,0.091,0.781
59535.3,120211.8,221808.7,289.9,0.45,-0.665,0.254,0.702
45722.0,117708.9,211625.5,335.9,1.53,-0.474,-0.277,0.836
81754.2,121138.1,241492.3,327.8,0.25,-0.544,0.305,0.782
39531.0,106379.0,205340.9,113.0,0.3,-0.251,0.465,0.849
93528.6,129529.4,247828.7,228.5,0.87,0.506,0.578,0.641
36618.6,51869.3,166656.8,170.3,0.27,-0.568,0.125,0.813
94255.3,127664.7,246768.5,76.3,0.23,0.569,-0.581,0.58
27804.8,114455.4,199719.9,309.1,0.29,-0.408,-0.455,0.792
58882.3,120927.8,221352.3,119.2,0.26,-0.469,-0.369,0.802
109138.7,126194.1,214666.0,14.4,0.18,0.333,0.64,0.692
27097.8,60295.0,163612.1,351.4,0.34,-0.426,-0.158,0.891
-17914.6,5550.7,158168.2,120.2,0.29,-0.494,-0.518,0.699
87596.7,118370.9,244506.9,274.8,2.49,-0.195,-0.592,0.782
77257.2,111388.6,231152.4,121.6,0.24,-0.629,-0.134,0.765
15497.2,107091.5,189849.7,193.3,0.94,0.031,-0.65,0.759
16131.2,59913.9,160686.6,148.4,0.47,0.089,-0.343,0.935
-28425.8,2298.8,152719.9,71.2,0.46,-0.153,-0.552,0.82
67321.7,111998.0,223645.9,2.0,0.2,-0.477,-0.501,0.722
88575.3,123787.4,246539.3,81.4,0.27,0.741,0.27,0.615
72956.0,111425.1,228706.1,175.0,1.01,-0.648,-0.457,0.61
-19327.9,5885.5,157646.5,2.2,0.65,-0.276,-0.493,0.824
42865.5,104425.6,206782.0,102.8,0.73,-0.256,-0.24,0.936
18878.2,63278.4,162226.9,198.4,0.3,-0.188,-0.507,0.841
5961.6,66581.8,163574.2,176.6,2.74,-0.14,-0.392,0.909
-22380.9,-108631.9,140030.1,92.6,0.62,-0.238,0.02,0.971
36569.0,109555.0,203756.9,132.4,0.85,-0.478,-0.219,0.851
70763.3,119838.3,231300.7,83.5,0.14,-0.643,0.43,0.634
56566.1,123150.9,226796.2,125.3,0.08,-0.299,-0.783,0.551
83733.1,122023.0,242817.6,287.3,0.14,-0.715,0.279,0.641
93388.8,128950.8,248404.1,224.3,0.42,0.564,0.203,0.797
39578.5,109135.1,205259.7,252.3,1.51,-0.399,-0.29,0.87
57228.6,113779.1,217235.1,156.2,0.25,-0.814,0.023,0.575
84383.2,124015.8,247029.5,132.8,0.1,-0.277,-0.775,0.569
-24332.2,632.5,152960.6,203.7,0.3,-0.298,-0.429,0.852
75990.1,120761.7,235838.1,326.5,0.4,-0.591,0.347,0.727
56495.9,118272.2,220181.9,312.4,2.3,-0.457,0.478,0.75
52900.5,117556.4,217334.3,150.4,0.13,-0.802,-0.079,0.593
18801.9,93974.1,186124.4,39.9,0.15,-0.164,-0.749,0.643
24167.8,123344.6,205091.7,89.3,0.26,-0.576,-0.574,0.582
25669.8,102470.7,197709.1,59.2,0.65,-0.496,0.051,0.867
-30319.4,2590.2,152382.1,163.6,0.85,-0.291,-0.442,0.848
65690.3,124616.0,234485.1,307.0,0.23,-0.287,-0.597,0.748
69280.2,124401.9,235907.0,84.2,0.11,-0.138,-0.806,0.576
29589.5,114704.6,200774.0,7.8,0.26,-0.397,-0.46,0.794
68301.5,111360.4,223853.0,175.9,1.12,-0.623,-0.504,0.599
23139.7,111751.5,195731.5,29.1,0.41,-0.423,-0.478,0.77
17699.0,-1561.9,163504.7,143.8,0.74,-0.548,0.4,0.734
69955.1,128655.6,235533.5,206.0,0.38,-0.588,0.358,0.725
10336.7,668.6,158963.4,211.9,0.38,-0.357,0.401,0.844
72788.7,120559.1,233027.8,267.4,0.64,-0.722,0.362,0.59
81648.1,137646.6,240507.4,180.5,0.12,-0.777,-0.14,0.614
40197.6,92898.2,199160.0,93.6,1.79,-0.634,-0.307,0.704
84238.3,131804.7,244981.9,77.5,1.64,-0.245,0.53,0.812
31129.2,112883.2,201338.6,61.4,0.28,-0.501,-0.366,0.784
59877.1,115142.9,222606.5,260.7,0.23,-0.454,-0.479,0.753
48070.5,101350.3,208234.0,14.1,1.35,-0.422,-0.233,0.876
-488.1,-2166.9,158205.1,69.4,0.46,-0.005,0.208,0.978
34020.9,73530.2,174768.4,120.8,0.31,-0.768,-0.007,0.641
85842.8,124289.3,247955.4,116.7,0.22,-0.089,-0.681,0.727
58296.7,117054.0,222060.8,43.3,0.41,-0.512,0.211,0.833
39059.3,105399.2,205630.3,194.8,0.31,-0.173,0.181,0.966
-40301.5,-28185.1,139962.4,215.1,1.18,-0.097,-0.076,0.992
42583.8,104288.7,206649.6,309.7,0.52,-0.321,-0.242,0.915
-25153.7,-109954.7,139685.9,84.3,0.31,-0.057,-0.066,0.996
-31978.7,3336.8,152152.1,194.2,0.3,-0.369,-0.395,0.842
22225.3,51508.9,159666.5,81.5,0.84,-0.413,-0.19,0.89
59502.1,121483.3,221969.9,268.5,0.26,-0.433,-0.661,0.627
39324.1,101949.0,205319.3,330.1,0.81,-0.123,-0.332,0.935
39800.9,86083.0,192225.5,245.5,0.27,-0.123,-0.752,0.648
90446.1,129039.5,250027.8,75.1,0.3,-0.231,0.073,0.959
77975.1,121624.2,237423.7,62.3,1.44,-0.726,0.161,0.663
39612.7,111325.4,205944.5,128.4,0.3,-0.462,-0.296,0.836
16160.4,-2397.8,162938.4,193.8,0.54,-0.473,0.372,0.798
382.6,-8802.5,160039.7,223.6,1.9,-0.221,-0.014,0.975
86758.3,126575.5,249183.3,248.4,0.25,-0.613,-0.148,0.775
28210.1,60706.6,164327.0,251.2,0.39,-0.511,-0.147,0.847
77810.7,122409.1,237706.5,69.8,1.0,-0.214,-0.735,0.641
75017.0,125891.6,240119.1,43.3,0.28,-0.422,0.407,0.81
58598.2,106953.8,215820.8,121.1,0.28,-0.537,-0.287,0.793
81618.8,134566.1,241943.6,292.9,0.23,-0.448,0.472,0.758
87208.6,121697.8,246165.3,304.7,1.52,-0.527,-0.304,0.792
17295.1,123775.3,202209.4,56.9,0.3,-0.144,-0.587,0.797
84685.6,125027.1,247813.1,42.0,1.63,-0.581,0.323,0.746
87104.6,131927.7,246567.4,296.0,0.77,-0.718,0.13,0.683
67794.4,114946.0,227725.7,165.5,0.74,-0.389,-0.669,0.634
87418.8,119678.0,245198.1,343.4,0.29,-0.341,-0.478,0.81
16017.4,61300.6,161221.4,232.6,0.49,0.109,-0.363,0.925
-58564.2,-10200.5,146310.6,320.2,0.26,0.213,-0.572,0.792
24247.7,60222.5,162291.1,341.3,2.54,-0.553,0.03,0.833
69638.4,113583.4,227807.6,140.7,0.62,-0.205,-0.771,0.599
65007.5,119622.6,226320.8,2.8,0.63,-0.663,0.374,0.649
76366.8,125497.3,241617.1,67.3,0.17,-0.656,0.337,0.678
41010.0,106027.4,206049.5,264.7,0.86,-0.417,0.128,0.899
66192.8,115651.5,226839.1,9.9,0.09,-0.656,-0.503,0.562
75200.2,137401.8,234652.4,245.5,0.54,-0.723,0.124,0.679
34697.1,109647.9,202703.2,79.4,0.4,-0.483,-0.242,0.842
53794.8,118771.0,217889.1,330.0,0.26,-0.629,0.406,0.663
88021.2,127077.5,249635.2,327.9,0.3,0.466,0.165,0.864
52373.6,119094.0,216438.0,177.8,0.47,-0.604,-0.002,0.794
19128.4,58897.7,160435.6,289.2,0.67,-0.252,-0.292,0.923
15962.0,111930.9,193269.3,32.1,0.42,-0.647,-0.198,0.736
54802.0,119559.5,218319.1,274.5,0.26,-0.521,0.293,0.801
75785.3,120473.8,235869.9,277.0,0.28,-0.507,0.421,0.752
15606.4,4230.8,159853.2,218.7,0.3,-0.474,0.102,0.874
74667.7,120691.9,234736.0,334.3,0.25,-0.538,0.442,0.718
52569.5,115063.3,213471.9,201.2,0.28,-0.578,-0.127,0.806
85077.8,107697.8,236809.5,253.6,0.31,-0.698,-0.25,0.672
18161.9,59829.9,160549.6,210.7,0.32,0.069,-0.287,0.955
23117.2,111193.6,195317.6,232.3,0.38,-0.421,-0.511,0.749
56097.4,113524.5,215648.5,318.2,0.22,-0.775,-0.286,0.568
84970.0,124769.9,247990.8,328.9,0.39,-0.384,-0.155,0.907
65580.9,111824.5,222440.1,269.4,0.26,-0.208,-0.613,0.761
51639.9,118057.3,216184.5,157.7,0.37,-0.663,-0.045,0.747
24368.9,113211.6,197097.2,342.9,0.4,-0.47,-0.356,0.807
98658.6,117906.6,227749.5,125.5,1.62,0.664,0.169,0.728
35898.5,109095.6,203245.1,298.8,1.91,-0.489,-0.24,0.839
87629.4,126438.7,249843.2,349.9,1.75,-0.056,0.221,0.97
13356.4,553.3,159925.3,300.3,0.53,-0.45,0.336,0.827
34646.7,100840.4,205355.5,270.4,1.89,-0.246,-0.369,0.893
85802.5,124802.9,248232.0,34.6,0.36,-0.284,-0.517,0.807
41948.8,104428.1,206454.6,35.9,1.09,-0.354,-0.192,0.915
57308.2,116408.5,221332.0,310.5,0.11,-0.56,-0.614,0.569
87689.5,127249.4,249458.2,258.2,0.28,-0.211,0.527,0.822
76130.4,106250.6,228123.8,240.1,1.03,-0.574,-0.378,0.726
91642.1,132248.5,246591.4,138.2,0.35,0.782,0.224,0.58
85586.5,128315.4,247915.8,34.2,0.29,-0.22,0.506,0.834
71533.6,120269.1,231778.8,358.8,0.22,-0.597,0.437,0.673
12982.4,4064.2,158516.7,213.6,1.16,-0.4,0.247,0.883
77136.1,113595.8,232631.0,45.8,0.1,-0.193,-0.786,0.588
27841.8,120058.2,202884.0,355.2,0.2,-0.603,-0.519,0.607
103334.1,114371.8,225898.6,280.3,1.32,0.719,-0.09,0.686
18453.4,6162.3,160912.4,83.7,1.08,-0.487,0.27,0.83
59499.8,115365.4,222485.2,221.3,0.52,-0.646,-0.319,0.695
26905.9,124965.9,209010.5,13.5,0.11,-0.409,-0.698,0.589
109139.3,122343.6,216430.9,314.3,1.16,0.683,0.394,0.614
24474.2,113018.0,197075.6,0.6,0.92,-0.461,-0.372,0.806
32453.6,100284.6,201799.4,279.0,0.21,0.135,-0.685,0.715
31604.1,65461.0,166851.0,106.7,0.28,-0.549,0.161,0.82
83145.1,120425.0,242482.6,336.6,0.27,-0.346,-0.516,0.782
10438.4,80047.6,170533.7,25.7,2.35,-0.322,-0.377,0.868
-28304.1,-107125.4,139595.3,299.4,0.34,-0.139,0.157,0.977
97641.9,106292.2,228139.6,54.6,0.11,0.794,-0.14,0.591
28083.9,106737.6,198414.4,134.7,0.37,-0.528,0.033,0.848
79861.6,110031.7,233561.9,132.3,0.38,-0.718,0.089,0.69
42393.8,105007.9,206691.7,287.8,3.06,-0.354,-0.133,0.926
83780.2,121770.8,242973.8,151.6,1.04,-0.677,0.385,0.627
30520.0,109670.5,199950.1,350.8,1.09,-0.618,0.103,0.78
89003.3,127808.5,249312.4,335.8,2.48,0.28,-0.123,0.94
39130.4,123948.2,213237.4,246.7,0.2,-0.425,-0.602,0.677
65728.3,124480.5,234385.1,203.8,1.18,-0.174,-0.664,0.725
94777.1,141446.0,238228.7,33.2,2.18,0.471,0.479,0.74
62012.9,132114.0,228488.3,259.8,1.15,-0.017,0.742,0.671
77084.9,105607.7,228590.5,127.5,0.31,-0.559,-0.19,0.807
59577.9,115759.5,222632.0,172.3,1.77,-0.574,-0.242,0.782
65304.1,125173.9,234636.5,252.2,0.16,-0.387,-0.652,0.653
84858.9,117986.8,241480.6,77.3,0.32,-0.344,-0.662,0.665
60563.7,130168.5,230801.6,230.4,0.36,-0.559,0.513,0.651
77752.6,113102.7,232249.6,268.9,0.16,-0.321,-0.696,0.642
7133.8,111467.9,201765.6,178.6,0.68,0.802,-0.128,0.584
27566.4,111734.6,198337.1,278.6,0.28,-0.596,-0.167,0.785
16326.7,97702.5,184694.9,197.4,0.16,-0.741,-0.156,0.653
78442.2,129592.6,242578.8,257.6,0.11,-0.362,0.725,0.584
58209.3,115281.5,221171.4,203.4,0.3,-0.516,-0.46,0.723
-34765.8,5271.3,152481.4,318.9,0.38,-0.15,-0.497,0.855
53339.8,115073.8,214051.3,290.8,0.25,-0.61,-0.125,0.782
31011.6,123280.1,209914.8,154.5,0.13,0.733,-0.249,0.617
65768.2,128165.2,234739.8,146.0,0.19,0.004,0.797,0.602
91810.6,108643.7,237462.9,282.9,0.28,0.617,0.298,0.729
94162.4,128401.5,247673.6,101.4,0.87,0.245,-0.699,0.672
44641.6,102316.6,206552.4,215.9,0.52,-0.54,-0.131,0.831
12316.6,4741.7,158269.2,65.4,0.3,-0.321,-0.17,0.931
17147.1,63649.5,162207.5,235.8,2.68,0.084,-0.425,0.901
84026.7,118858.3,241887.4,79.8,0.27,-0.418,-0.544,0.727
78389.3,124281.1,241828.2,141.8,0.13,-0.385,-0.712,0.587
76448.1,121874.7,235903.2,100.3,0.36,-0.457,-0.7,0.562
39103.4,110815.9,205491.2,307.4,0.3,-0.467,-0.264,0.844
59959.6,115542.8,222768.2,91.3,0.45,-0.501,-0.295,0.814
-29182.1,2584.1,152685.6,9.0,0.28,-0.251,-0.538,0.805
-24384.2,282.2,152803.8,31.4,0.3,-0.286,-0.401,0.87
35797.4,109013.0,203160.3,26.6,0.29,-0.488,-0.238,0.84
39055.0,105410.9,205626.3,137.1,2.22,-0.18,0.191,0.963
72472.0,126473.5,238448.6,249.5,0.52,-0.554,0.431,0.712
15933.6,64430.5,162681.9,194.4,1.85,0.109,-0.415,0.903
87641.8,123400.4,247465.6,53.0,1.03,-0.232,-0.747,0.621
58781.4,114480.6,220957.7,59.8,0.16,-0.405,-0.63,0.66
86781.0,120405.6,245405.2,193.1,0.17,-0.544,-0.502,0.671
76632.3,122919.5,239198.0,230.1,0.08,-0.302,-0.781,0.559
90150.6,130062.3,249486.1,183.8,0.28,-0.327,0.462,0.806
45294.0,99132.4,205807.9,50.7,0.25,-0.45,-0.447,0.773
15017.6,61928.4,161678.1,229.5,0.31,0.181,-0.457,0.871
12728.4,58193.4,159871.5,298.0,0.48,-0.129,-0.39,0.912
-34688.8,-10222.8,145074.2,330.8,0.41,-0.224,-0.285,0.932
86895.8,110660.5,239892.4,283.0,1.09,-0.699,-0.047,0.711
83472.7,121938.8,242476.0,269.4,0.59,-0.699,0.309,0.645
38640.6,108433.3,204630.0,327.2,1.04,-0.35,-0.262,0.9
88401.3,135508.3,245849.1,210.5,1.39,-0.552,0.356,0.754
88755.2,122472.4,246368.6,20.8,0.14,0.814,-0.114,0.569
73375.6,126559.5,238925.5,277.9,0.3,-0.366,0.406,0.838
78847.7,134006.1,239130.1,279.2,1.23,-0.655,0.111,0.747
30846.0,123037.3,209681.5,330.5,0.23,0.204,-0.804,0.562
36624.3,109845.1,203861.6,89.5,0.47,-0.476,-0.218,0.852
68091.3,115003.1,227885.1,338.5,0.68,-0.442,-0.699,0.571
88319.7,120596.1,246318.9,268.9,0.56,0.132,-0.543,0.789
50431.9,116472.1,212986.1,44.8,0.43,0.189,-0.583,0.79
80557.1,110745.1,234148.6,265.9,1.23,-0.592,0.125,0.796
49053.6,109357.9,211029.3,22.5,0.3,-0.377,0.129,0.916
81645.9,121299.9,241347.5,151.1,1.01,-0.539,0.333,0.774
-29512.1,762.6,151546.5,193.3,0.74,-0.344,-0.438,0.831
65782.5,100022.1,220006.3,340.2,0.8,-0.619,0.114,0.777
87671.3,127322.8,249395.7,65.6,2.11,-0.216,0.551,0.806
94835.6,128580.9,247623.7,263.3,0.26,0.392,-0.61,0.686
-13384.7,5722.8,158183.5,67.8,1.1,-0.062,0.024,0.998
87085.1,127920.6,248801.1,358.1,1.37,-0.347,0.608,0.714
10474.4,-285.1,159446.9,89.9,2.33,-0.224,0.365,0.903
-25102.7,-6211.1,149628.6,83.2,0.3,-0.229,-0.273,0.934
17484.8,55884.6,159344.7,167.8,0.39,-0.143,-0.25,0.957
36926.7,109968.2,204058.4,29.8,0.29,-0.487,-0.23,0.843
34932.7,110513.4,203098.5,253.2,0.5,-0.516,-0.21,0.83
45434.5,102523.9,207181.3,12.5,0.28,-0.552,-0.138,0.822
8654.4,-5474.5,161159.4,353.4,1.44,-0.242,0.527,0.815
83414.5,120993.5,242840.4,214.7,1.05,-0.65,-0.18,0.735
55220.8,119930.4,218465.0,230.5,2.72,-0.558,-0.184,0.804
78624.8,137705.1,237377.0,115.6,0.46,-0.685,0.383,0.619
69126.6,114388.3,228549.5,118.4,0.21,-0.642,-0.24,0.728
87852.8,120073.3,245685.5,101.7,0.22,-0.349,-0.57,0.743
70584.9,120328.0,230843.0,267.8,0.68,-0.57,0.391,0.722
82803.7,125345.2,245585.0,100.2,0.14,-0.765,0.13,0.631
16934.0,54059.5,158723.4,189.8,0.37,-0.139,-0.302,0.943
86272.0,127158.1,248844.5,88.6,0.45,-0.543,0.189,0.816
51693.0,119571.2,216263.8,56.4,0.2,-0.59,-0.366,0.72
66370.9,100763.1,220336.5,152.3,0.88,-0.662,0.096,0.743
58235.8,115608.0,221310.6,195.8,0.22,-0.576,-0.346,0.741
40279.1,132300.5,227746.8,137.5,0.1,0.14,0.814,0.566
90007.6,120940.7,240875.8,36.8,0.14,0.764,-0.176,0.621
59206.7,113671.8,220249.9,107.8,0.73,-0.243,-0.501,0.83
87774.0,124023.2,247809.0,344.3,0.08,0.65,-0.509,0.558
66727.1,120162.0,227631.7,129.6,0.8,-0.467,0.412,0.783
35455.2,111825.4,203720.4,73.9,0.81,-0.567,-0.184,0.802
27514.9,60448.3,163846.2,233.4,0.61,-0.479,-0.153,0.865
27989.5,118442.0,201559.3,347.4,0.43,-0.502,-0.319,0.804
30674.8,111618.1,200487.1,177.5,2.5,-0.423,-0.464,0.778
59321.4,126880.6,232843.5,295.1,0.11,-0.565,-0.61,0.555
38980.3,111928.6,205830.0,188.0,0.58,-0.441,-0.324,0.837
42169.6,86784.8,193326.1,79.2,2.07,-0.091,-0.599,0.795
18002.7,65081.9,163051.9,302.4,2.15,-0.229,-0.476,0.849
20450.0,2738.6,163083.9,85.5,0.62,-0.468,0.246,0.849
41466.9,119134.6,210078.3,48.5,0.59,-0.386,-0.426,0.819
66359.9,112481.1,223447.0,133.4,0.14,-0.525,-0.593,0.61
77760.7,107822.1,230294.9,105.4,0.76,-0.627,-0.452,0.634
77957.5,111213.5,231745.1,99.3,0.44,-0.655,0.057,0.753
31456.8,112561.9,201337.6,215.6,0.53,-0.458,-0.391,0.799
8993.1,-982.5,159129.9,103.1,0.53,-0.328,0.329,0.885
88415.1,122041.0,246824.1,70.0,0.21,0.71,-0.013,0.71
87829.6,113596.3,242506.6,92.5,0.96,-0.79,0.082,0.607
76772.5,120746.0,236612.4,202.1,0.15,-0.697,0.299,0.652
34632.5,112677.6,203275.5,157.2,1.32,-0.587,-0.117,0.801
38679.0,109289.5,204856.7,258.0,0.45,-0.421,-0.19,0.887
26639.9,111580.6,197566.1,55.3,1.07,-0.616,-0.069,0.785
86460.3,129841.4,247078.0,23.7,1.09,-0.389,0.505,0.771
61699.9,115291.1,224078.0,48.8,0.13,-0.699,-0.443,0.562
95087.3,129495.1,247546.9,250.5,0.29,0.264,0.51,0.814
61031.2,119701.6,223109.3,151.6,2.03,-0.557,0.345,0.755
-16743.3,-81567.8,140177.3,9.0,0.31,-0.154,0.078,0.984
53178.2,118532.0,217453.9,345.4,0.22,-0.614,0.327,0.719
-25764.8,-3427.6,150622.4,67.7,0.3,-0.294,-0.34,0.893
74240.6,121240.5,233911.6,234.2,0.23,-0.609,0.026,0.751
60105.8,101313.8,215354.8,278.7,1.97,-0.562,-0.275,0.78
70832.4,125355.9,237865.9,112.2,0.45,-0.511,0.056,0.85
56750.7,114128.5,216656.5,83.4,0.16,-0.761,-0.228,0.606
97694.2,136286.7,240294.5,109.4,1.71,-0.02,0.729,0.674
97069.0,117606.1,229138.5,264.5,0.44,0.537,0.32,0.78
86660.0,124420.2,248186.4,121.6,0.31,-0.237,-0.623,0.746
37932.4,109441.3,204496.7,294.8,0.39,-0.495,-0.157,0.855
13916.7,63008.1,162287.7,53.8,2.86,-0.204,-0.383,0.901
11848.9,62072.3,161594.5,338.4,0.67,0.042,-0.415,0.909
54026.3,118459.6,218281.0,182.2,0.8,-0.634,0.313,0.707
58613.4,114815.0,221111.9,360.0,0.74,-0.528,-0.527,0.667
68497.6,120012.7,229278.2,75.8,1.05,-0.675,0.357,0.646
83511.7,127377.3,247557.4,55.1,0.53,-0.374,0.247,0.888
81229.5,101043.2,231237.8,243.4,2.6,-0.596,-0.007,0.803
58751.9,114848.7,221190.5,126.3,0.3,-0.498,-0.513,0.699
22235.1,51371.4,159626.6,6.7,1.57,-0.403,-0.218,0.889
29792.2,103053.2,199272.8,156.2,0.42,-0.274,0.375,0.886
43089.1,104340.7,206802.9,88.7,0.3,-0.193,-0.255,0.947
83718.8,122169.8,242742.2,125.7,0.16,-0.724,0.171,0.667
33914.8,111383.4,202567.6,9.9,0.27,-0.568,-0.139,0.811
23100.6,-3812.2,167100.6,223.5,0.37,-0.448,0.33,0.831
35847.5,107485.3,203252.2,253.5,1.48,-0.654,0.289,0.699
64103.4,92201.1,218495.5,183.6,0.11,-0.702,0.391,0.595
62047.9,115634.1,224662.5,201.0,1.15,-0.482,-0.375,0.792
93282.9,115625.1,234136.1,65.9,0.09,0.815,0.092,0.573
71916.7,119815.2,232348.7,172.8,0.23,-0.649,0.3,0.699
37018.8,109169.7,203916.0,241.8,0.31,-0.494,-0.173,0.852
83811.7,108044.1,235662.0,254.8,0.2,-0.696,-0.448,0.562
85628.3,121519.1,244837.0,69.5,0.19,-0.707,-0.087,0.701
9188.3,79256.4,169904.6,249.4,1.24,-0.186,-0.41,0.891
65578.2,96089.2,221497.3,41.6,0.26,-0.605,-0.037,0.791
61653.6,101069.2,216319.4,297.3,0.7,-0.605,-0.116,0.782
42402.8,104230.2,206564.5,337.0,0.3,-0.34,-0.239,0.909
16758.1,183.8,162064.4,327.4,0.95,-0.545,0.328,0.771
46044.6,102947.4,207577.2,83.9,2.64,-0.462,-0.192,0.866
85106.2,129125.7,247203.7,81.0,0.29,-0.247,0.538,0.806
17541.1,7299.3,160094.4,193.7,2.85,-0.449,0.285,0.847
74900.1,124712.5,240230.1,262.4,0.1,-0.515,-0.635,0.582
64810.7,96738.9,220762.1,216.0,0.93,-0.587,0.266,0.763
62282.0,101862.6,217107.0,283.0,1.39,-0.561,-0.166,0.811
15078.3,107564.4,190284.0,102.8,0.25,-0.124,-0.613,0.78
95408.9,107331.9,231373.2,48.2,0.7,0.772,-0.26,0.579
23434.8,123487.9,204551.2,311.1,0.66,-0.555,-0.391,0.734
71359.0,127636.3,237163.2,86.3,1.85,-0.551,0.368,0.749
68729.7,131558.7,231903.1,250.7,1.36,-0.451,0.625,0.637
77031.0,124626.3,241714.3,292.6,0.18,-0.451,-0.659,0.597
51556.3,120378.1,216234.7,223.9,1.96,-0.512,-0.259,0.817
-28015.4,3545.7,153610.9,203.3,0.42,-0.143,-0.537,0.831
87275.0,125889.9,249672.7,182.7,0.48,-0.545,-0.21,0.804
38462.1,108092.1,204481.0,355.6,2.16,-0.355,-0.117,0.927
60155.4,114688.9,222412.9,315.1,0.1,-0.424,-0.695,0.584
-25253.4,-3978.0,150508.0,54.4,0.3,-0.24,-0.366,0.898
76913.4,110379.9,230712.3,160.9,0.28,-0.638,-0.181,0.748
79933.6,126675.8,246291.6,300.6,0.21,-0.47,-0.493,0.73
13023.6,63932.4,162514.0,231.7,0.3,-0.067,-0.437,0.897
32942.1,113160.6,202599.5,298.9,2.11,-0.42,-0.423,0.803
18994.6,62137.7,161589.5,63.5,1.0,-0.192,-0.444,0.875
74432.5,125150.3,240022.0,10.5,0.63,-0.521,-0.201,0.823
60540.2,115127.7,222913.0,20.1,0.45,-0.475,-0.458,0.751
26492.5,124476.7,208192.7,264.4,0.13,-0.401,-0.701,0.59
32789.0,48959.4,164191.9,13.7,0.31,-0.436,-0.182,0.88
27839.9,61143.5,164181.5,107.4,1.2,-0.459,-0.201,0.865
42941.8,104418.8,206798.8,46.9,0.37,-0.232,-0.247,0.941
77139.9,125953.1,241910.3,199.1,0.14,-0.714,0.3,0.633
21560.0,113104.8,195345.7,193.4,0.74,-0.28,-0.514,0.811
106226.5,120073.8,220266.0,23.0,0.16,0.735,0.152,0.661
49940.8,128528.0,231786.0,144.9,0.26,-0.57,0.43,0.701
51912.5,102715.5,210850.3,180.9,0.63,-0.552,-0.36,0.752
50256.3,115247.1,212152.8,25.9,0.3,0.046,-0.412,0.909
75477.6,129381.9,239211.2,10.9,0.26,-0.594,-0.124,0.794
44107.1,98808.1,205192.1,85.4,2.79,-0.186,-0.482,0.856
59579.0,92904.6,214645.0,43.4,0.28,-0.441,0.478,0.751
28555.7,111365.8,198943.1,118.4,0.25,-0.528,-0.337,0.78
85992.7,128225.4,248073.4,245.7,1.6,-0.179,0.568,0.803
68169.8,111382.8,223711.5,305.0,0.83,-0.585,-0.503,0.637
47170.4,108748.2,210113.8,197.4,1.62,-0.48,0.035,0.872
57168.7,116533.2,221321.6,80.0,0.79,-0.604,-0.562,0.581
80081.6,127046.2,246508.9,194.5,1.79,-0.416,0.196,0.88
58367.2,121505.0,221234.3,55.4,0.13,-0.112,-0.83,0.566
48798.2,100990.8,208272.1,257.4,0.74,-0.311,-0.525,0.791
67854.9,99980.4,221831.0,220.1,0.34,-0.715,-0.028,0.699
86481.3,132503.4,245675.0,255.3,0.5,-0.582,0.286,0.761
48930.7,127983.6,231073.8,122.1,0.62,-0.511,-0.625,0.589
52236.2,98905.3,209243.6,352.5,1.76,-0.37,-0.401,0.837
30105.1,124182.0,210268.9,10.5,0.52,-0.169,-0.708,0.684
44092.3,99069.8,205320.7,200.1,1.1,-0.241,-0.428,0.871
83568.5,119539.3,241937.3,275.6,0.92,-0.587,-0.494,0.641
39771.5,105393.3,205667.9,101.3,0.31,-0.073,0.054,0.996
88422.5,123705.6,246709.1,159.5,0.13,0.763,0.188,0.62
59341.7,120736.9,221511.7,103.0,0.31,-0.559,-0.153,0.811
26952.7,113624.7,198832.0,280.4,0.71,-0.376,-0.457,0.806
7633.0,-2602.5,159121.8,7.6,0.87,-0.292,0.365,0.884
4024.5,97461.9,183898.2,261.1,0.41,0.456,-0.586,0.665
74412.1,114269.2,232011.5,346.4,0.4,-0.393,-0.614,0.684
41894.6,110087.3,206612.8,186.0,2.17,-0.353,-0.373,0.858
-11795.8,2888.3,158710.1,272.6,0.69,0.226,0.338,0.914
25428.3,-380.3,167153.8,297.0,0.38,-0.531,0.249,0.81
-40372.3,-31167.1,139559.4,26.8,0.38,-0.02,-0.064,0.998
19941.1,107106.6,191885.1,241.9,0.1,-0.751,-0.365,0.551
65245.0,102623.5,219182.1,201.4,1.57,-0.578,-0.113,0.803
16765.9,95772.0,184705.6,24.3,0.14,-0.723,-0.312,0.617
22233.5,99814.9,195502.2,235.8,0.96,-0.412,0.703,0.58
81015.7,108239.1,233209.4,97.7,0.13,-0.529,-0.578,0.623
20676.6,107446.6,192995.6,253.2,0.15,-0.764,-0.273,0.584
58480.1,114899.6,221109.0,74.7,0.75,-0.533,-0.565,0.632
83061.8,120274.5,242347.1,357.6,0.22,-0.317,-0.596,0.737
70492.4,120447.9,230721.9,230.4,0.24,-0.556,0.388,0.735
-26669.8,5794.3,155321.5,90.6,0.37,0.112,-0.463,0.879
18173.1,85833.7,176786.0,270.2,0.51,-0.043,-0.606,0.794
15782.4,120458.6,198856.9,359.3,0.13,0.004,-0.792,0.612
8423.6,-3525.7,159823.3,186.3,1.25,-0.11,0.58,0.807
34370.5,103415.6,203602.7,135.0,0.52,-0.566,0.473,0.675
74943.1,135903.5,235346.2,255.8,0.26,-0.072,0.64,0.763
63008.3,112133.8,221661.2,203.6,0.33,-0.24,-0.532,0.811
36787.5,111888.7,204584.6,179.6,0.84,-0.485,-0.266,0.833
14151.8,64796.3,163083.0,319.3,0.33,0.027,-0.375,0.926
78821.0,107758.1,231158.6,229.6,0.21,-0.524,-0.576,0.628
58449.7,116406.5,222219.2,163.7,0.24,-0.54,-0.433,0.722
61331.4,115225.9,223557.8,342.1,0.74,-0.672,-0.41,0.617
76248.1,126003.0,240949.6,359.2,0.11,-0.647,0.493,0.582
30606.2,58198.0,165342.6,167.7,0.34,-0.533,-0.083,0.842
78045.8,108829.1,231266.7,87.0,0.18,-0.67,-0.258,0.696
63603.6,139314.9,224797.9,62.6,1.43,-0.345,0.207,0.915
15688.1,95286.0,182993.1,342.6,0.24,-0.734,-0.321,0.6
68980.6,115871.9,230244.7,197.4,0.13,-0.619,-0.479,0.621
40378.7,109823.0,205841.7,50.4,0.34,-0.409,-0.272,0.871
27585.9,107164.6,198121.2,323.5,0.56,-0.515,0.035,0.856
31153.1,121450.0,206589.0,331.4,0.57,0.078,-0.774,0.625
25066.2,113406.6,197640.3,52.5,0.63,-0.503,-0.321,0.802
88239.9,138227.1,245270.4,74.8,0.47,-0.619,0.175,0.763
68063.6,119795.6,228855.8,123.9,0.63,-0.686,0.379,0.621
33431.6,94088.0,192572.9,350.3,0.37,0.521,-0.622,0.579
80418.1,103729.5,230938.3,58.2,0.67,-0.697,-0.119,0.707
79169.0,106252.0,230490.5,116.9,0.3,-0.554,-0.265,0.789
41341.6,112537.9,207290.7,117.1,0.29,-0.43,-0.349,0.833
87550.5,120422.6,245807.0,9.0,2.24,-0.314,-0.588,0.745
15213.9,-6343.1,164090.1,82.9,0.3,-0.375,0.206,0.904
88649.5,116158.2,243891.6,147.2,0.39,0.162,0.057,0.955
59276.2,115586.6,222264.9,344.0,0.19,-0.728,-0.276,0.628
47986.0,105946.1,209586.8,60.7,0.38,-0.378,-0.193,0.906
43404.6,119728.3,211313.8,11.8,0.33,-0.302,-0.498,0.813
71172.2,131809.3,234202.3,172.4,0.4,-0.356,0.618,0.7
19762.8,118397.3,198420.5,97.7,0.27,-0.533,-0.294,0.793
81126.3,129998.2,244201.5,120.5,0.91,-0.536,0.494,0.684
80489.1,124185.8,242711.7,1.1,0.87,-0.769,0.079,0.632
66694.5,113631.6,224830.3,70.3,0.65,-0.554,-0.556,0.62
92814.4,118047.9,234824.2,62.9,0.47,0.815,-0.041,0.578
41634.3,123515.6,214302.7,330.0,0.36,-0.282,-0.775,0.569
87264.1,125238.3,249115.0,83.4,0.3,-0.16,-0.612,0.773
44173.9,94331.9,200665.9,264.0,1.67,-0.303,-0.608,0.733
66545.8,136417.2,226932.6,263.7,0.57,-0.226,0.431,0.874
40096.0,107178.8,205143.3,179.7,0.67,-0.407,0.173,0.895
71644.9,129535.4,236379.3,180.8,0.29,-0.576,0.304,0.759
34177.0,106510.8,202100.6,29.4,0.17,-0.711,0.157,0.682
-28891.0,4023.4,153690.1,144.5,0.32,-0.288,-0.442,0.85
36879.1,127080.6,215719.9,202.7,0.6,-0.509,-0.544,0.667
-22014.7,20102.1,159046.6,129.2,0.94,0.428,0.242,0.871
60838.5,119292.2,223221.8,13.1,0.21,-0.498,0.484,0.719
85167.6,103702.9,236446.8,118.4,0.12,-0.794,0.007,0.609
50447.4,94498.6,206413.2,99.5,0.67,-0.406,-0.512,0.757
19052.8,61920.7,161497.5,65.7,0.3,-0.207,-0.423,0.882
30966.3,101506.1,201129.6,225.4,0.79,-0.729,0.372,0.574
16290.8,113394.3,193974.9,6.4,0.57,-0.567,-0.31,0.762
11070.4,111416.5,190888.8,119.4,0.17,0.382,-0.629,0.677
94735.6,118553.9,231872.3,249.5,0.44,0.819,-0.078,0.568
67440.8,114738.4,227170.8,126.0,0.16,-0.527,-0.641,0.556
21774.7,110459.3,194061.0,162.8,0.23,-0.469,-0.461,0.753
58836.3,114946.9,221262.1,195.0,0.4,-0.547,-0.506,0.668
72420.3,120905.9,232322.7,257.6,1.02,-0.622,-0.405,0.664
35728.9,109094.2,203150.2,13.5,1.47,-0.482,-0.246,0.841
54349.4,120583.6,218206.9,273.1,2.74,-0.542,-0.229,0.808
46354.1,107401.3,208767.7,200.0,1.36,-0.683,-0.121,0.719
68462.1,100026.6,222497.1,224.7,0.76,-0.724,0.096,0.684
18242.4,56805.7,159688.8,359.9,0.63,-0.179,-0.194,0.964
88930.8,133023.8,247326.1,10.6,1.83,-0.524,0.325,0.787
57031.9,117397.1,221040.4,172.5,1.58,-0.534,0.397,0.746
58860.1,115681.6,221823.3,163.1,0.16,-0.605,-0.468,0.644
17422.7,117208.1,196618.7,153.4,2.04,-0.496,-0.269,0.825
5788.6,86618.4,177997.3,322.7,0.22,0.737,0.139,0.663
87310.6,119847.7,245245.7,330.6,1.9,-0.372,-0.5,0.782
-29247.5,-109363.4,139544.0,288.7,0.54,-0.014,0.12,0.992
80402.5,110810.4,234038.0,22.2,0.62,-0.615,0.125,0.778
77818.3,126556.8,242424.8,86.9,0.44,-0.726,0.263,0.64
61561.6,115746.7,224452.5,224.8,0.32,-0.577,-0.521,0.635
60888.6,133437.6,227339.0,335.8,0.3,-0.13,0.568,0.813
15275.1,106698.2,189553.3,341.4,1.72,0.025,-0.644,0.764
59467.7,113372.1,220138.3,265.8,0.3,-0.184,-0.487,0.854
41505.9,120642.0,210793.3,6.2,1.21,-0.587,-0.249,0.771
79772.6,128148.3,245065.4,244.3,2.03,-0.618,0.113,0.773
57596.4,115676.5,220780.4,108.3,0.84,-0.71,-0.385,0.59
20492.7,49619.5,158570.4,246.7,1.56,-0.284,0.15,0.947
18366.0,87182.2,178033.3,283.5,0.21,-0.24,-0.636,0.733
73066.6,131052.3,236131.1,329.9,0.34,-0.762,0.154,0.629
56617.8,117962.3,220472.0,223.6,0.26,-0.494,0.43,0.755
42337.0,105659.4,206783.1,105.5,1.43,-0.428,0.044,0.902
69345.1,125300.9,237342.9,111.0,0.62,-0.294,-0.695,0.656
31682.4,109101.1,200766.2,154.4,0.29,-0.548,-0.124,0.827
-24300.7,-3462.8,150860.0,221.1,0.31,-0.228,-0.227,0.946
20701.9,48954.8,158726.5,204.6,0.34,-0.297,0.189,0.936
38434.7,110139.5,204934.4,338.3,0.3,-0.468,-0.24,0.85
60819.8,114961.0,222980.0,319.9,0.76,-0.456,-0.496,0.739
71285.9,102393.6,223864.7,232.1,2.18,-0.652,-0.047,0.756
26481.4,116158.7,199492.4,240.5,1.46,-0.665,-0.151,0.731
64077.8,127452.9,235284.0,36.9,1.12,-0.673,-0.023,0.739
39670.2,105452.6,205654.9,91.2,0.6,-0.065,0.063,0.996
63138.5,111909.6,221531.3,55.3,1.6,-0.247,-0.562,0.79
87586.6,121867.0,246506.6,35.5,0.4,-0.609,-0.203,0.762
86338.7,124363.7,248092.4,293.9,0.23,-0.149,-0.648,0.748
17373.7,-2206.5,163595.2,42.3,1.05,-0.516,0.421,0.745
29509.7,112788.2,200025.0,13.5,0.8,-0.642,-0.098,0.76
26219.1,115091.7,199046.2,9.8,0.43,-0.556,-0.298,0.776
73429.6,126837.8,238827.0,7.6,0.72,-0.349,0.401,0.847
13633.8,108836.1,190216.6,32.6,0.23,-0.541,-0.394,0.743
76810.4,109555.9,230367.9,78.6,1.43,-0.712,-0.135,0.69
39082.9,121449.9,210387.1,92.7,0.13,-0.13,-0.815,0.564
15385.8,64870.2,162976.9,62.7,1.97,0.168,-0.395,0.903
-41080.6,-20719.7,141961.0,270.6,2.86,0.062,-0.265,0.962
38056.4,119671.4,208449.3,241.8,2.44,-0.443,-0.405,0.8
21774.9,112350.1,195178.9,211.8,0.28,-0.548,-0.256,0.797
87121.0,135599.1,244946.2,93.4,1.99,-0.494,0.424,0.759
19133.3,111436.7,193584.9,309.1,0.3,-0.253,-0.511,0.821
58894.7,113690.3,220158.5,131.3,0.54,-0.404,-0.511,0.758
35291.6,113076.2,203764.0,336.7,1.32,-0.576,-0.153,0.802
12424.5,65609.5,163234.9,65.3,1.87,-0.061,-0.444,0.894
62705.7,119798.4,224565.2,92.4,2.06,-0.526,0.423,0.738
14007.1,65091.2,163199.1,47.4,0.58,-0.028,-0.356,0.934
73473.5,126614.2,238938.2,258.5,0.31,-0.349,0.406,0.845
79593.7,116258.5,236639.2,188.9,1.14,-0.007,-0.767,0.64
96647.3,112596.1,231955.5,303.9,1.8,0.612,0.385,0.691
68963.6,129516.0,234456.9,171.5,0.87,-0.698,0.14,0.697
5838.7,90064.9,177025.6,190.3,0.19,-0.054,-0.724,0.686
35048.7,112487.6,203550.2,272.5,0.27,-0.587,-0.121,0.8
87002.3,125460.2,249198.4,61.1,0.23,-0.382,-0.538,0.75
87036.9,119810.3,245098.2,98.8,0.27,-0.385,-0.465,0.797
70658.8,113545.5,228962.2,352.0,0.57,-0.666,-0.491,0.562
88547.0,127035.8,248947.5,291.2,0.13,0.777,-0.171,0.603
41703.3,105443.4,206421.1,177.2,2.84,-0.497,-0.019,0.868
82888.9,137197.6,241586.3,42.8,0.68,-0.623,-0.041,0.78
-8176.0,-1127.9,158779.2,162.5,0.35,-0.154,-0.109,0.981
87505.2,123931.4,247880.9,61.0,0.41,0.041,-0.763,0.638
85652.3,127479.8,248382.5,304.4,1.93,-0.414,0.292,0.861
88610.0,123811.9,246488.4,24.0,0.16,0.738,0.278,0.615
68518.7,125892.9,237513.5,280.6,0.38,-0.317,-0.178,0.91
41207.2,104436.1,206050.8,146.4,0.3,-0.429,-0.061,0.901
81741.4,121118.9,241488.4,143.9,1.64,-0.545,0.301,0.782
59652.7,115713.0,222662.9,165.2,0.51,-0.542,-0.239,0.806
43491.2,103606.7,206659.5,353.4,1.18,-0.065,-0.403,0.913
-3490.9,-96062.7,143889.7,28.3,0.31,-0.276,-0.102,0.955
10611.8,65632.0,163172.1,302.4,1.73,-0.06,-0.43,0.9
29113.2,114820.8,200601.2,146.3,0.31,-0.411,-0.437,0.8
-19464.3,-106192.6,141225.3,26.7,0.88,-0.561,0.037,0.827
86395.9,119983.1,244863.0,76.2,1.36,-0.547,-0.399,0.735
18524.5,117074.9,197092.3,174.5,0.74,-0.416,-0.415,0.809
82171.0,134148.4,242418.0,6.0,0.61,-0.42,0.536,0.732
27543.5,48774.2,161561.9,39.5,0.39,-0.465,-0.046,0.883
60183.1,115363.7,222818.3,213.8,0.28,-0.475,-0.393,0.787
-18205.3,8157.2,158898.7,43.9,0.52,0.211,-0.374,0.903
62331.6,100426.1,217027.3,83.5,0.75,-0.642,0.021,0.765
42046.5,104814.9,206543.0,209.5,0.36,-0.363,-0.117,0.924
64583.0,119978.8,225776.7,1.1,0.24,-0.543,0.394,0.741
59289.2,115204.1,222180.8,179.9,0.08,-0.724,-0.415,0.55
77595.3,130041.9,241607.8,157.9,0.6,-0.647,0.508,0.561
5404.8,90615.1,177927.1,274.6,1.38,0.028,-0.747,0.665
24891.2,112386.5,196963.5,57.8,1.26,-0.453,-0.434,0.779
26179.6,111692.8,197233.9,221.9,0.76,-0.477,-0.317,0.817
78915.8,129991.6,242290.1,80.4,0.16,-0.6,0.571,0.56
90505.5,112366.4,240627.8,243.5,0.11,0.782,0.267,0.571
41005.7,106291.0,205991.4,94.0,0.46,-0.43,0.206,0.879
18173.5,65429.8,163290.6,118.6,0.32,-0.213,-0.475,0.854
59437.5,116534.8,222785.0,332.0,2.33,-0.564,-0.308,0.765
68023.0,120021.7,228698.8,47.9,0.28,-0.712,0.294,0.637
82298.5,110080.5,235804.6,246.7,1.26,-0.701,0.089,0.707
38130.0,109241.9,204593.9,99.9,0.47,-0.485,-0.152,0.861
47940.2,104443.8,209033.2,207.7,0.51,-0.522,-0.176,0.834
35822.3,59595.7,168924.7,108.4,0.29,-0.544,-0.235,0.805
-24782.3,480.2,152784.8,315.4,0.73,-0.2,-0.456,0.867
13339.3,-4321.8,161928.3,341.6,2.24,-0.554,0.273,0.786
46413.9,102072.7,207563.3,289.8,1.25,-0.44,-0.241,0.865
82615.6,122192.6,241693.2,307.0,0.25,-0.643,-0.026,0.764
81492.6,134727.8,241799.1,12.9,0.42,-0.497,0.495,0.711
-19445.8,11324.9,159648.3,192.2,1.16,0.256,-0.053,0.965
47982.1,108836.9,210454.3,358.0,1.08,-0.451,0.089,0.888
34793.9,108234.8,202331.2,41.1,0.58,-0.509,-0.282,0.813
95792.4,114983.5,231275.5,345.4,1.03,0.662,0.441,0.606
59697.6,105571.7,216024.5,341.2,1.95,-0.525,-0.158,0.836
24641.8,61129.7,162546.2,43.8,0.83,-0.555,-0.098,0.826
58681.1,115938.9,221858.8,143.1,0.38,-0.55,-0.562,0.618
86453.3,120826.4,245314.0,316.8,0.29,-0.665,-0.162,0.729
87697.3,122889.7,246523.4,0.2,0.2,-0.589,-0.488,0.634
82253.3,124272.3,245325.3,227.3,0.08,-0.802,0.202,0.56
19077.4,61891.4,161490.1,24.5,1.2,-0.21,-0.419,0.883
57661.6,115610.5,220821.4,96.6,1.08,-0.714,-0.348,0.611
64935.3,125371.5,234713.7,118.1,1.27,-0.175,-0.749,0.64
79340.3,126119.1,245225.5,114.3,0.13,-0.334,-0.713,0.614
-17859.5,5814.0,158387.1,299.6,0.65,-0.462,-0.274,0.842
24484.1,111895.3,196528.0,90.8,0.78,-0.433,-0.383,0.816
11914.7,89245.8,176498.0,327.7,0.58,-0.717,-0.418,0.559
76647.8,113613.5,232586.2,161.3,0.49,-0.177,-0.755,0.631
81229.8,109381.5,234794.3,126.9,0.44,-0.663,-0.381,0.647
35482.4,105415.6,203531.8,71.1,0.34,-0.553,0.266,0.789
11042.3,64743.9,162836.1,182.9,0.68,-0.017,-0.409,0.912
83541.4,120468.9,242663.1,108.1,1.13,-0.417,-0.51,0.752
84828.6,110835.5,237896.9,37.6,1.93,-0.642,0.252,0.724
44780.8,119613.7,211655.3,233.5,0.43,-0.287,-0.419,0.861
84696.4,136927.0,242801.3,42.1,1.28,-0.443,0.436,0.783
34918.9,124240.1,210691.9,253.0,0.11,-0.34,-0.747,0.572
-10710.0,-93614.9,142722.3,229.0,0.32,0.008,0.285,0.958
54663.2,114353.9,214814.6,211.7,0.61,-0.57,-0.198,0.797
42302.5,104942.6,206651.5,158.3,1.23,-0.356,-0.127,0.926
86351.0,121525.4,245439.5,329.8,0.38,-0.57,-0.289,0.769
20330.8,107012.4,192229.6,350.4,0.62,-0.69,-0.418,0.59
17745.0,56876.1,159629.0,345.1,0.64,-0.065,-0.269,0.961
77368.1,137184.5,237335.9,345.9,0.35,-0.126,0.672,0.723
57109.5,118652.1,220354.9,210.6,1.34,-0.456,0.423,0.783
78153.6,139720.3,236649.2,139.4,0.54,-0.462,0.5,0.73
33990.4,106478.5,201870.8,121.5,1.28,-0.729,0.132,0.671
14674.7,54666.8,158551.7,217.2,0.33,-0.152,-0.446,0.882
76015.4,121755.9,235429.0,121.8,1.37,-0.517,-0.508,0.649
89823.2,136096.3,246668.1,79.7,0.52,0.652,0.023,0.754
42573.4,105395.3,206840.1,151.6,0.7,-0.326,-0.14,0.935
42885.8,104270.1,206742.5,152.0,0.32,-0.245,-0.262,0.933
29846.7,57475.9,164741.6,69.7,1.88,-0.545,-0.103,0.832
85825.8,140654.3,242801.5,111.8,0.27,-0.607,0.085,0.79
15917.7,65819.4,163293.3,205.6,0.31,0.123,-0.424,0.897
25252.5,112431.1,197202.8,19.5,0.75,-0.45,-0.467,0.761
72837.5,113041.1,229986.4,224.6,0.47,-0.354,-0.686,0.635
14511.2,66615.5,163829.5,193.6,0.51,0.032,-0.412,0.911
28716.0,103919.1,198777.4,215.6,0.31,-0.228,0.038,0.973
39931.8,92728.4,198853.1,105.6,0.17,-0.733,-0.235,0.636
54302.1,119460.0,217930.2,82.3,1.14,-0.632,0.268,0.727
51647.7,98014.1,208682.2,268.2,0.43,-0.302,-0.435,0.847
14037.9,113062.3,192747.8,72.9,0.98,-0.505,-0.377,0.776
40407.2,106314.6,205654.5,292.1,0.3,-0.399,0.287,0.87
67272.3,99720.4,221247.4,71.6,1.11,-0.645,0.132,0.753
27900.1,110196.4,198090.2,297.0,0.43,-0.565,-0.181,0.805
39853.2,105843.5,205653.2,251.5,0.34,-0.128,0.19,0.973
-18421.1,6283.9,158215.1,70.5,0.92,-0.284,-0.354,0.891
13304.6,-6801.5,163014.9,81.8,2.1,-0.421,0.376,0.826
93114.0,127149.9,248071.9,319.5,0.29,0.356,-0.684,0.629
39538.8,110017.5,205494.1,30.7,0.97,-0.43,-0.255,0.866
87029.7,125064.6,248943.0,316.8,0.3,-0.306,-0.564,0.767
76192.9,106781.0,228549.2,86.8,0.83,-0.539,-0.45,0.712
31279.9,112903.3,201441.1,351.1,0.26,-0.485,-0.381,0.787
35208.4,112688.5,203713.2,343.7,0.32,-0.604,-0.093,0.792
-32229.5,4917.9,152929.1,244.3,0.58,-0.299,-0.485,0.822
22197.5,117376.3,198931.6,319.4,2.14,-0.145,-0.591,0.793
90403.2,131886.1,248212.3,164.9,0.24,0.599,0.319,0.735
60605.4,114365.6,222291.7,124.1,0.12,-0.544,-0.63,0.555
60576.2,100133.8,215471.1,38.7,0.64,-0.634,0.056,0.771
-24421.4,-1947.7,151653.3,96.5,0.3,-0.137,-0.484,0.864
59330.9,86999.0,210660.5,290.5,0.47,-0.764,-0.146,0.628
4557.7,92783.3,179718.8,3.5,2.09,-0.034,-0.557,0.829
80205.1,133025.7,241579.3,250.6,1.67,0.058,0.718,0.691
23172.8,110467.4,194949.0,255.4,0.26,-0.499,-0.328,0.802
68174.1,119541.2,229191.6,96.2,0.14,-0.688,0.396,0.608
61684.8,96212.2,217430.0,148.0,0.19,-0.715,0.112,0.691
57406.0,117151.5,221440.5,221.8,0.36,-0.512,0.387,0.766
21930.3,112471.2,195335.6,208.4,0.28,-0.56,-0.26,0.787
29274.3,114753.6,200636.5,10.6,1.03,-0.405,-0.446,0.798
37565.1,110671.9,204616.3,2.5,0.3,-0.463,-0.249,0.85
23308.1,113075.4,196449.1,64.4,0.54,-0.496,-0.312,0.81
2579.6,-9709.9,161106.9,45.9,3.0,-0.395,0.243,0.886
48197.0,100788.0,208111.0,63.0,0.28,-0.183,-0.545,0.817
46417.1,101717.3,207453.2,204.3,0.35,-0.485,-0.269,0.832
57829.3,120285.1,220408.1,80.2,0.26,-0.522,-0.31,0.793
71464.8,120046.8,231838.5,304.7,1.21,-0.582,0.424,0.694
81902.0,110840.3,235203.4,153.9,0.35,-0.657,0.044,0.75
-27669.9,-10837.4,147514.5,328.1,0.3,-0.252,-0.257,0.932
84057.7,121839.1,243208.3,77.8,0.3,-0.628,0.37,0.685
77746.0,113785.1,233234.8,147.9,0.57,-0.221,-0.761,0.61
10016.9,87041.4,174333.6,188.5,0.46,0.026,-0.522,0.852
55897.7,111335.3,215241.6,24.2,0.22,-0.676,-0.036,0.735
64069.5,108097.3,219751.0,101.2,1.29,-0.388,-0.393,0.834
67759.1,119971.3,228490.7,334.8,0.21,-0.636,0.396,0.662
43292.9,118807.5,210726.8,176.4,0.61,-0.321,-0.468,0.824
60384.7,124519.6,230945.2,133.7,0.56,-0.397,-0.681,0.615
32497.0,119538.3,204805.7,309.6,1.3,-0.435,-0.425,0.794
59138.7,116390.2,222563.7,170.9,0.28,-0.48,-0.301,0.824
75622.4,112651.0,231526.2,109.9,0.39,-0.315,-0.545,0.777
38788.5,111281.1,205464.1,119.9,1.53,-0.45,-0.294,0.843
44265.9,99803.1,205755.7,242.8,0.36,-0.304,-0.453,0.838
65833.7,127746.7,235222.7,186.1,1.7,-0.112,0.701,0.698
59976.8,116183.2,223044.3,259.5,0.23,-0.553,-0.396,0.733
83552.9,128532.2,246918.4,226.2,0.28,-0.47,0.395,0.789
62436.4,124885.0,232827.1,256.8,0.28,-0.442,-0.689,0.575
18517.1,57875.4,159978.7,198.0,0.55,-0.207,-0.234,0.95
-35656.3,-17142.0,143068.5,226.5,0.3,-0.137,-0.236,0.962
15661.4,95593.7,183091.1,289.8,0.13,-0.738,-0.273,0.618
36173.6,109274.7,203455.8,224.3,1.01,-0.495,-0.24,0.835
85079.9,122246.3,243936.6,222.9,0.26,-0.72,0.059,0.688
-18451.9,6317.1,158222.5,319.1,0.7,-0.273,-0.365,0.89
90362.7,122398.8,240384.0,39.7,0.09,0.817,-0.026,0.575
31175.4,112839.8,201349.0,29.4,0.54,-0.491,-0.379,0.785
77398.1,120861.0,237304.3,91.6,0.59,-0.693,0.407,0.595
86455.2,124572.7,248245.1,226.1,0.28,-0.188,-0.582,0.791
23132.1,110995.3,195183.0,321.6,0.25,-0.43,-0.478,0.766
31567.7,112728.5,201520.7,305.9,0.35,-0.473,-0.413,0.779
23232.7,108947.0,194776.3,44.8,1.66,-0.567,0.266,0.779
86829.3,116785.7,242530.6,177.6,0.67,-0.37,-0.623,0.689
39150.4,108950.5,205003.0,74.4,0.61,-0.399,-0.287,0.871
57187.8,116990.1,221377.2,59.5,0.41,-0.564,0.239,0.788
83029.8,110562.9,236331.0,185.6,0.27,-0.626,0.313,0.714
68854.5,116097.3,230358.6,111.4,0.25,-0.629,-0.206,0.747
36653.2,120382.4,207872.2,86.0,0.37,-0.568,-0.491,0.661
74780.8,120732.9,234794.2,43.5,0.28,-0.537,0.428,0.727
87709.4,126728.5,249749.8,193.6,0.35,0.066,0.275,0.95
36588.7,115490.9,205724.7,261.2,0.68,-0.47,-0.342,0.814
20815.3,329.9,164288.5,279.7,0.32,-0.474,0.411,0.778
41480.9,91655.0,198007.3,170.2,0.26,0.098,-0.615,0.782
61975.0,115483.1,224541.1,265.3,0.2,-0.555,-0.431,0.714
77486.9,108734.3,230737.4,60.7,0.65,-0.651,-0.341,0.678
73720.6,126719.1,238979.3,46.5,0.3,-0.337,0.423,0.841
59081.5,115676.3,222044.4,90.7,0.17,-0.678,-0.39,0.621
74884.1,127551.0,239073.8,266.6,0.84,-0.502,0.404,0.764
69570.3,110908.8,224606.2,155.5,0.15,-0.499,-0.584,0.643
23244.6,49140.3,159772.2,333.1,0.69,-0.453,-0.092,0.887
77941.1,110998.6,231733.8,73.6,0.25,-0.644,0.02,0.764
37533.2,108327.8,204097.8,274.6,0.3,-0.461,-0.089,0.883
37673.5,95615.5,195792.2,239.7,0.4,-0.789,-0.225,0.573
83403.3,110322.8,236763.1,65.8,0.69,-0.606,0.295,0.739
82563.6,120902.8,242224.5,203.8,1.21,-0.595,0.15,0.79
16271.2,97210.7,184473.0,245.4,0.45,-0.78,-0.123,0.614
71696.3,129642.9,236369.3,153.3,0.33,-0.59,0.329,0.737
68002.9,111017.6,223318.3,29.8,0.24,-0.541,-0.498,0.678
23457.7,111009.6,195374.7,163.5,2.05,-0.485,-0.458,0.745
19931.5,108350.6,192252.9,55.6,1.05,-0.689,-0.284,0.667
100253.4,104359.2,222256.7,70.4,0.66,0.702,0.112,0.702
86537.9,102701.5,238410.3,215.8,1.4,-0.087,-0.754,0.643
79807.9,127282.7,246182.2,346.6,0.26,-0.551,0.573,0.611
68778.4,120489.9,229317.3,285.4,0.75,-0.608,0.346,0.715
79523.7,106680.8,231062.1,252.6,0.17,-0.682,-0.435,0.588
25257.2,118722.4,200472.9,235.7,1.82,-0.235,-0.58,0.78
7869.2,72222.4,166298.3,48.5,0.47,-0.4,-0.316,0.859
25025.8,119435.4,200823.2,9.9,0.65,-0.389,-0.344,0.854
17293.2,60634.3,160860.3,186.1,0.87,0.07,-0.368,0.927
85007.8,118632.4,242038.5,246.3,0.49,-0.281,-0.548,0.787
97189.9,135867.9,240992.2,94.3,1.02,0.394,0.568,0.722
18096.7,65182.0,163132.1,19.7,0.74,-0.221,-0.476,0.851
87177.8,124931.0,248929.9,297.6,1.49,-0.244,-0.577,0.778
77311.5,127080.6,241928.1,212.1,0.25,-0.8,0.023,0.602
59271.8,110373.7,218108.8,171.3,0.33,-0.496,0.031,0.868
72846.5,127961.2,237977.2,273.1,0.29,-0.479,0.371,0.795
19360.9,125127.7,203625.6,53.8,0.39,-0.055,-0.575,0.816
86717.6,99121.2,236522.5,20.6,0.37,-0.826,-0.106,0.553
30331.3,114254.8,200947.4,179.2,0.43,-0.583,-0.166,0.795
81643.0,121092.7,241425.0,298.9,0.26,-0.544,0.295,0.786
80014.1,124434.5,242186.4,224.1,0.24,-0.323,-0.733,0.587
36414.6,110838.7,204059.4,243.5,0.36,-0.451,-0.268,0.851
77510.0,109159.0,231034.7,74.0,0.35,-0.645,-0.421,0.638
60700.1,120035.8,222757.6,278.1,1.03,-0.512,0.274,0.815
35889.8,109998.0,203493.2,120.1,0.3,-0.465,-0.243,0.852
82327.0,136410.0,241090.1,333.0,0.24,-0.616,0.211,0.758
-28953.5,536.1,151684.0,104.7,0.3,-0.36,-0.302,0.883
4187.2,110184.6,203795.9,37.8,1.97,0.165,0.083,0.983
33505.2,59640.4,167462.4,149.5,0.28,-0.558,-0.108,0.823
86893.9,120561.7,245696.8,256.2,1.58,-0.583,-0.401,0.7
9411.9,88662.1,175313.2,173.2,2.08,-0.082,-0.535,0.839
38368.8,108638.3,204584.2,85.1,0.32,-0.426,-0.22,0.878
83188.1,121894.5,242250.0,116.8,0.19,-0.654,0.315,0.687
30971.0,121880.9,207249.2,301.7,0.09,-0.127,-0.806,0.573
27822.9,47524.6,161379.4,158.5,0.3,-0.422,-0.217,0.88
13530.0,63630.2,162444.0,33.5,0.32,-0.223,-0.414,0.883
15752.5,5291.2,159987.1,15.2,1.29,-0.508,0.119,0.851
22942.7,110917.2,195034.6,316.7,2.34,-0.42,-0.473,0.774
23544.5,122468.6,203822.1,140.5,0.42,-0.315,-0.765,0.562
31946.6,120266.1,204984.4,295.2,0.49,-0.326,-0.678,0.657
-31517.8,-32004.4,139596.7,180.0,0.75,-0.116,0.018,0.993
25074.2,119104.0,200681.4,270.2,0.46,-0.297,-0.487,0.821
92272.5,130512.8,247244.5,247.9,0.67,0.46,0.615,0.639
68108.9,114848.0,227788.2,330.1,0.92,-0.499,-0.548,0.67
51794.6,98575.9,208960.8,6.1,0.31,-0.404,-0.294,0.865
42577.9,122670.7,213804.8,47.1,0.66,-0.208,-0.795,0.565
63089.8,124154.5,232076.7,44.4,0.09,-0.211,-0.794,0.57
41279.0,100609.8,204667.0,338.2,1.33,-0.049,-0.487,0.872
60202.3,120838.7,222161.0,31.9,0.76,-0.538,0.063,0.836
24583.7,97087.6,194989.9,169.8,0.6,0.004,-0.791,0.612
16452.2,2761.9,160670.0,277.7,0.4,-0.527,0.252,0.812
35987.9,114272.0,204791.8,234.3,0.25,-0.327,-0.52,0.789
38070.5,116018.4,206723.6,185.7,0.4,-0.41,-0.41,0.815
60257.3,119444.8,222634.1,242.3,1.59,-0.623,0.359,0.695
23808.2,111784.9,196085.6,285.0,0.55,-0.422,-0.444,0.79
-20736.5,-107865.7,140624.6,322.5,2.46,-0.49,0.136,0.861
87623.4,119631.3,245233.4,282.9,0.26,-0.356,-0.483,0.8
77787.2,139254.0,236426.4,55.7,0.16,-0.741,-0.111,0.663
27654.5,120054.8,202695.0,316.2,0.36,-0.561,-0.595,0.577
41003.8,109975.6,206193.8,170.8,1.92,-0.405,-0.333,0.852
-37401.7,-27108.6,140076.4,269.8,0.34,0.09,-0.16,0.983
77058.4,140575.4,235271.2,14.6,0.21,-0.621,0.315,0.716
66283.4,112251.4,223136.9,350.6,0.24,-0.483,-0.586,0.651
58499.5,120770.6,221068.4,82.2,1.84,-0.466,-0.355,0.81
34375.3,111170.7,202865.6,22.7,0.28,-0.568,-0.123,0.813
49414.7,119859.1,214688.8,339.5,0.5,-0.522,-0.316,0.792
-1222.3,-2857.1,158279.7,259.6,0.48,-0.001,0.077,0.997
63056.8,119903.2,224755.2,79.0,0.45,-0.479,0.466,0.744
-28528.7,2490.3,152846.7,346.7,0.8,-0.179,-0.56,0.809
56411.6,110312.5,215513.5,268.7,0.19,-0.744,-0.244,0.622
39336.3,109302.8,205192.1,7.8,0.34,-0.417,-0.249,0.874
35672.8,106968.1,203225.8,54.3,0.31,-0.61,0.361,0.705
16872.7,53781.4,158636.3,36.4,0.91,-0.143,-0.294,0.945
39261.3,109713.5,205273.2,145.3,1.31,-0.429,-0.234,0.872
82207.1,110178.8,235706.3,304.9,0.2,-0.694,0.113,0.711
75676.8,112331.7,231338.0,305.9,0.6,-0.249,-0.575,0.779
46321.9,103394.8,207851.5,219.3,0.29,-0.478,-0.272,0.835
53800.7,119671.4,217504.6,319.9,0.7,-0.553,-0.167,0.812
23742.4,120768.7,201043.5,66.8,0.51,0.392,-0.33,0.859
85878.5,127461.3,248511.9,258.9,0.37,-0.439,0.318,0.839
11542.7,97535.6,182979.4,180.5,1.56,-0.506,-0.411,0.758
87919.7,126998.8,249657.7,271.4,0.49,0.324,0.222,0.908
42317.6,103955.4,206448.3,124.6,0.51,-0.344,-0.245,0.906
70761.1,121010.1,230688.2,283.8,0.14,-0.565,-0.542,0.619
-28307.4,-107908.4,139562.9,181.1,0.95,-0.027,-0.025,0.999
19205.3,112490.6,194443.9,332.6,0.47,-0.028,-0.682,0.73
66415.7,112577.4,223602.9,190.0,0.17,-0.54,-0.571,0.618
35367.9,110137.7,203243.7,27.8,0.32,-0.491,-0.238,0.838
-10840.9,2308.3,158719.2,87.3,0.54,0.065,0.252,0.965
86924.3,124722.0,248619.1,249.3,0.41,-0.37,-0.632,0.681
40502.7,109327.5,205722.9,166.7,0.77,-0.36,-0.326,0.874
48036.1,104297.9,209082.7,197.2,0.64,-0.502,-0.189,0.844
70695.3,119824.9,231232.2,66.0,0.34,-0.632,0.434,0.642
39113.3,83308.6,189662.1,232.4,0.2,-0.328,-0.621,0.713
-1141.2,98899.3,187599.8,133.7,1.96,0.63,-0.251,0.731
81548.7,108038.3,233446.1,195.0,0.62,-0.519,-0.623,0.587
58498.6,114858.2,221070.8,321.6,0.26,-0.549,-0.554,0.627
-4218.7,-88801.0,144293.3,199.4,1.82,-0.353,0.075,0.933
57786.3,113045.6,218120.0,210.1,0.28,-0.747,-0.053,0.662
48131.8,102625.1,208553.2,265.6,1.23,-0.507,-0.207,0.837
67677.7,114186.3,227059.1,313.6,0.33,-0.623,-0.552,0.562
59108.3,113530.0,220150.1,82.7,0.39,-0.288,-0.484,0.826
60156.0,115466.1,222867.2,90.4,1.65,-0.507,-0.369,0.779
34259.5,104228.2,202943.4,39.6,0.15,-0.519,0.575,0.633
40115.7,106284.6,205553.3,40.5,0.33,-0.284,0.347,0.893
87167.6,117847.8,243793.4,56.4,0.42,-0.402,-0.679,0.614
28326.5,122791.0,207110.9,259.2,0.12,-0.593,-0.579,0.562
78874.3,100629.7,229359.8,246.6,0.44,-0.626,-0.237,0.743
29960.5,112519.5,200372.0,318.9,0.54,-0.6,-0.236,0.763
67228.8,127792.1,235384.6,221.4,0.2,0.167,0.728,0.664
10531.5,798.1,158995.1,195.7,0.59,-0.29,0.437,0.851
54968.7,97163.7,210098.9,146.4,0.58,-0.493,-0.33,0.804
58441.1,92975.6,213500.6,130.3,0.16,-0.803,-0.138,0.579
64011.8,136031.3,226277.1,331.7,1.03,-0.425,0.391,0.816
-29042.3,-109690.8,139562.2,79.6,0.34,0.001,-0.015,1.0
42571.5,96392.9,202382.4,142.2,1.35,0.128,-0.683,0.719
87573.7,118454.0,244554.8,187.9,0.26,-0.204,-0.569,0.796
59905.9,120257.0,222211.4,253.0,0.91,-0.644,0.268,0.716
17874.0,58177.3,159983.5,176.5,1.84,0.037,-0.305,0.951
34478.4,109123.9,202431.5,271.1,0.31,-0.484,-0.219,0.847
14476.0,3094.6,159554.0,238.6,0.37,-0.52,0.049,0.852
16779.6,99899.4,185936.1,132.4,0.74,-0.615,-0.162,0.772
18352.5,5967.6,160927.8,95.8,0.42,-0.446,0.307,0.84
77853.6,113573.3,232991.8,277.0,0.11,-0.203,-0.78,0.592
-25750.4,1825.4,153135.2,304.5,0.63,-0.198,-0.466,0.862
72272.0,127183.3,237979.1,262.9,0.56,-0.501,0.313,0.807
11866.9,124473.3,205014.7,8.8,0.2,0.398,-0.582,0.708
87973.0,120496.3,246066.6,108.2,0.63,-0.322,-0.546,0.773
71991.5,114880.0,230726.0,29.0,0.22,-0.651,-0.152,0.743
73225.5,120223.4,233664.6,186.0,0.16,-0.651,0.376,0.659
-15910.1,5525.9,158457.7,299.0,0.32,-0.041,-0.193,0.98
24298.1,111777.9,196360.8,272.0,0.79,-0.444,-0.403,0.8
29830.8,115164.6,201163.1,290.1,0.99,-0.414,-0.434,0.8
30397.1,115919.3,201832.5,137.0,0.28,-0.427,-0.408,0.807
-2696.3,-3816.4,158425.1,51.6,0.41,0.038,0.125,0.991
21394.4,119657.6,200006.9,214.7,0.36,-0.598,-0.194,0.778
93882.5,118030.6,233437.6,263.2,0.46,0.808,-0.037,0.589
84480.0,125667.8,247286.3,137.8,0.93,-0.703,0.264,0.66
-17858.9,5917.3,158396.0,261.9,0.3,-0.44,-0.196,0.875
84921.0,124762.0,247970.7,18.0,0.3,-0.4,-0.151,0.899
39216.7,108892.7,205014.7,228.0,1.69,-0.39,-0.302,0.87
57332.3,113668.1,217423.8,73.0,0.24,-0.803,0.099,0.581
10786.2,116614.5,195923.2,64.7,0.34,0.739,-0.304,0.601
65887.9,131546.1,230066.8,105.5,0.28,-0.066,0.781,0.621
25421.0,116648.1,199217.2,184.4,0.42,-0.344,-0.513,0.787
56153.3,124108.4,227213.4,222.9,0.77,-0.519,-0.48,0.708
88487.3,123607.2,246721.2,28.7,0.35,0.74,0.175,0.648
12171.1,6057.5,158246.7,249.7,0.35,-0.345,0.182,0.919
70414.0,120444.3,230665.8,74.3,0.31,-0.555,0.388,0.736
83254.8,143622.7,240409.4,221.9,0.26,-0.469,0.404,0.782
31072.3,107857.8,200255.1,171.1,0.3,-0.477,-0.142,0.867
46264.8,103812.1,207953.8,354.0,0.66,-0.487,-0.202,0.849
70022.9,114427.8,228984.1,344.4,0.12,-0.273,-0.746,0.608
34276.5,107098.0,201823.0,238.7,0.19,-0.657,0.259,0.707
82300.0,143032.7,239550.8,20.7,1.79,-0.516,0.222,0.826
29976.6,116351.2,201855.4,270.4,0.27,-0.406,-0.417,0.814
69020.1,114583.9,228505.3,257.0,0.19,-0.674,-0.326,0.663
-33224.5,5234.5,152859.4,340.7,2.32,-0.25,-0.519,0.817
38459.5,101531.8,204921.8,232.1,1.15,-0.244,-0.329,0.912
42910.6,104163.1,206707.4,236.6,0.79,-0.243,-0.263,0.934
89069.2,134694.5,246615.0,63.1,0.28,-0.589,0.292,0.753
87890.7,118964.7,245090.1,48.0,0.42,-0.49,-0.467,0.735
16504.1,9559.4,158289.9,284.9,0.3,-0.443,0.219,0.869
4957.8,91364.2,178440.1,290.0,0.23,-0.105,-0.648,0.752
16191.7,5559.3,159969.7,272.9,0.37,-0.14,0.452,0.881
15339.1,6733.5,159154.9,195.5,0.47,-0.305,0.363,0.88
7120.6,118966.8,203587.6,343.3,0.32,0.431,-0.447,0.784
21550.3,122335.9,201863.7,124.1,0.16,-0.145,-0.733,0.664
37529.0,108528.0,204128.8,270.6,0.31,-0.472,-0.112,0.874
22267.7,112342.5,195469.6,203.3,0.29,-0.48,-0.382,0.79
-30849.2,613.5,151036.8,147.9,0.78,-0.258,-0.399,0.88
37680.2,95670.7,195792.8,100.3,0.77,-0.787,-0.273,0.555
57166.9,113094.7,217629.4,57.8,1.06,-0.776,0.067,0.63
37186.6,104581.9,205133.5,189.8,0.95,-0.566,0.451,0.691
55114.9,119783.9,218356.2,54.2,0.7,-0.55,0.028,0.828
84051.0,120431.7,242977.7,257.4,0.28,-0.486,-0.536,0.69
-17762.5,-98497.4,140600.6,79.6,0.73,-0.482,0.383,0.788
51968.8,93868.5,206708.9,199.1,0.35,-0.51,-0.356,0.783
22970.3,103505.0,194878.4,251.8,0.1,-0.809,0.116,0.577
76990.2,120724.6,236862.6,251.0,0.99,-0.709,0.353,0.611
35109.1,102223.8,205444.5,201.1,0.26,-0.44,0.434,0.787
41089.8,110317.4,206363.5,336.3,0.3,-0.419,-0.312,0.853
85956.7,124472.6,248082.6,169.0,0.46,-0.166,-0.579,0.798
77177.7,127000.4,241745.3,249.1,0.09,-0.829,0.039,0.559
70131.4,130213.7,234708.4,208.4,1.51,-0.391,0.635,0.666
19915.7,107586.3,191994.4,219.0,0.14,-0.772,-0.171,0.612
37041.7,109747.9,204086.0,145.8,0.46,-0.471,-0.228,0.852
53290.7,117413.0,217865.6,221.8,0.18,-0.742,-0.167,0.648
78270.7,135387.9,239510.1,62.5,0.27,-0.666,-0.029,0.718
69312.6,112742.8,227076.3,250.9,0.25,-0.653,-0.509,0.563
24523.4,117561.3,199405.0,247.0,1.51,-0.206,-0.572,0.794
85337.0,109265.5,237987.2,91.9,1.21,-0.365,-0.563,0.742
74461.0,138684.7,234555.0,50.2,0.21,-0.798,0.096,0.59
78560.6,106618.7,230162.3,193.3,0.28,-0.523,-0.283,0.804
73622.5,101635.4,225598.7,59.8,1.37,-0.586,-0.12,0.802
11923.5,115096.8,193597.0,193.0,0.33,0.781,-0.222,0.589
25207.3,113423.7,197730.6,294.0,0.28,-0.477,-0.327,0.815
59845.2,106374.9,216416.7,65.8,0.97,-0.551,-0.38,0.743
25815.4,110737.3,196736.4,18.0,1.07,-0.621,-0.168,0.765
83258.4,120475.2,242534.7,229.9,0.54,-0.345,-0.499,0.795
38812.4,109371.5,204940.7,82.9,0.9,-0.437,-0.218,0.872
58603.9,115161.5,221296.4,221.1,0.22,-0.474,-0.487,0.733
30279.6,119783.6,204327.8,224.1,1.61,-0.032,-0.744,0.667
42585.0,104256.5,206640.8,269.0,0.3,-0.319,-0.248,0.915
-24504.8,-1922.4,151650.2,295.6,0.31,-0.174,-0.463,0.869
20384.9,108010.9,192677.1,165.8,0.25,-0.782,-0.071,0.619
72795.3,120217.8,233207.4,347.2,0.15,-0.689,0.366,0.626
42233.9,105657.0,206720.0,220.9,0.3,-0.451,0.051,0.89
70008.1,114355.8,228883.0,322.2,0.43,-0.298,-0.703,0.643
72711.8,130323.9,236307.6,225.9,1.45,0.04,0.662,0.746
29143.5,56068.3,164037.7,284.1,0.3,-0.441,-0.258,0.859
39956.4,109747.9,205612.3,76.3,0.61,-0.428,-0.252,0.868
-25622.2,4473.8,154697.6,274.2,0.28,-0.311,-0.476,0.823
53660.1,129854.3,230917.7,346.5,0.31,-0.315,0.653,0.688
75684.7,120606.9,235743.8,36.0,0.41,-0.547,0.428,0.72
56395.9,110423.9,215525.5,52.1,0.13,-0.75,-0.241,0.617
24586.2,113140.5,197181.0,167.5,0.42,-0.488,-0.369,0.791
31431.1,112654.6,201387.4,202.7,0.51,-0.463,-0.402,0.79
12220.0,67294.5,164067.4,226.6,0.87,-0.028,-0.428,0.903
42378.7,94537.7,200775.4,330.9,0.35,-0.062,-0.695,0.716
87771.8,123945.6,247750.5,228.2,0.38,0.61,-0.518,0.596
56542.0,127430.9,234111.1,248.8,0.22,-0.3,-0.571,0.739
62502.9,109281.2,219260.7,115.7,0.29,-0.52,-0.39,0.76
37251.0,113162.1,205243.1,329.9,1.53,-0.545,-0.174,0.82
43841.3,99368.2,205331.2,25.2,2.02,-0.373,-0.354,0.857
73681.7,130831.0,236865.8,246.1,0.49,-0.663,0.138,0.734
-23647.9,-3781.0,150990.6,47.5,0.31,-0.187,-0.465,0.865
64976.7,120211.8,226005.2,73.4,0.42,-0.72,0.229,0.656
-17853.1,5864.5,158401.1,136.5,0.48,-0.449,-0.227,0.864
59126.1,113315.6,220044.2,148.2,2.56,-0.329,-0.519,0.789
71714.5,100993.7,224186.9,63.4,2.02,-0.382,0.357,0.852
76565.9,113550.2,232482.8,228.2,0.15,-0.177,-0.742,0.647
40916.9,104760.2,205962.7,245.6,0.65,-0.366,-0.015,0.93
60437.0,106055.4,216710.1,280.7,0.19,-0.589,-0.406,0.7
47500.6,99735.6,207157.8,170.5,0.24,-0.381,-0.51,0.771
61748.8,101940.8,216785.2,355.2,2.54,-0.549,-0.057,0.834
70357.6,110112.6,224897.9,258.4,0.59,-0.607,0.041,0.793
60067.3,115966.9,222948.4,40.2,0.79,-0.588,-0.315,0.745
59323.6,115526.3,222309.2,200.0,0.14,-0.727,-0.265,0.635
50486.2,128258.5,232356.0,252.2,0.15,-0.523,0.55,0.648
38920.1,83783.8,189878.6,12.2,0.55,-0.255,-0.669,0.698
87600.0,126543.6,249792.3,251.3,0.36,-0.136,0.256,0.952
57303.1,120119.6,220001.2,278.5,0.89,-0.538,-0.287,0.792
39861.7,91981.3,198257.5,210.9,0.49,-0.519,-0.472,0.708
5291.8,74274.9,166790.6,203.3,1.3,-0.263,-0.309,0.913
20333.2,107767.1,192625.7,6.9,0.11,-0.794,-0.137,0.592
26329.7,117956.9,200352.3,39.7,0.9,-0.411,-0.406,0.816
88047.4,121491.2,246620.7,130.0,0.27,-0.472,-0.377,0.796
17298.8,117101.7,196514.0,180.7,0.35,-0.491,-0.272,0.827
67924.9,114068.1,227162.9,61.5,0.34,-0.533,-0.631,0.571
82353.9,124713.3,245141.1,113.3,1.08,-0.728,0.085,0.679
35351.9,120195.8,206753.2,50.4,0.2,-0.56,-0.459,0.689
63010.8,120113.9,224587.0,146.6,0.23,-0.481,0.464,0.744
17285.1,63085.7,161936.3,81.9,0.3,0.089,-0.434,0.897
-13106.4,5816.3,158216.4,190.7,0.72,-0.091,0.014,0.996
44621.9,118146.6,211108.4,87.0,1.6,-0.503,-0.228,0.834
31687.7,114644.6,202127.7,126.8,0.47,-0.661,0.057,0.749
45485.9,102675.4,207228.9,261.9,2.86,-0.526,-0.131,0.84
-30215.7,4374.4,153326.8,12.9,0.68,-0.404,-0.359,0.841
28291.6,111992.7,198942.9,207.6,1.83,-0.62,-0.165,0.767
70922.3,131000.9,234397.6,25.9,0.25,-0.662,0.463,0.593
15753.3,5371.3,159974.2,129.0,1.99,-0.469,0.182,0.861
83261.7,131936.5,244612.9,94.5,0.53,-0.183,0.666,0.723
28112.2,115256.7,200309.9,312.9,1.36,-0.438,-0.419,0.795
87998.2,121306.6,246482.4,78.9,0.25,-0.509,-0.352,0.785
29444.3,114152.4,200359.9,175.8,0.47,-0.441,-0.429,0.788
19070.8,111346.8,193512.8,318.5,0.29,-0.255,-0.511,0.82
60793.4,115122.0,223097.1,86.1,1.3,-0.467,-0.481,0.742
60537.3,115137.4,222915.6,121.3,1.66,-0.476,-0.456,0.751
74850.7,130440.4,238191.9,221.0,0.11,-0.803,0.028,0.594
82213.8,136389.1,241002.3,338.3,0.61,-0.57,0.262,0.778
37653.7,107798.6,204144.7,320.9,0.32,-0.397,-0.037,0.917
52767.0,119505.1,216881.3,194.3,0.98,-0.452,-0.303,0.839
39239.8,109368.2,205165.7,78.6,0.97,-0.424,-0.243,0.872
23209.2,115591.3,197621.1,113.7,0.34,-0.222,-0.56,0.798
73380.1,126048.6,239185.7,290.5,0.51,-0.358,0.39,0.848
50122.1,106092.9,210794.7,358.0,0.25,-0.5,-0.375,0.781
21068.2,108584.7,193323.8,327.7,1.9,-0.568,0.106,0.816
92063.0,129195.2,248549.5,160.4,0.39,0.194,0.694,0.693
55833.0,116092.4,218319.6,278.5,0.11,-0.497,-0.649,0.576
82348.9,143627.1,239246.7,233.6,0.23,-0.683,0.299,0.665
54440.3,118094.4,218742.1,3.1,0.55,-0.654,0.277,0.704
85034.6,127447.0,248145.7,271.0,3.09,-0.403,0.119,0.903
21745.2,119675.9,200276.9,218.1,0.27,-0.556,-0.245,0.794
32074.8,114202.2,202455.5,8.8,0.29,-0.569,-0.183,0.801
57827.2,115847.4,221043.3,317.3,0.76,-0.576,-0.412,0.704
57662.2,116077.1,221155.1,29.1,0.16,-0.448,-0.631,0.634
96987.6,131184.4,245121.7,291.6,0.2,0.189,0.666,0.721
87376.1,126457.3,249680.0,145.6,0.29,-0.516,0.182,0.835
59965.2,118189.7,223237.2,182.9,1.72,-0.539,0.393,0.745
66277.8,114033.4,224792.7,221.7,0.16,-0.39,-0.698,0.601
46556.3,119188.8,212629.8,241.2,0.82,-0.553,-0.125,0.824
87735.6,120249.4,245789.8,159.8,0.84,-0.338,-0.583,0.739
59532.9,112753.0,219846.4,358.7,1.42,-0.235,-0.438,0.868
23819.8,111878.0,196154.5,142.8,0.4,-0.42,-0.433,0.797
94206.5,135578.4,241814.9,160.7,0.23,0.157,0.658,0.736
55888.5,111004.0,215180.3,226.5,1.26,-0.682,-0.131,0.72
56506.8,117684.4,220553.5,272.8,0.32,-0.617,0.258,0.741
-37752.8,-28650.5,139813.0,118.6,0.3,0.028,-0.138,0.99
8824.6,73760.9,167133.1,53.0,2.62,-0.011,-0.479,0.878
38871.8,107344.6,204657.2,296.5,0.3,-0.405,0.195,0.892
26246.9,-2159.3,168066.9,314.7,0.93,-0.551,0.172,0.817
31386.6,112705.4,201399.9,7.4,0.25,-0.466,-0.405,0.787
87671.5,125952.7,249862.9,355.6,0.53,0.026,-0.275,0.95
10336.4,119302.2,197400.0,298.0,0.92,0.465,-0.629,0.604
77300.1,127096.2,241909.7,296.3,0.22,-0.804,0.022,0.596
38444.6,99991.6,204365.9,225.4,1.29,0.136,-0.284,0.949
84580.9,120236.4,243177.8,226.6,0.15,-0.515,-0.617,0.596
38568.3,101615.6,204990.6,254.7,1.29,-0.261,-0.37,0.891
40356.5,105885.1,205712.7,266.7,0.3,-0.333,0.088,0.938
80200.8,139968.3,237937.2,328.9,0.22,-0.655,0.292,0.698
60822.9,120166.0,222814.2,238.8,0.28,-0.54,0.252,0.803
58558.6,114756.6,221002.3,270.0,0.14,-0.57,-0.534,0.628
12346.3,4527.9,158229.5,189.7,0.34,-0.257,-0.098,0.961
61935.2,115101.4,224215.9,113.6,0.5,-0.629,-0.457,0.629
49391.8,102519.2,209200.2,237.6,2.65,-0.487,-0.23,0.842
77396.0,123954.9,240888.7,204.7,1.16,-0.158,-0.782,0.603
7625.6,-895.0,158677.2,153.9,2.39,-0.289,0.435,0.853
36155.3,110980.5,203962.3,273.7,0.39,-0.474,-0.199,0.857
42334.1,95320.1,201526.8,70.5,1.52,0.036,-0.685,0.727
90947.7,128705.7,249844.2,268.0,0.11,0.334,-0.762,0.558
41859.8,102748.3,205999.2,247.2,0.35,-0.254,-0.428,0.867
-7813.8,-1117.9,158846.7,29.2,0.3,-0.225,0.009,0.974
24293.4,111977.2,196465.7,190.8,0.86,-0.435,-0.385,0.814
23143.1,112966.6,196303.0,137.8,0.51,-0.493,-0.324,0.808
35760.6,107587.9,203096.2,79.5,0.44,-0.676,0.289,0.678
60322.2,117668.5,223659.9,73.5,0.67,-0.601,0.014,0.799
36403.6,95013.8,193994.4,84.8,0.47,-0.714,-0.26,0.65
22545.6,112520.3,195747.0,328.2,0.59,-0.474,-0.387,0.791
32868.4,100872.5,202335.3,267.7,0.12,-0.367,-0.696,0.613
34743.3,104727.9,203133.8,243.0,0.19,-0.746,0.295,0.597
72493.5,128788.8,237471.6,221.6,0.18,-0.534,0.482,0.695
2505.8,71464.2,165080.5,141.6,1.38,0.105,-0.503,0.856
84161.6,109445.4,237437.0,240.3,0.08,-0.495,-0.674,0.553
27572.6,110594.5,197926.8,144.5,0.33,-0.564,-0.237,0.791
86356.8,121600.0,245486.6,83.2,0.26,-0.595,-0.262,0.759
53881.8,128801.2,232089.8,248.8,0.31,-0.554,0.433,0.71
67557.6,116297.1,229210.4,256.6,0.15,-0.756,-0.061,0.65
81910.3,128678.0,245794.6,82.1,0.31,-0.497,0.505,0.705
37883.3,109119.9,204416.6,89.0,1.87,-0.499,-0.155,0.853
68673.4,120609.7,229187.9,75.3,1.51,-0.59,0.356,0.725
35206.3,103753.1,204157.9,353.5,0.38,-0.562,0.482,0.672
73585.7,124623.4,239106.0,291.1,0.15,-0.374,-0.666,0.644
96997.0,117689.5,229148.2,334.1,0.43,0.521,0.338,0.784
23154.7,123225.8,204254.7,297.2,0.85,-0.681,-0.444,0.584
55824.0,114413.0,215882.8,41.6,0.13,-0.619,-0.495,0.61
-28863.9,-111226.0,139430.0,16.0,1.38,-0.002,-0.017,1.0
87290.9,126679.4,249583.5,129.0,1.21,-0.506,0.204,0.836
87367.1,124284.4,248273.2,122.7,0.12,-0.077,-0.788,0.609
87225.4,118016.1,244075.7,340.9,0.13,-0.325,-0.709,0.626
16345.1,95495.4,183943.9,126.6,0.09,-0.767,-0.309,0.563
40319.3,105216.4,205735.7,49.4,0.31,-0.222,0.09,0.97
10945.2,67408.6,164122.7,240.0,0.35,-0.068,-0.452,0.889
76849.4,108098.3,229782.0,242.9,0.2,-0.445,-0.582,0.681
85555.7,127511.0,248323.2,217.4,0.6,-0.39,0.299,0.871
19359.1,123991.1,202834.6,347.3,0.29,-0.058,-0.553,0.831
65981.4,114804.2,225550.2,330.9,0.2,-0.441,-0.7,0.565
77015.0,101766.5,228051.6,156.6,0.52,-0.563,0.068,0.823
36247.4,108568.5,203334.1,260.7,0.31,-0.534,-0.107,0.838
82838.7,125426.7,245630.6,271.9,1.03,-0.766,0.131,0.629
45915.0,95805.3,202980.9,228.0,1.15,-0.356,-0.657,0.665
45068.8,118997.7,211666.3,247.1,0.31,-0.523,-0.218,0.824
60363.4,119387.1,222789.6,72.7,0.31,-0.616,0.396,0.681
17348.4,63255.7,162018.2,118.5,2.93,0.059,-0.433,0.899
14550.9,-3316.4,162334.3,343.5,0.26,-0.511,0.345,0.787
75727.7,124030.6,240030.4,283.4,0.65,-0.33,-0.709,0.622
75554.2,121548.3,235034.4,219.9,0.2,-0.707,-0.021,0.706
46709.8,95282.7,203138.6,343.0,0.35,-0.597,-0.437,0.674
-25349.2,-6401.0,149534.2,17.8,1.84,-0.108,-0.303,0.947
59781.0,105864.6,216168.7,132.9,0.27,-0.51,-0.283,0.812
63001.5,99930.0,217672.0,36.2,0.27,-0.675,0.236,0.7
-19892.9,-106456.1,140958.2,127.6,0.29,-0.543,0.057,0.838
31067.1,56944.0,165425.8,17.3,0.46,-0.442,-0.301,0.845
76886.5,120911.0,236663.0,165.4,0.89,-0.677,0.307,0.669
87896.5,121729.1,246652.0,122.2,0.31,-0.511,-0.389,0.766
78067.9,105405.7,229285.6,142.9,0.62,-0.67,-0.211,0.712
56498.3,111420.9,215848.1,56.5,1.4,-0.663,0.15,0.733
61149.5,114211.7,222488.2,230.1,0.27,-0.438,-0.657,0.614
83713.6,119594.4,242167.9,185.2,0.75,-0.584,-0.488,0.649
24781.8,112198.9,196783.5,19.4,0.78,-0.444,-0.385,0.809
60626.3,100685.7,215343.2,56.9,1.37,-0.576,-0.157,0.795
-38297.7,-26321.3,140350.9,117.6,2.58,0.238,-0.054,0.97
86564.9,120665.2,245389.1,287.4,0.71,-0.665,-0.233,0.708
72521.1,101188.0,224649.7,242.3,0.26,-0.58,-0.183,0.793
33870.0,111805.4,202593.9,285.5,0.28,-0.563,-0.099,0.821
60245.0,133480.9,227190.2,37.8,2.26,-0.203,0.586,0.785
-36747.3,3005.8,150595.7,46.2,0.34,-0.198,-0.58,0.79
16220.3,67198.6,164009.3,55.0,1.7,0.02,-0.453,0.891
23371.4,111848.1,195910.3,233.3,0.34,-0.419,-0.44,0.794
60882.1,115363.2,223286.1,268.3,1.55,-0.476,-0.532,0.701
76940.1,124628.0,241614.3,59.9,0.13,-0.52,-0.614,0.591
4407.1,82408.2,175596.8,89.5,0.81,0.679,-0.478,0.557
59499.1,115090.3,222312.1,26.5,0.18,-0.585,-0.569,0.578
87329.8,124239.0,248192.4,346.9,0.16,-0.104,-0.787,0.607
35729.6,110647.9,203642.4,68.6,0.27,-0.524,-0.257,0.812
47613.3,104651.7,208855.8,141.4,0.29,-0.469,-0.289,0.834
77118.5,120578.1,237148.0,353.9,0.21,-0.723,0.347,0.598
59793.2,115231.4,222591.6,265.1,0.58,-0.467,-0.423,0.776
-11601.4,4987.3,158254.8,115.6,0.59,0.022,0.012,1.0
70506.3,113778.1,229093.1,306.4,0.18,-0.648,-0.493,0.585
46659.4,103363.8,208027.6,262.5,0.31,-0.449,-0.304,0.84
68076.0,114964.9,227852.7,253.3,0.12,-0.448,-0.666,0.604
60432.5,120799.4,222314.8,337.2,0.85,-0.554,0.141,0.818
67728.9,119538.0,228781.3,3.5,0.65,-0.55,0.509,0.662
47817.7,118621.1,213334.7,198.4,0.67,-0.541,-0.195,0.818
10705.3,63585.0,162222.3,171.6,2.02,-0.05,-0.425,0.904
43262.9,104238.7,206805.4,53.5,0.3,-0.167,-0.244,0.955
77288.0,108283.5,230267.0,78.4,0.21,-0.578,-0.533,0.618
47698.0,101307.4,208029.0,249.3,0.62,-0.47,-0.22,0.855
25183.1,113586.9,197788.4,103.3,0.28,-0.49,-0.307,0.816
56790.7,123616.6,227318.0,75.8,0.18,-0.399,-0.605,0.688
-28733.9,-19184.9,144352.7,68.1,2.98,-0.239,-0.198,0.951
38765.7,108210.5,204605.1,215.5,0.74,-0.367,-0.163,0.915
78515.4,113097.1,232728.8,256.3,0.9,-0.456,-0.64,0.618
75290.7,121302.7,234888.7,93.9,1.05,-0.694,0.319,0.645
86511.9,122018.3,245706.1,116.2,0.29,-0.642,0.182,0.739
69788.1,119788.8,230652.3,287.4,1.14,-0.513,0.524,0.68
10792.4,82979.9,171964.7,31.0,1.63,-0.331,-0.53,0.781
56552.9,117241.3,220688.0,333.9,0.16,-0.723,0.265,0.638
16721.6,122234.4,201130.7,244.6,0.26,-0.16,-0.655,0.738
56512.5,128875.2,232532.4,326.0,0.41,-0.195,0.771,0.606
60471.9,130289.7,230640.8,162.8,0.31,-0.513,0.535,0.671
27080.0,-2213.1,168554.5,309.9,0.32,-0.399,0.229,0.888
62333.8,120445.0,223879.9,139.4,0.37,-0.57,0.412,0.711
93565.0,131375.2,245743.3,22.8,0.71,0.56,0.563,0.609
68378.6,120349.3,229029.5,65.3,0.18,-0.682,0.23,0.694
82153.2,125628.4,244848.3,232.8,1.12,-0.61,-0.255,0.743
14493.2,3096.4,159561.8,170.9,0.3,-0.516,0.044,0.855
58231.7,124111.5,228609.3,145.9,0.71,-0.521,-0.588,0.618
76727.9,113851.6,232911.9,139.0,0.22,-0.237,-0.751,0.616
41765.8,110729.5,206842.9,156.8,0.5,-0.395,-0.347,0.85
14032.4,6327.6,158765.1,135.2,0.31,-0.396,0.325,0.859
57188.7,121062.7,220261.6,34.3,1.83,-0.49,-0.441,0.742
34003.3,103568.4,203248.5,16.5,1.48,-0.579,0.349,0.736
42825.8,104110.3,206668.1,74.3,0.49,-0.263,-0.263,0.928
87939.5,121646.8,246614.3,181.8,0.62,-0.496,-0.402,0.769
11294.1,82988.3,172224.6,67.2,1.48,-0.235,-0.474,0.848
-18893.7,5579.9,157715.5,337.7,0.26,-0.381,-0.478,0.791
59989.9,115469.8,222760.7,254.0,1.04,-0.486,-0.317,0.814
30377.9,112949.4,200841.4,296.5,0.54,-0.629,-0.141,0.764
61099.8,114324.9,222624.3,334.6,0.13,-0.419,-0.661,0.622
40327.6,88814.5,194995.9,111.6,0.19,-0.057,-0.787,0.614
92541.1,130487.7,247102.5,121.7,1.58,0.186,0.697,0.69
59720.0,115305.0,222583.6,191.3,1.79,-0.499,-0.363,0.787
57993.0,117419.6,221784.8,352.7,0.69,-0.58,0.279,0.765
67156.4,101175.4,220981.4,238.8,0.32,-0.62,0.174,0.765
16432.0,9505.4,158265.0,277.7,0.72,-0.43,0.242,0.869
-18957.2,5543.8,157657.7,341.4,0.46,-0.349,-0.5,0.791
57372.2,112974.9,217805.9,93.9,0.21,-0.668,-0.137,0.731
20413.1,108164.1,192717.1,89.4,0.18,-0.763,-0.085,0.641
9499.4,89205.3,175588.2,271.9,1.35,-0.164,-0.41,0.897
76878.3,120941.2,236644.2,248.1,0.29,-0.671,0.302,0.678
-37432.4,-26755.9,140137.1,255.6,0.35,0.06,-0.155,0.986
27854.0,118607.6,201517.0,1.6,1.86,-0.504,-0.299,0.81
70182.8,113336.1,228166.5,317.6,0.15,-0.689,-0.372,0.622
84223.4,129519.7,246655.8,228.9,1.53,-0.27,0.517,0.812
73973.9,114332.2,231866.3,71.8,0.42,-0.251,-0.76,0.598
-35460.2,3630.9,151215.1,24.5,2.3,-0.118,-0.534,0.837
77662.5,121632.9,237009.6,243.3,0.24,-0.746,0.107,0.65
88550.1,122278.8,246554.7,249.5,0.1,0.811,-0.038,0.587
67925.7,112812.9,225020.9,240.6,0.16,-0.724,-0.384,0.573
87641.8,126570.8,249793.4,318.3,1.07,-0.044,0.257,0.958
31343.2,112005.4,201067.6,323.2,0.26,-0.437,-0.422,0.794
37512.5,113462.9,205461.7,239.4,0.45,-0.531,-0.187,0.826
-11037.8,-716.5,158702.4,262.5,0.3,0.144,-0.315,0.937
46781.4,102479.0,207838.2,50.2,0.45,-0.444,-0.177,0.878
59635.6,115208.1,222524.3,119.3,0.19,-0.54,-0.467,0.701
74720.4,130785.3,238098.5,170.3,0.11,-0.809,-0.088,0.581
44350.9,94323.5,200767.6,178.4,0.6,-0.419,-0.557,0.717
87815.2,120060.5,245658.6,286.3,0.35,-0.352,-0.572,0.74
68656.0,125865.2,237511.9,310.7,0.31,-0.283,-0.201,0.922
61612.3,115267.6,223871.2,72.6,0.08,-0.711,-0.428,0.558
39700.3,109426.9,205397.9,55.9,0.62,-0.42,-0.244,0.874
104286.7,115208.7,224731.2,32.3,0.18,0.422,0.585,0.692
58816.2,111322.8,217897.5,9.0,0.08,-0.599,-0.581,0.551
80489.6,110902.8,234072.8,92.3,0.45,-0.617,0.113,0.779
76274.2,125111.8,241625.0,171.6,0.39,-0.498,-0.329,0.774
64728.3,93530.1,218759.6,225.2,0.45,-0.62,0.022,0.784
34947.8,113035.2,203512.1,255.5,0.58,-0.513,-0.262,0.814
39529.3,116972.2,207975.9,157.7,2.72,-0.401,-0.37,0.838
35929.5,110046.4,203525.5,118.0,0.3,-0.465,-0.249,0.849
95406.3,129529.5,247337.1,124.3,0.22,0.567,0.425,0.705
8196.5,73614.1,166960.0,261.6,0.56,-0.353,-0.448,0.821
87640.9,121808.3,246529.6,218.5,0.62,-0.583,-0.291,0.759
29601.0,64225.1,165638.3,359.2,3.01,-0.517,0.002,0.856
13782.1,58904.8,160258.6,43.1,0.32,-0.055,-0.373,0.926
-22421.6,8072.7,158196.0,56.7,2.14,-0.256,-0.535,0.805
29862.9,119586.8,204062.6,299.3,0.11,-0.264,-0.764,0.59
14352.5,55326.7,158818.0,89.2,1.09,-0.117,-0.399,0.909
85305.9,128193.2,247906.8,39.7,0.3,-0.297,0.466,0.833
95914.2,114221.5,231720.8,272.8,0.12,0.717,0.348,0.604
23631.8,112693.6,196457.6,204.5,0.27,-0.446,-0.389,0.806
69271.0,113392.0,227624.7,266.4,0.5,-0.071,-0.799,0.599
59449.3,137290.6,224666.0,221.3,0.32,-0.097,0.513,0.853
-19150.8,92.1,153438.3,123.6,1.44,-0.263,-0.275,0.925
57259.4,117564.5,221110.4,320.1,1.02,-0.512,0.401,0.76
58060.1,116091.4,221362.2,348.7,0.14,-0.562,-0.575,0.595
64351.5,92735.8,218512.1,306.4,1.26,-0.694,0.121,0.707
78295.4,96559.2,230822.8,294.8,0.92,-0.553,0.293,0.777
78471.1,112816.1,232483.7,30.4,0.52,-0.488,-0.512,0.707
65227.5,119904.3,226460.8,351.4,0.17,-0.752,0.25,0.609
12839.4,124339.7,204362.2,348.3,0.23,0.35,-0.69,0.635
85466.6,124603.5,248070.1,231.8,0.33,-0.192,-0.394,0.898
62376.8,128648.1,233058.1,26.2,2.19,-0.162,0.449,0.876
17038.5,6153.5,160165.4,88.6,1.69,-0.506,0.168,0.846
11031.8,116304.8,195488.9,178.1,0.46,0.727,-0.345,0.594
-14018.9,4059.3,158185.9,285.7,0.32,-0.459,0.086,0.884
43209.9,104156.5,206774.6,175.8,0.4,-0.182,-0.241,0.953
31654.4,112605.2,201483.6,264.6,0.39,-0.467,-0.414,0.781
69506.4,121089.4,229672.6,302.1,0.16,-0.524,-0.545,0.654
73560.7,114304.9,231618.5,208.4,0.18,-0.227,-0.781,0.582
37184.8,111169.1,204572.9,86.2,0.3,-0.46,-0.26,0.849
35647.6,110204.1,203427.5,88.7,0.31,-0.484,-0.248,0.839
34584.2,110467.0,202851.5,229.0,0.91,-0.546,-0.193,0.815
61257.1,126867.6,233636.1,201.8,0.65,-0.019,0.707,0.707
86896.4,125059.4,248876.5,114.5,0.3,-0.338,-0.581,0.74
83621.9,120388.8,242651.3,114.8,0.24,-0.43,-0.531,0.73
75209.8,120767.8,235111.6,194.2,0.14,-0.677,0.373,0.635
23775.3,111240.2,195746.1,72.0,0.23,-0.499,-0.437,0.748
70553.5,113784.0,229152.6,276.0,0.33,-0.646,-0.472,0.603
19223.1,112536.4,194487.8,343.2,0.22,-0.026,-0.684,0.729
62079.5,137683.5,224879.1,293.8,1.01,-0.315,0.402,0.86
15398.6,60075.8,160836.9,219.8,2.97,0.013,-0.363,0.932
56154.4,123340.1,226703.3,24.4,0.14,-0.549,-0.626,0.557
59991.6,88791.1,212256.4,302.1,1.02,-0.682,-0.278,0.676
49555.7,119146.3,214458.5,347.1,1.27,-0.395,-0.459,0.796
43961.1,118479.1,210840.4,39.2,0.33,-0.441,-0.305,0.844
55260.8,107044.5,214135.2,61.6,0.36,-0.585,-0.06,0.808
-184.3,-2355.5,158245.8,298.2,0.3,-0.032,0.154,0.987
82527.5,132450.6,243599.1,66.6,1.1,-0.349,0.606,0.705
77241.6,111703.5,231217.2,118.7,0.27,-0.568,-0.145,0.81
-18840.6,5390.4,157590.4,2.5,0.56,-0.329,-0.603,0.726
12703.4,89037.5,177352.3,242.0,0.18,-0.745,-0.239,0.621
76158.5,115292.4,234434.6,294.3,0.1,-0.503,-0.643,0.578
74495.2,131460.1,237741.4,125.1,0.44,-0.785,-0.03,0.62
89968.2,112471.7,241017.5,81.9,0.25,0.638,0.229,0.735
-33307.3,4358.1,152253.2,118.5,1.51,-0.246,-0.538,0.806
26221.3,113561.1,198398.0,343.8,0.26,-0.482,-0.365,0.796
38920.7,118254.3,208194.3,17.6,0.28,-0.527,-0.305,0.793
60174.4,115922.5,223043.2,134.5,0.33,-0.621,-0.3,0.724
69687.2,120101.7,230273.6,300.8,0.55,-0.534,0.504,0.679
44075.0,94272.9,200569.6,118.3,0.28,-0.239,-0.608,0.757
58277.1,117145.5,222011.9,93.8,1.25,-0.521,0.226,0.823
60314.3,133940.0,226831.4,230.5,2.24,-0.186,0.597,0.78
50648.1,89738.4,204523.7,330.1,1.14,-0.72,-0.274,0.638
78088.8,105919.0,229517.6,357.9,1.06,-0.71,-0.245,0.661
79521.5,116202.4,236580.1,148.0,0.34,0.029,-0.782,0.622
87266.1,133641.1,245767.0,84.3,1.72,-0.567,0.291,0.77
86443.8,125090.6,248668.2,102.9,0.21,-0.287,-0.618,0.732
70357.9,109238.1,225025.0,300.0,0.5,-0.575,-0.419,0.702
26226.8,99080.9,199016.7,31.0,0.38,-0.263,-0.643,0.694
79168.7,105075.9,230283.8,257.4,0.72,-0.583,-0.114,0.804
38036.0,108071.6,204299.6,155.8,1.68,-0.401,-0.092,0.911
71040.2,113077.2,229054.5,188.6,0.15,-0.647,-0.395,0.652
56821.6,113727.1,216881.5,131.4,0.32,-0.744,0.211,0.634
-34952.9,3858.2,151460.5,155.5,2.08,-0.211,-0.543,0.813
78863.9,111752.9,232501.7,326.1,0.39,-0.611,-0.091,0.786
60135.5,115938.6,223007.5,118.2,0.32,-0.61,-0.304,0.732
83872.1,121246.4,243400.1,128.5,0.54,-0.63,-0.064,0.764
41336.6,100431.2,204540.5,123.1,0.73,-0.014,-0.499,0.867
61161.2,110194.6,219220.1,99.4,1.63,-0.445,-0.516,0.731
34787.4,114687.2,204281.2,216.7,0.33,-0.476,-0.362,0.801
45770.1,118033.2,211771.8,264.3,2.19,-0.482,-0.283,0.829
24845.4,113133.3,197366.2,48.8,0.63,-0.526,-0.382,0.76
24853.1,112423.8,196965.3,217.6,0.52,-0.452,-0.439,0.777
53513.1,101789.1,211469.5,139.9,1.22,-0.415,-0.404,0.815
85573.7,120915.6,244571.1,223.1,0.47,-0.568,-0.346,0.746
85964.3,121209.7,245117.1,93.8,0.21,-0.597,-0.318,0.735
62360.0,92463.5,217116.3,187.4,0.67,-0.504,0.548,0.668
17964.0,-8500.8,165137.4,156.4,1.08,-0.229,0.041,0.972
-26006.8,-4005.2,150334.8,106.5,0.32,-0.214,-0.341,0.915
22281.4,117660.9,199167.8,38.2,0.27,-0.144,-0.595,0.79
48055.9,105809.6,209605.8,295.3,0.68,-0.376,-0.199,0.905
87519.1,122358.0,246356.4,254.1,0.25,-0.733,0.116,0.67
58878.0,101139.8,214439.4,336.7,2.84,-0.492,-0.251,0.834
15232.0,4701.1,159581.6,359.7,0.75,-0.471,0.181,0.863
86555.7,124408.4,248155.2,277.6,1.05,-0.197,-0.614,0.764
78713.5,121891.4,238327.4,308.6,0.55,-0.747,0.061,0.661
58798.7,114786.4,221169.2,307.4,1.5,-0.498,-0.524,0.691
71089.2,115002.4,230246.1,137.2,0.3,-0.168,-0.744,0.646
14046.7,-8267.7,163989.5,49.3,0.4,-0.421,0.194,0.886
38989.2,122116.6,211260.6,314.6,0.62,-0.026,-0.763,0.646
21931.3,119662.0,200405.6,130.2,0.79,-0.49,-0.3,0.818
36039.6,110086.6,203594.8,287.2,0.82,-0.467,-0.254,0.847
15211.2,107936.7,190591.6,287.8,0.29,-0.137,-0.598,0.789
59057.5,115857.2,222153.0,117.5,0.82,-0.609,-0.468,0.64
55504.8,136409.6,224588.1,333.2,1.26,-0.13,0.467,0.875
22618.1,125851.4,205145.3,324.4,1.01,-0.665,-0.463,0.585
11223.4,99054.9,183546.7,15.5,1.61,-0.621,-0.279,0.732
60114.9,106065.0,216454.0,222.1,0.26,-0.543,-0.37,0.754
41696.7,119685.0,210502.9,51.2,0.7,-0.406,-0.453,0.794
26306.1,100010.2,198491.9,272.6,0.28,-0.519,0.233,0.822
88478.9,123858.7,246582.0,56.6,0.33,0.775,0.239,0.585
55952.5,120692.1,219304.4,353.3,0.36,-0.526,-0.343,0.778
19820.5,84758.7,175964.2,47.4,0.32,0.025,-0.546,0.837
84981.1,104316.4,236484.6,184.5,0.49,-0.785,-0.052,0.616
37127.0,111649.7,204690.7,225.7,0.48,-0.48,-0.273,0.834
76223.9,123472.1,239648.2,95.2,2.02,-0.174,-0.591,0.788
52378.5,98881.6,209288.6,140.7,0.28,-0.351,-0.47,0.809
64764.1,128472.0,234761.8,147.0,0.1,0.351,0.731,0.585
56079.9,110785.7,215318.3,315.7,0.42,-0.714,-0.177,0.678
59621.0,113314.4,220132.3,300.4,0.44,-0.188,-0.494,0.849
87089.4,125602.6,249425.2,261.5,0.23,-0.455,-0.487,0.741
16209.7,60448.0,160883.5,243.4,0.32,0.078,-0.353,0.932
56545.1,131775.0,228362.0,197.4,1.63,-0.471,0.563,0.678
87785.0,127500.5,249291.6,331.4,0.35,-0.147,0.619,0.771
39538.8,112564.2,206397.6,306.3,1.24,-0.457,-0.329,0.826
86939.0,124703.4,248618.6,317.2,0.42,-0.367,-0.636,0.679
36540.7,109255.6,203668.8,192.3,0.32,-0.487,-0.222,0.845
37891.9,112981.0,205592.7,61.0,0.3,-0.49,-0.231,0.84
57537.4,123963.0,227994.1,205.0,0.16,-0.305,-0.682,0.664
81408.5,111080.4,234817.2,154.2,1.12,-0.664,-0.268,0.698
62351.5,125584.1,233434.5,125.5,0.36,-0.492,-0.656,0.571
30975.9,108476.6,200194.6,151.3,0.32,-0.534,-0.035,0.844
-24344.9,392.6,152858.2,7.3,1.36,-0.292,-0.403,0.867
75597.3,110725.7,229366.5,67.4,0.25,-0.566,-0.235,0.782
56287.5,107416.0,214795.4,141.7,0.96,-0.552,-0.015,0.833
87474.0,125695.7,249680.7,1.6,0.67,-0.192,-0.615,0.763
58586.5,112361.8,218989.5,289.1,0.16,-0.692,-0.384,0.614
62572.6,112178.5,221526.3,36.3,0.25,-0.377,-0.54,0.753
-25399.0,-6908.3,149359.6,242.4,0.54,-0.166,-0.31,0.936
88337.0,113022.2,243097.4,143.9,0.18,-0.531,-0.512,0.664
62614.7,128536.8,233116.5,152.1,0.42,-0.165,0.53,0.831
73917.3,122190.0,235948.7,152.0,0.33,-0.218,-0.674,0.704
78185.7,121021.9,238022.7,68.1,0.19,-0.664,0.422,0.617
59604.7,112594.7,219777.3,264.8,1.54,-0.237,-0.447,0.863
82054.2,120612.6,241893.7,9.3,0.63,-0.567,0.1,0.817
79789.6,124019.2,241873.7,218.5,0.17,-0.731,-0.283,0.615
19516.0,112631.5,194586.4,268.2,0.82,-0.062,-0.672,0.737
78420.7,106029.1,229899.6,36.0,1.81,-0.624,-0.263,0.736
87786.6,118422.9,244561.0,268.5,0.44,-0.201,-0.6,0.774
25447.0,112563.5,197431.6,282.0,0.32,-0.428,-0.478,0.767
61107.0,110907.1,219565.6,283.9,0.34,-0.602,-0.276,0.749
66814.5,121248.4,227470.4,197.7,0.53,-0.549,-0.556,0.622
32895.1,48953.8,164233.5,92.7,0.3,-0.429,-0.206,0.879
-20473.5,-102216.6,140970.9,250.7,2.15,-0.109,0.245,0.961
31630.9,112685.1,201531.2,317.8,0.24,-0.472,-0.417,0.777
-3361.1,-9437.0,159365.9,100.5,0.51,-0.398,0.214,0.891
76792.0,112635.9,231657.1,142.0,1.2,-0.099,-0.642,0.761
83270.7,137336.7,241827.7,320.6,0.38,-0.484,0.313,0.816
41033.8,106127.7,206040.8,125.3,0.3,-0.412,0.161,0.896
58655.7,128966.1,231977.2,269.8,0.26,-0.075,0.69,0.719
41187.8,98185.8,203114.2,195.4,2.03,-0.432,-0.527,0.732
20215.2,113450.6,195356.5,9.6,1.63,-0.022,-0.671,0.741
80599.3,132601.4,241886.3,116.5,0.33,-0.181,0.689,0.702
34064.9,106724.1,201752.6,357.9,1.35,-0.691,0.332,0.642
41580.8,105580.1,206351.5,265.0,0.68,-0.501,0.016,0.865
67820.9,114349.4,227307.4,292.2,0.15,-0.608,-0.452,0.652
34075.7,116177.7,204216.6,221.5,1.75,-0.534,-0.333,0.777
75098.7,112231.6,230918.6,72.1,1.58,-0.496,-0.558,0.665
35908.8,108180.8,203103.4,109.0,0.96,-0.616,0.034,0.787
-28515.9,-121472.8,139290.5,188.0,0.89,-0.06,0.04,0.997
14667.1,-6267.0,163691.4,332.9,0.3,-0.632,0.292,0.718
59459.7,116464.1,222768.3,319.4,0.4,-0.557,-0.326,0.764
39546.4,119859.6,209273.4,256.8,2.24,-0.354,-0.455,0.817
43594.4,104129.7,206823.1,61.4,0.44,-0.154,-0.272,0.95
55536.9,116116.1,218107.1,336.4,0.13,-0.455,-0.699,0.551
38611.9,108226.4,204547.9,139.5,0.32,-0.352,-0.18,0.918
89043.5,128078.2,249252.1,338.0,0.65,-0.078,0.171,0.977
84604.5,107535.1,236314.4,196.6,0.14,-0.703,-0.349,0.621
40312.2,119999.2,209735.4,312.2,0.27,-0.535,-0.272,0.8
83731.8,132023.3,244720.3,321.7,0.84,-0.26,0.558,0.788
-27769.5,3719.6,153750.4,109.5,0.29,-0.121,-0.554,0.824
32332.2,112685.8,201949.9,122.5,0.25,-0.456,-0.471,0.755
36804.2,106922.5,203871.9,18.6,0.65,-0.309,0.202,0.929
-7195.1,-13524.5,155766.6,67.9,0.3,-0.29,-0.398,0.87
15266.7,4482.8,159665.7,100.3,1.41,-0.439,0.175,0.881
23291.7,112804.0,196303.5,209.8,0.49,-0.463,-0.38,0.801
62497.1,114513.1,224056.7,284.4,0.15,-0.226,-0.734,0.64
82409.5,111927.1,236018.5,91.3,1.75,-0.631,-0.151,0.761
38483.5,104852.2,205539.8,171.5,1.34,-0.181,0.036,0.981
14894.1,95161.1,182410.8,283.7,0.32,-0.202,-0.443,0.874
62434.3,120519.5,223921.2,276.2,0.66,-0.559,0.404,0.724
65572.4,112785.7,223132.4,196.4,0.43,-0.334,-0.572,0.749
87586.5,123979.4,247970.8,105.2,0.15,0.243,-0.723,0.634
39115.8,109821.7,205220.8,222.3,0.86,-0.446,-0.219,0.868
90105.9,129464.3,249561.6,218.4,0.45,-0.619,0.212,0.756
65594.9,128776.4,234020.7,94.1,0.1,0.142,0.805,0.576
84057.5,121972.1,243188.4,31.5,0.21,-0.638,0.331,0.696
67506.0,125586.9,237117.0,289.7,0.47,-0.0,-0.689,0.725
897.1,106949.2,203873.6,221.4,0.22,0.179,-0.644,0.745
67454.0,114539.4,226997.2,184.7,0.22,-0.638,-0.485,0.598
41440.6,104595.0,206227.2,255.5,0.3,-0.502,-0.105,0.858
39453.7,109063.5,205188.3,58.9,1.19,-0.395,-0.296,0.87
87637.3,122711.1,246433.5,64.5,0.69,-0.733,-0.131,0.666
81392.7,105736.0,232485.7,158.3,0.65,-0.704,-0.057,0.706
67797.1,119634.3,228759.0,221.3,1.12,-0.581,0.48,0.657
81277.3,107815.2,233213.7,290.3,0.42,-0.496,-0.449,0.743
34046.1,104371.9,202663.1,274.8,0.31,-0.505,0.618,0.603
42796.6,104398.0,206755.7,117.6,0.76,-0.275,-0.241,0.931
81092.8,131231.1,243660.5,291.9,0.13,-0.522,0.613,0.592
36145.3,111352.5,204025.7,335.8,1.64,-0.505,-0.209,0.838
36426.2,110901.4,204092.9,3.6,0.82,-0.455,-0.258,0.852
57458.8,116345.9,221374.2,7.8,0.14,-0.467,-0.631,0.62
-6452.8,-97647.0,143464.8,247.0,2.53,-0.119,0.004,0.993
37602.0,114897.1,205870.5,326.0,0.63,-0.37,-0.455,0.809
24413.8,116887.6,198896.4,334.6,0.28,-0.291,-0.53,0.796
11970.1,123673.1,204539.2,259.2,0.18,0.681,-0.313,0.662
54994.1,118543.5,219081.0,209.0,0.33,-0.589,0.447,0.673
55663.2,115911.3,218013.8,207.6,0.36,-0.583,-0.514,0.627
92326.9,130602.1,247123.0,68.9,1.01,0.411,0.636,0.651
41719.7,102881.5,206015.6,184.9,0.31,-0.257,-0.338,0.904
17210.9,-7611.5,164977.9,60.4,0.3,-0.174,0.142,0.974
30533.0,64015.0,166171.9,142.4,0.32,-0.464,-0.137,0.875
67310.3,127755.5,235402.5,6.8,0.15,0.233,0.719,0.654
29070.0,114616.9,200468.9,327.5,2.09,-0.411,-0.43,0.803
36613.8,110235.4,203959.9,221.9,0.93,-0.469,-0.259,0.844
87192.3,124497.9,248469.0,306.2,0.24,-0.228,-0.73,0.643
60145.8,120696.2,222183.6,166.2,2.24,-0.562,0.209,0.799
82745.5,108214.8,234901.9,143.0,1.04,-0.459,-0.609,0.648
18120.9,64405.0,162701.9,127.7,0.97,-0.218,-0.482,0.849
7855.2,70794.8,165625.6,132.1,0.33,-0.246,-0.421,0.872
80867.1,110929.6,234300.6,304.7,0.27,-0.609,-0.054,0.789
-37373.6,2051.2,149870.5,301.4,0.29,-0.157,-0.539,0.828
38023.0,108622.2,204392.6,314.7,0.64,-0.453,-0.169,0.875
84637.0,120214.0,243179.2,92.2,0.42,-0.515,-0.625,0.587
58579.4,112819.1,219082.0,131.8,0.92,-0.739,-0.161,0.653
60866.9,115144.2,223144.5,205.7,0.24,-0.476,-0.482,0.736
84976.1,134807.9,243747.8,309.9,0.4,-0.573,0.196,0.796
25067.6,112451.0,197097.7,191.8,0.39,-0.457,-0.457,0.763
93823.0,115911.1,233430.3,13.1,0.25,0.813,0.093,0.575
84122.4,128822.2,247040.1,306.2,1.66,-0.337,0.484,0.808
76144.5,108099.8,229280.3,215.7,1.22,-0.586,-0.476,0.654
72156.6,120228.8,232484.8,10.1,0.33,-0.734,0.315,0.602
52586.2,120077.0,216934.3,226.1,1.42,-0.548,-0.092,0.831
28785.6,114595.7,200296.6,266.3,0.25,-0.439,-0.429,0.789
69513.2,113134.9,227455.8,325.2,1.42,-0.502,-0.48,0.715
38771.2,104894.9,205591.4,345.3,0.32,-0.137,-0.096,0.986
59969.1,115295.9,222681.1,245.1,1.99,-0.441,-0.362,0.821
19711.7,107935.1,191840.6,162.9,1.31,-0.726,-0.234,0.646
28816.8,114780.6,200425.0,136.1,0.53,-0.424,-0.439,0.792
11157.0,65578.2,163187.3,331.7,0.88,-0.042,-0.427,0.903
53130.5,123932.4,224446.7,154.4,0.16,-0.628,-0.488,0.603
14021.7,65880.5,163515.7,44.3,0.77,-0.017,-0.384,0.923
89707.9,129357.3,249283.1,52.3,0.31,-0.548,0.35,0.759
40983.0,118869.2,209717.5,331.9,1.43,-0.413,-0.433,0.801
41884.9,111862.5,207325.9,249.1,2.64,-0.434,-0.309,0.846
-37235.4,-3048.2,146704.6,301.8,0.34,-0.106,-0.389,0.914
39348.0,110192.1,205443.9,184.1,0.8,-0.457,-0.239,0.857
67253.6,116357.1,228831.2,270.6,0.87,-0.79,-0.116,0.603
15230.7,6490.6,159234.7,11.2,0.3,-0.285,0.37,0.884
43224.4,106291.0,206981.4,153.1,0.39,-0.348,0.203,0.915
91271.4,116952.6,238000.3,318.2,0.65,0.76,0.33,0.557
39157.2,111810.0,205886.4,170.2,0.29,-0.453,-0.322,0.831
53507.3,118666.5,217682.5,355.4,0.2,-0.642,0.34,0.686
67770.8,117500.0,229299.4,28.8,0.25,-0.565,-0.315,0.763
57698.6,105302.9,214680.1,153.2,0.37,-0.534,-0.212,0.818
3294.8,-8820.3,161161.4,303.2,0.56,-0.343,0.401,0.849
76690.0,128022.3,241275.4,292.7,1.11,-0.717,0.11,0.683
91272.1,107496.0,238132.2,185.3,0.08,0.826,-0.105,0.553
76984.0,121038.9,236704.9,54.5,1.44,-0.655,0.331,0.68
86930.6,126232.9,249263.3,0.7,0.31,-0.697,0.045,0.715
-1582.7,-5284.8,159022.8,109.6,1.4,-0.121,0.251,0.96
-12746.7,6693.0,158243.6,326.9,1.19,0.021,0.033,0.999
60551.7,119502.6,222900.3,48.2,0.65,-0.575,0.392,0.718
87501.3,126479.8,249763.4,94.6,0.3,-0.341,0.23,0.908
42685.1,119681.9,210996.9,188.1,0.29,-0.377,-0.471,0.798
57814.7,116389.1,221496.9,337.6,0.15,-0.479,-0.595,0.645
79529.1,105190.2,230514.1,310.7,0.57,-0.625,-0.104,0.774
58106.1,121357.7,221011.4,44.6,0.51,-0.18,-0.789,0.599
76738.1,104648.6,228161.4,169.5,0.52,-0.573,-0.066,0.817
-16757.8,-81572.1,140176.0,254.8,1.09,-0.154,0.076,0.984
-29263.3,-4404.6,149416.7,346.2,0.6,-0.322,-0.452,0.832
89184.9,124226.2,245633.1,254.2,0.18,0.744,0.01,0.664
67074.8,116411.7,228601.8,275.5,0.15,-0.799,-0.162,0.58
54545.2,117068.8,218780.7,5.6,0.13,-0.608,-0.488,0.626
37155.1,110113.9,204247.1,53.1,0.34,-0.477,-0.252,0.842
88913.1,124696.3,246086.7,162.2,0.32,0.639,-0.495,0.593
46120.9,119471.5,212375.2,103.9,0.45,-0.528,-0.118,0.841
24568.2,111960.5,196604.7,202.4,0.3,-0.429,-0.37,0.824
31013.2,113038.9,201330.9,181.0,0.64,-0.541,-0.325,0.775
81415.0,122279.0,240598.8,28.7,0.21,-0.625,-0.199,0.711
-28453.8,3750.0,153662.1,250.1,0.29,-0.223,-0.528,0.82
61692.4,120921.0,223249.9,119.8,2.15,-0.599,0.04,0.798
19643.1,47989.9,158484.2,134.2,0.32,-0.386,0.099,0.917
58248.9,107244.7,215669.1,304.7,0.74,-0.447,-0.366,0.816
58705.1,116064.2,222023.9,122.9,0.21,-0.533,-0.578,0.618
73314.6,121156.1,233074.5,176.8,0.54,-0.516,-0.436,0.728
52097.0,119628.4,216576.8,288.5,0.32,-0.523,-0.247,0.814
73325.7,129812.1,236836.0,332.6,0.34,-0.41,0.418,0.807
87755.3,123450.6,247506.3,249.2,0.4,0.101,-0.657,0.739
82544.2,127224.1,247234.3,233.5,1.77,-0.266,0.173,0.929
38431.1,107370.4,204436.5,7.5,0.35,-0.391,0.121,0.912
79314.3,110943.1,233025.6,179.4,0.2,-0.703,0.005,0.709
92443.3,129975.5,247651.6,99.9,1.75,0.148,0.711,0.686
48244.9,102652.4,208636.1,280.2,1.21,-0.514,-0.233,0.825
32273.3,109964.7,201273.7,39.5,0.29,-0.56,-0.108,0.822
70544.2,126475.3,237178.3,113.4,0.26,-0.525,0.408,0.747
41713.6,104643.5,206403.1,48.0,0.34,-0.432,-0.124,0.893
33628.5,103180.7,203000.2,209.7,0.61,-0.752,0.333,0.569
5083.8,-7808.9,161430.5,128.1,0.69,-0.318,0.355,0.879
42883.3,101762.4,205457.6,48.5,0.68,-0.251,-0.485,0.836
13282.3,123746.3,203172.4,108.5,0.36,0.41,-0.675,0.613
41749.2,119763.5,210573.5,251.3,2.01,-0.406,-0.452,0.794
40412.0,99380.2,204147.1,233.7,1.0,-0.136,-0.491,0.86
17864.6,9965.1,159051.5,26.9,0.37,-0.576,-0.048,0.816
88026.9,121457.1,246585.9,181.8,0.25,-0.496,-0.372,0.785
21759.6,110949.2,194528.3,256.3,2.01,-0.401,-0.557,0.727
21156.7,124210.0,203088.5,122.6,0.61,-0.214,-0.533,0.818
98413.3,132246.3,243709.4,321.5,0.62,0.213,0.53,0.819
45895.7,120125.2,212469.3,346.8,1.0,-0.445,-0.518,0.73
-13121.9,5727.8,158226.0,297.4,0.88,-0.087,0.019,0.996
69398.5,115626.0,230492.0,93.1,0.08,-0.538,-0.629,0.558
63986.8,101043.7,218374.8,89.8,0.57,-0.687,0.052,0.725
61222.7,115219.2,223435.3,222.3,0.23,-0.63,-0.426,0.649
25439.3,118225.5,200149.6,239.4,0.6,-0.255,-0.56,0.789
49762.6,97953.9,207463.4,317.6,1.1,-0.439,-0.263,0.859
58795.0,113463.4,220004.7,124.0,0.91,-0.599,-0.524,0.614
52068.3,89638.8,205991.7,203.7,0.44,-0.608,-0.217,0.764
60528.6,92147.0,215811.6,57.8,0.24,-0.036,0.639,0.766
47033.1,108552.5,210017.6,316.1,0.42,-0.547,-0.206,0.812
37236.5,109741.1,204176.4,241.8,0.79,-0.461,-0.234,0.856
47796.3,129493.6,230446.2,135.1,0.3,0.311,0.667,0.677
3380.7,73344.4,166201.1,6.4,2.14,0.403,-0.457,0.793
80590.0,132601.1,241883.1,29.9,1.57,-0.169,0.689,0.703
21886.0,2999.8,163959.3,254.2,2.48,-0.51,0.043,0.859
18962.6,8303.7,160321.9,233.2,1.43,-0.453,0.442,0.774
10401.7,122960.3,205138.1,245.1,0.42,0.374,-0.635,0.676
70307.0,114232.0,229032.7,84.5,0.18,-0.563,-0.466,0.681
2267.0,108575.6,204201.2,305.9,2.78,0.095,0.014,0.995
46138.3,103337.0,207730.6,107.9,0.31,-0.489,-0.249,0.836
85974.0,130343.5,246563.2,38.1,0.42,-0.331,0.467,0.82
38271.6,108668.5,204535.1,207.9,0.96,-0.444,-0.203,0.872
94417.5,129271.2,247741.4,333.8,0.67,-0.03,0.65,0.76
88742.6,123465.7,246482.1,347.3,0.11,0.807,-0.013,0.589
69780.7,113231.2,227737.8,121.9,0.19,-0.606,-0.367,0.705
59389.0,113689.9,220304.6,165.0,0.54,-0.257,-0.521,0.814
92292.9,141324.3,244563.5,218.9,0.15,0.813,-0.019,0.581
65812.0,124466.8,234389.2,12.5,1.7,-0.138,-0.706,0.692
72105.2,121829.7,234260.5,304.2,0.12,-0.302,-0.775,0.555
41123.1,105718.3,206109.2,323.0,0.37,-0.42,0.014,0.907
71156.9,97585.3,225221.1,12.1,0.36,-0.763,-0.159,0.625
59307.0,104150.8,215469.1,123.3,1.13,-0.515,-0.32,0.795
17161.6,117117.4,196427.5,55.8,0.38,-0.518,-0.233,0.823
59360.8,113804.8,220367.8,327.4,1.0,-0.281,-0.542,0.791
15552.0,94591.2,182436.1,227.1,0.2,-0.675,-0.288,0.681
10514.4,122023.0,204064.7,38.1,0.15,0.219,-0.729,0.649
70705.5,114573.5,229644.0,135.5,0.16,-0.361,-0.658,0.659
90308.3,145754.1,241475.8,52.1,1.41,0.209,0.65,0.73
-18574.3,6252.9,158140.6,35.9,0.3,-0.289,-0.39,0.874
-19647.4,5831.8,157490.4,66.1,0.34,-0.246,-0.537,0.806
86624.0,121799.2,245808.5,134.4,0.38,-0.616,-0.164,0.769
75086.7,113183.1,231605.0,27.0,0.29,-0.403,-0.507,0.762
88871.0,133439.6,247113.4,0.9,0.52,-0.522,0.332,0.785
31145.5,113483.9,201593.6,271.2,0.33,-0.582,-0.252,0.773
14334.3,109418.3,191030.0,121.2,0.74,-0.592,-0.354,0.724
86508.7,125221.3,248826.8,58.7,2.08,-0.327,-0.559,0.761
-22502.3,-5530.7,150578.5,59.0,0.34,-0.431,0.14,0.889
32315.4,64638.0,167277.3,162.8,0.3,-0.54,-0.023,0.841
57879.4,123716.8,227954.7,326.1,0.62,-0.419,-0.62,0.663
88423.2,123625.1,246753.4,29.3,0.15,0.744,0.165,0.647
31448.9,113483.2,201795.7,221.9,0.29,-0.506,-0.32,0.801
36749.0,63049.7,170242.1,91.2,0.43,-0.576,-0.13,0.807
87002.2,125168.2,249002.9,43.1,0.3,-0.298,-0.561,0.772
30292.9,118368.4,202995.2,150.0,0.95,-0.57,-0.17,0.803
24488.8,111954.1,196561.0,18.0,0.3,-0.43,-0.376,0.821
80552.9,103475.3,230996.4,286.9,1.46,-0.713,-0.115,0.692
57949.6,116472.4,221800.6,294.2,0.17,-0.57,-0.514,0.641
25950.0,115223.9,198902.0,229.1,0.28,-0.57,-0.251,0.782
18489.9,57140.9,159815.8,209.5,2.49,-0.188,-0.233,0.954
58862.4,125335.3,230241.5,44.5,0.25,-0.637,-0.338,0.692
84660.7,124371.5,247604.6,183.3,0.61,-0.371,-0.627,0.686
61484.4,114959.7,223633.7,291.6,1.04,-0.702,-0.397,0.592
86967.4,122274.6,245925.6,284.8,0.25,-0.562,0.333,0.757
82305.1,120623.1,242053.1,315.5,0.89,-0.537,0.011,0.842
-30026.0,3142.0,152820.3,131.2,0.53,-0.317,-0.484,0.816
76005.0,110668.5,229791.0,188.8,0.19,-0.723,0.001,0.691
58175.2,116998.3,222010.2,250.3,0.77,-0.515,0.211,0.831
-26829.8,17619.1,163048.5,271.1,0.32,0.501,0.344,0.794
81966.0,121172.3,241625.4,350.7,0.24,-0.545,0.328,0.771
84807.9,120315.8,243591.2,305.9,0.14,-0.562,-0.603,0.564
54559.7,124346.7,225783.5,302.2,1.3,-0.594,-0.419,0.686
87927.4,121516.9,246514.8,169.0,0.99,-0.52,-0.383,0.763
37296.4,108540.0,204004.3,151.5,1.8,-0.501,-0.094,0.86
33649.4,102328.0,203769.6,341.6,0.14,-0.669,0.394,0.634
57614.2,115583.8,220750.9,351.2,0.37,-0.737,-0.353,0.579
86729.8,136097.6,244404.6,321.7,0.91,-0.491,0.439,0.752
37108.4,112225.4,204873.1,227.5,0.52,-0.503,-0.259,0.824
60105.8,116005.7,223011.0,179.0,0.28,-0.598,-0.326,0.732
104212.2,116376.3,223697.2,242.9,1.09,0.124,0.72,0.683
-16405.4,4766.7,158273.8,126.0,0.54,-0.128,-0.502,0.854
33350.8,99871.8,201518.4,28.4,0.45,-0.286,-0.675,0.679
16060.3,96745.4,184141.4,142.8,0.09,-0.818,-0.138,0.559
87809.4,126026.5,249832.9,283.4,0.4,0.313,-0.108,0.933
69288.3,125684.1,237644.5,213.0,0.47,-0.271,-0.352,0.893
83179.5,124446.3,246263.4,248.0,0.21,-0.768,0.036,0.639
58992.6,115759.0,222000.3,182.1,0.13,-0.628,-0.459,0.628
-18729.2,6090.5,157996.3,358.6,0.32,-0.323,-0.387,0.863
58711.9,114239.7,220676.4,224.8,0.21,-0.426,-0.702,0.568
47742.3,103031.2,208474.3,259.2,0.33,-0.441,-0.253,0.861
36306.7,107254.8,203621.6,265.5,1.25,-0.42,0.221,0.88
-31615.1,-31541.6,139585.6,232.7,0.48,-0.076,-0.003,0.997
85235.5,118698.9,242170.5,124.5,1.08,-0.411,-0.52,0.748
85791.1,110537.4,238900.0,161.6,0.3,-0.675,0.235,0.699
87784.5,121675.4,246533.0,291.7,0.34,-0.532,-0.399,0.747
24245.0,113258.7,197042.1,169.9,0.27,-0.463,-0.36,0.81
66073.1,101445.0,220035.7,231.9,0.3,-0.642,0.09,0.762
39573.0,108943.8,205183.9,254.0,0.3,-0.384,-0.322,0.865
86359.0,125405.0,248896.4,203.7,0.55,-0.402,-0.334,0.847
72582.8,136170.5,232650.8,146.3,1.02,-0.662,0.428,0.615
35983.9,110412.5,203680.0,189.7,0.29,-0.457,-0.302,0.837
41509.6,104579.8,206275.5,180.9,1.66,-0.493,-0.118,0.862
71799.1,129977.9,236243.4,173.9,0.25,-0.605,0.335,0.722
59260.4,115494.2,222205.8,231.9,0.16,-0.744,-0.281,0.607
56895.6,124987.5,228320.5,201.6,1.04,-0.708,-0.228,0.668
-31046.1,2625.6,152131.0,136.9,0.74,-0.28,-0.421,0.863
13902.1,62905.3,162242.0,199.3,1.4,-0.209,-0.388,0.898
23501.8,108856.2,194956.6,166.7,1.9,-0.483,0.281,0.829
73958.4,122119.2,235922.2,244.9,0.15,-0.119,-0.779,0.623
31254.9,119234.7,203818.5,240.8,0.48,-0.53,-0.269,0.8
27624.7,114401.8,199590.8,163.2,0.26,-0.419,-0.445,0.791
58611.5,107076.8,215875.8,305.8,0.28,-0.555,-0.314,0.77
-13312.2,5795.3,158187.2,332.5,0.43,-0.074,0.019,0.997
92408.1,129434.5,248266.7,339.7,1.34,0.091,0.691,0.717
88328.9,120712.9,246420.6,318.3,0.27,0.185,-0.498,0.803
87264.2,119699.3,245144.7,100.2,2.75,-0.364,-0.459,0.811
88598.0,124209.1,246277.2,226.6,0.13,0.784,0.098,0.611
70282.3,119004.9,231422.6,100.7,0.25,-0.583,0.23,0.779
80680.8,121938.2,240177.3,134.7,1.08,-0.616,0.424,0.664
2184.9,-2197.4,158282.7,278.2,0.33,-0.093,0.311,0.946
88334.5,130891.7,247747.3,329.6,0.24,-0.637,0.304,0.708
-29000.2,1780.7,152254.4,288.9,0.3,-0.238,-0.458,0.856
13030.2,64832.4,162925.4,257.2,0.93,-0.108,-0.414,0.904
59795.0,115709.7,222739.3,49.8,0.28,-0.507,-0.25,0.825
-30439.5,6422.4,154598.2,58.4,0.3,-0.247,-0.574,0.78
73976.0,122679.9,236283.0,184.6,1.12,-0.509,-0.626,0.597
60646.9,114408.9,222393.6,265.3,0.59,-0.534,-0.628,0.567
62555.0,127781.5,233419.7,237.2,0.58,-0.371,0.542,0.754
41018.3,99129.9,203870.1,26.8,0.53,0.127,-0.514,0.848
64562.1,127158.2,236011.2,61.4,0.17,-0.713,0.185,0.673
34690.1,115872.3,204489.6,326.9,0.52,-0.578,-0.096,0.808
14400.3,58474.9,160083.0,318.1,0.52,-0.072,-0.381,0.922
45490.5,99258.4,206009.5,94.8,1.01,-0.4,-0.429,0.809
18534.4,57566.4,159929.4,271.0,0.51,-0.208,-0.208,0.956
37236.7,110953.4,204541.9,311.8,0.62,-0.45,-0.264,0.853
9670.8,82948.1,172135.4,292.0,0.27,0.326,-0.671,0.666
61349.4,105697.3,217244.0,339.3,1.6,-0.56,-0.359,0.747
72407.9,112577.7,229153.0,16.3,0.41,-0.421,-0.684,0.595
46871.2,107050.9,209269.1,74.3,0.47,-0.61,-0.153,0.777
88383.6,123547.1,246825.4,272.8,0.2,0.734,0.103,0.671
-18596.2,6100.5,158054.8,323.0,0.34,-0.332,-0.357,0.873
27549.9,110789.9,197992.3,57.0,0.54,-0.555,-0.286,0.781
33030.7,115417.1,203176.4,244.9,0.37,-0.586,-0.1,0.802
86743.0,126502.7,249137.9,21.3,0.32,-0.638,-0.152,0.754
28312.8,110460.8,198451.2,266.3,1.29,-0.552,-0.237,0.799
-12291.1,5281.0,158247.6,306.4,0.38,-0.029,-0.006,1.0
12390.3,4778.0,158306.6,160.0,0.35,-0.322,-0.205,0.924
59247.3,93190.5,214303.8,53.6,0.77,-0.416,0.457,0.779
4000.6,97846.0,184530.2,64.0,0.13,0.145,-0.776,0.614
30792.1,108693.1,200102.8,236.1,2.1,-0.538,-0.12,0.834
24066.1,111454.5,196058.5,76.8,0.25,-0.474,-0.404,0.782
56354.5,119972.7,219201.5,133.6,0.93,-0.602,-0.009,0.796
89412.2,118124.0,240880.8,237.7,0.18,0.813,0.13,0.568
67988.3,125529.7,237031.3,244.7,1.0,-0.092,-0.672,0.738
66732.2,115710.0,227689.2,18.1,0.09,-0.712,-0.409,0.569
69599.6,120476.0,229964.3,142.6,0.5,-0.554,0.442,0.705
39527.2,109694.1,205388.2,69.3,1.49,-0.415,-0.248,0.875
13651.3,62594.5,162020.7,152.8,0.31,-0.252,-0.424,0.87
38512.0,110925.2,205214.8,29.0,1.47,-0.444,-0.263,0.857
17206.6,61243.4,161151.9,338.6,2.11,0.129,-0.428,0.894
83178.9,108728.5,235624.4,73.2,0.4,-0.38,-0.719,0.582
30596.8,110127.7,199974.9,252.7,1.84,-0.653,0.044,0.756
74112.6,125353.7,239896.4,110.6,1.92,-0.455,0.181,0.869
48569.3,106781.2,210249.6,77.2,2.37,-0.488,-0.348,0.8
-18907.4,5597.9,157718.8,90.3,0.75,-0.382,-0.467,0.798
18966.0,128628.7,207734.8,295.4,0.18,-0.171,-0.746,0.646
87879.2,126942.7,249666.1,269.3,0.3,0.284,0.238,0.926
-8349.2,115.3,158828.9,4.7,1.29,-0.059,0.184,0.981
47666.3,108152.5,210160.5,304.5,1.41,-0.429,-0.352,0.832
61360.7,133392.2,227438.3,168.7,0.4,-0.118,0.535,0.837
50867.2,119752.5,215608.9,106.8,0.5,-0.577,-0.293,0.762
85502.6,120709.5,244443.7,290.6,0.29,-0.46,-0.486,0.741
-30162.4,3229.9,152790.2,138.6,0.27,-0.378,-0.46,0.804
32455.5,110360.2,201431.8,280.0,0.29,-0.559,-0.055,0.827
30098.1,109743.5,199591.8,280.3,0.22,-0.658,0.123,0.743
95182.0,114240.7,232273.2,350.9,0.56,0.323,0.548,0.772
-27352.8,-108740.5,139595.2,58.1,0.65,-0.28,-0.086,0.955
66099.8,97710.7,221510.2,239.2,0.17,-0.605,0.41,0.682
87907.9,121993.2,246792.6,105.0,0.47,-0.543,-0.22,0.808
76369.4,121367.9,236041.6,166.5,0.58,-0.697,0.275,0.662
42466.7,103972.5,206516.0,353.6,0.3,-0.331,-0.246,0.911
44199.8,98942.8,205275.7,321.1,0.91,-0.159,-0.474,0.866
-24330.9,761.7,153038.2,0.1,2.07,-0.291,-0.447,0.845
61930.7,116010.6,224725.4,329.9,0.99,-0.466,-0.291,0.835
34816.9,104140.0,203505.9,3.9,0.19,-0.614,0.424,0.666
91614.4,108795.2,237533.0,123.5,0.33,0.722,0.192,0.666
34630.8,110742.9,202947.7,252.0,0.28,-0.545,-0.19,0.817
46812.1,101911.5,207731.1,182.4,0.53,-0.45,-0.216,0.866
-28433.9,-111547.5,139442.2,73.9,1.18,0.029,-0.008,0.999
61925.2,116040.4,224732.7,119.4,1.31,-0.467,-0.286,0.837
59801.6,115299.1,222608.0,163.0,0.46,-0.461,-0.361,0.81
39194.4,112197.9,206044.0,28.4,1.96,-0.451,-0.318,0.834
36469.0,104930.1,204217.1,320.4,0.95,-0.466,0.47,0.75
61899.8,101768.9,216873.4,56.5,0.3,-0.504,-0.206,0.837
47047.9,108188.0,209869.9,9.9,0.28,-0.544,-0.312,0.779
24929.5,112522.0,197074.2,256.3,0.42,-0.46,-0.45,0.765
22102.1,114766.2,196721.7,344.2,1.38,-0.154,-0.612,0.775
13641.8,111786.5,191803.0,288.0,0.42,-0.432,-0.427,0.794
83901.2,125476.0,246911.4,310.8,0.36,-0.63,0.399,0.664
41498.8,107037.4,206099.2,279.7,0.84,-0.488,0.247,0.837
77318.1,125577.1,242294.8,10.7,0.36,-0.794,0.219,0.569
56031.4,115906.3,218320.4,184.9,0.17,-0.565,-0.493,0.661
15743.9,93731.7,182196.3,65.5,0.19,-0.763,-0.305,0.571
44888.9,102445.4,206744.5,60.0,0.26,-0.594,-0.165,0.787
73730.5,112741.4,230396.8,305.8,0.2,-0.564,-0.399,0.722
60918.9,126140.2,234115.0,65.4,0.33,-0.518,-0.142,0.83
11025.7,114506.3,194649.9,261.9,0.21,0.53,-0.433,0.729
80612.9,124783.1,243023.1,233.3,0.28,-0.427,-0.589,0.677
74935.1,120899.8,234818.6,233.4,0.2,-0.572,0.42,0.704
17350.4,123579.3,202092.1,28.5,0.33,-0.147,-0.581,0.8
88790.2,123820.2,246269.7,140.6,1.09,0.742,0.26,0.618
60472.7,115342.6,222992.0,354.3,0.31,-0.496,-0.456,0.739
12783.8,61893.0,161525.4,348.0,1.87,-0.046,-0.431,0.901
57913.5,111341.6,216896.4,334.2,0.38,-0.619,0.174,0.74
37938.5,105294.5,205209.2,114.7,0.72,-0.402,0.393,0.827
27281.7,118872.3,201300.5,41.4,0.64,-0.422,-0.425,0.8
31535.7,68748.6,167500.2,348.6,0.18,0.135,-0.736,0.663
72331.9,111125.2,227612.9,359.7,0.09,-0.701,-0.429,0.573
89082.9,137009.1,246176.1,359.7,0.21,-0.664,0.199,0.721
15275.3,-1662.9,162032.8,178.1,1.12,-0.529,0.338,0.779
65216.8,97755.6,220497.5,163.2,1.41,-0.688,0.265,0.676
10927.8,67473.8,164151.2,197.1,2.35,-0.066,-0.453,0.889
32807.9,60308.3,167131.7,9.1,0.43,-0.535,-0.179,0.825
-22749.6,-116580.9,140813.8,261.4,0.3,-0.262,-0.137,0.955
3874.7,97605.9,184114.2,236.7,0.16,0.424,-0.617,0.657
37051.1,110052.4,204163.3,61.7,0.84,-0.485,-0.244,0.84
34393.7,73012.8,175248.0,55.2,0.8,-0.778,-0.196,0.594
88247.9,127172.1,249373.4,271.5,0.37,0.687,-0.035,0.725
17845.8,55512.2,159318.5,222.5,0.44,-0.169,-0.279,0.945
9244.8,102503.1,185295.2,75.7,1.62,0.489,-0.557,0.67
64645.4,119488.0,226140.0,282.0,1.71,-0.504,0.46,0.731
21264.5,110045.7,193557.9,208.5,0.26,-0.506,-0.344,0.79
58220.3,113025.5,218640.9,59.8,0.38,-0.789,-0.052,0.611
84389.8,128168.2,247533.6,155.3,0.32,-0.373,0.42,0.827
38025.5,83915.4,189713.4,166.5,0.95,-0.263,-0.682,0.683
73548.4,112848.3,230266.5,358.2,0.32,-0.537,-0.384,0.75
19022.8,-530.1,163766.3,340.7,1.0,-0.447,0.467,0.763
-10570.2,-1122.4,158487.2,145.8,1.12,-0.011,-0.376,0.926
83336.5,120992.1,242770.2,268.8,0.23,-0.654,-0.116,0.746
57265.1,119981.9,219894.8,30.3,0.5,-0.56,-0.097,0.821
73080.0,94421.5,227749.4,277.5,0.16,-0.58,0.474,0.66
88460.2,120939.2,246560.0,115.9,0.33,0.789,-0.294,0.606
81399.2,121129.7,241260.1,197.3,1.17,-0.56,0.295,0.774
83431.6,119508.8,241752.0,124.0,0.19,-0.552,-0.509,0.66
61605.3,123785.1,231162.6,299.7,0.16,-0.339,-0.688,0.641
69800.1,102239.3,222548.1,337.4,0.21,-0.678,-0.146,0.719
9028.5,88098.2,175041.4,191.4,0.26,0.437,-0.424,0.793
-37259.4,3037.4,150523.4,69.6,0.77,-0.11,-0.583,0.805
40094.6,91200.1,197751.0,344.7,0.55,-0.147,-0.611,0.773
13561.3,108577.6,189998.4,36.1,0.35,-0.487,-0.464,0.74
18036.8,118146.0,197296.6,96.8,0.47,-0.552,-0.192,0.811
13981.7,109400.8,190732.9,240.8,0.22,-0.59,-0.319,0.742
71326.4,120228.9,231653.4,220.3,0.2,-0.607,0.453,0.653
12714.1,59547.8,160465.6,175.8,1.56,-0.042,-0.395,0.918
87000.9,107782.7,239387.3,86.2,1.31,-0.744,0.194,0.64
71433.8,114950.5,230321.7,101.2,0.39,-0.388,-0.592,0.703
34770.3,111460.9,203168.7,163.5,2.33,-0.558,-0.119,0.821
84261.4,128311.1,247407.6,239.0,0.95,-0.379,0.416,0.827
-28281.5,-109488.0,139573.2,290.5,0.41,-0.001,-0.021,1.0
53471.0,106455.5,212816.0,76.4,0.92,-0.472,-0.173,0.864
22461.1,112488.6,195681.9,175.6,0.25,-0.479,-0.388,0.787
21788.5,110472.7,194076.4,44.9,0.24,-0.466,-0.468,0.75
84282.5,125594.8,247087.6,62.3,0.33,-0.627,0.349,0.696
84965.9,129461.2,246979.0,323.8,0.28,-0.241,0.524,0.817
15497.4,6513.5,159299.2,116.0,1.49,-0.307,0.358,0.882
9001.0,122511.8,205055.2,172.4,1.2,0.172,-0.735,0.657
81994.4,120945.9,241732.2,176.8,0.99,-0.574,0.279,0.769
38651.4,108208.6,204557.8,276.4,0.64,-0.357,-0.169,0.918
26127.6,116166.8,199155.1,125.6,0.26,-0.532,-0.297,0.789
-12567.5,5586.1,158242.0,320.7,0.36,-0.032,-0.019,0.999
70972.2,113934.3,229494.7,74.3,0.43,-0.611,-0.285,0.738
87473.6,125524.2,249500.0,332.0,0.19,-0.098,-0.717,0.688
52407.3,115487.1,213418.5,321.5,1.03,-0.596,-0.132,0.792
14808.9,-8784.2,164192.4,167.7,0.53,-0.157,-0.008,0.987
24781.7,114244.7,197791.7,124.9,0.51,-0.507,-0.296,0.809
-6171.1,-5580.9,159020.0,37.4,1.97,0.215,-0.04,0.976
10077.8,84710.4,173093.0,329.5,0.3,0.334,-0.416,0.845
50663.1,130698.2,229860.0,6.0,0.24,-0.031,0.679,0.733
69483.4,120326.9,229969.1,201.3,1.2,-0.537,0.454,0.711
63566.7,125271.4,234302.7,288.4,1.68,-0.27,-0.653,0.714
59453.7,112621.6,219758.2,268.7,1.52,-0.293,-0.458,0.839
-30146.0,4491.9,153443.3,94.8,1.7,-0.415,-0.393,0.821
79283.9,107507.4,231294.3,88.1,0.18,-0.566,-0.521,0.639
32117.6,103055.7,201313.7,248.3,0.1,-0.737,0.334,0.587
55393.7,116027.9,217863.6,207.7,0.08,-0.49,-0.673,0.551
34420.7,110827.4,202833.7,227.7,0.31,-0.546,-0.178,0.818
84183.4,118341.0,241513.4,261.1,0.91,-0.332,-0.555,0.762
80490.4,126909.3,246671.3,357.5,0.9,-0.297,0.027,0.94
59347.3,128272.4,232540.5,51.1,0.24,0.154,0.647,0.746
38562.2,108345.3,204568.9,78.6,0.3,-0.354,-0.229,0.907
58766.6,112661.7,219226.0,121.6,0.77,-0.697,-0.226,0.68
7438.8,84780.2,175949.4,280.8,0.29,0.594,-0.344,0.725
75516.8,114405.3,232803.5,243.3,0.19,-0.448,-0.61,0.653
59392.9,115171.9,222300.5,34.0,0.09,-0.673,-0.466,0.574
87190.3,120953.9,245985.6,281.6,0.27,-0.592,-0.054,0.803
19783.8,106386.2,190867.6,102.4,0.12,-0.7,-0.427,0.576
14742.2,6165.1,159178.1,293.2,1.35,-0.443,0.256,0.859
33022.4,109877.7,201731.9,194.9,1.92,-0.53,-0.148,0.835
46323.2,88675.1,198077.8,161.1,0.45,-0.226,-0.704,0.667
43056.3,104157.1,206737.9,15.3,0.38,-0.213,-0.253,0.944
-11460.6,2523.3,158757.1,230.7,0.3,0.188,0.247,0.95
29002.3,56594.3,164098.4,19.6,0.3,-0.489,-0.165,0.856
18747.1,117318.1,197330.5,81.0,0.4,-0.436,-0.401,0.806
67635.3,127654.5,235376.9,34.0,0.65,0.504,0.658,0.561
88614.9,128998.7,248608.3,103.6,1.5,-0.539,0.309,0.783
64736.7,119823.5,225970.5,102.8,0.59,-0.558,0.413,0.72
87813.8,126598.6,249741.8,354.7,0.91,0.331,0.2,0.915
77597.9,107584.7,230001.6,270.6,0.16,-0.61,-0.462,0.644
46710.5,89919.6,199152.7,97.3,0.89,-0.644,-0.334,0.688
64270.1,129101.0,234239.8,309.3,0.16,-0.103,0.759,0.644
38168.7,110152.3,204787.1,187.4,2.19,-0.454,-0.252,0.855
-25970.6,-3489.8,150514.6,81.3,1.07,-0.264,-0.343,0.902
88101.2,130241.0,247741.7,157.1,0.24,-0.581,0.247,0.774
59409.3,115107.8,222239.1,226.8,0.09,-0.639,-0.53,0.557
67051.9,120060.4,227889.5,244.3,0.62,-0.467,0.429,0.773
87208.0,125729.7,249590.7,152.3,0.28,-0.483,-0.405,0.771
58205.2,115555.2,221251.8,292.1,0.49,-0.569,-0.335,0.751
46518.0,103399.3,207961.7,179.6,0.56,-0.466,-0.292,0.835
23738.5,118328.8,199948.6,133.4,0.75,-0.149,-0.542,0.826
65832.4,120105.6,227104.4,102.2,0.16,-0.643,0.391,0.658
70125.6,127283.8,236453.6,314.8,0.43,-0.676,0.339,0.653
60234.7,118906.1,223015.4,356.0,1.68,-0.56,0.482,0.674
30658.6,111782.1,200571.1,272.6,1.93,-0.488,-0.408,0.771
47332.2,102530.3,208121.9,281.9,0.42,-0.434,-0.189,0.881
56179.9,117900.1,220170.1,33.8,1.89,-0.586,0.223,0.779
67109.8,119862.8,228027.7,186.4,0.26,-0.462,0.491,0.739
77103.2,105240.3,228587.9,347.7,0.47,-0.561,-0.116,0.82
40428.7,105522.6,205743.9,25.2,0.3,-0.35,0.026,0.936
73418.2,113407.1,230531.2,119.5,1.22,-0.253,-0.646,0.719
81404.1,121231.2,241222.8,201.1,2.43,-0.551,0.327,0.767
86764.5,118879.2,244439.5,191.2,0.96,-0.442,-0.478,0.76
86625.9,124452.6,248191.7,285.8,0.28,-0.235,-0.612,0.754
55118.2,120222.4,218596.1,303.0,0.25,-0.492,-0.367,0.79
81078.0,124687.8,243557.1,130.6,0.24,-0.788,0.024,0.614
87485.4,124639.1,248852.3,280.0,1.72,0.353,-0.618,0.697
87626.4,126685.4,249750.6,298.8,0.44,-0.104,0.296,0.947
56399.8,123393.4,226935.9,227.4,0.18,-0.45,-0.606,0.656
78372.2,106082.8,229882.0,272.0,0.81,-0.636,-0.257,0.728
15567.3,62639.6,161888.0,174.9,1.95,0.118,-0.438,0.891
7005.5,-103.0,158219.5,237.1,2.47,-0.078,0.221,0.972
41370.1,112025.0,207133.3,203.7,0.91,-0.426,-0.305,0.852
52895.6,128222.2,232252.0,348.1,0.23,-0.32,0.582,0.747
88271.9,123037.1,246972.8,110.9,0.3,0.52,-0.12,0.844
75025.9,111511.4,230201.3,258.0,0.94,-0.332,-0.705,0.627
42286.0,105765.9,206728.3,43.5,0.66,-0.441,0.119,0.889
46329.0,107885.9,208936.1,254.0,0.14,-0.66,-0.402,0.635
66877.3,121156.7,227397.7,219.1,1.03,-0.602,-0.426,0.675
87867.9,122634.3,246736.3,155.7,0.21,-0.7,0.035,0.712
89145.8,132594.4,247617.8,280.8,0.58,-0.464,0.324,0.824
86425.3,119487.9,244571.2,14.4,2.11,-0.474,-0.401,0.784
28594.0,111444.8,199003.9,32.1,0.73,-0.537,-0.334,0.774
57266.4,119312.6,220172.9,332.6,1.35,-0.518,0.312,0.796
66775.6,107142.9,221188.6,52.3,0.5,-0.547,0.019,0.835
24981.9,112657.9,197186.9,120.7,0.47,-0.471,-0.454,0.757
6752.2,87757.2,176012.7,100.3,0.42,0.729,0.22,0.648
58547.2,111179.8,217420.6,118.8,0.65,-0.63,-0.388,0.674
10784.2,110334.3,190121.4,329.8,1.31,0.585,-0.502,0.636
59873.9,105730.9,216168.3,233.4,0.84,-0.521,-0.224,0.823
-8923.5,-113145.6,142728.5,311.6,2.38,-0.146,-0.027,0.989
77093.2,127828.6,241496.6,289.4,0.24,-0.788,0.014,0.616
34208.9,110926.4,202715.0,38.5,0.57,-0.562,-0.14,0.815
-31385.3,3146.9,152273.1,336.8,0.79,-0.266,-0.407,0.874
63557.3,121075.2,224645.3,216.4,0.63,-0.508,-0.667,0.562
41601.5,96110.8,202119.7,92.9,1.23,-0.24,-0.618,0.748
35926.1,110643.1,203770.2,160.9,0.36,-0.474,-0.284,0.833
22028.5,112363.7,195363.5,347.9,0.89,-0.52,-0.313,0.794
8696.4,69820.1,165165.3,296.8,0.31,-0.037,-0.456,0.889
77811.7,123993.9,241034.8,3.4,0.67,-0.502,-0.62,0.597
87087.3,121497.8,245937.3,192.8,0.24,-0.532,-0.359,0.767
36598.1,109783.9,203832.8,210.0,0.79,-0.476,-0.217,0.852
98463.9,112995.9,230085.4,243.3,0.19,0.605,0.381,0.699
1363.7,-3401.4,158621.7,299.8,1.55,-0.117,0.458,0.881
37277.1,115099.4,205901.2,258.3,1.31,-0.351,-0.479,0.804
48231.4,102176.6,208529.0,339.2,0.63,-0.459,-0.201,0.865
94804.5,133939.4,243567.3,258.0,0.74,-0.079,0.779,0.621
58334.2,115491.8,221320.0,263.1,0.68,-0.531,-0.386,0.754
75468.0,123835.6,239665.5,108.2,0.08,-0.508,-0.655,0.559
36810.7,111312.7,204410.2,317.7,0.3,-0.479,-0.243,0.844
77652.2,113249.6,232393.4,289.3,0.12,-0.259,-0.758,0.599
87453.7,127246.1,249353.0,253.1,0.5,-0.284,0.506,0.815
64905.8,119146.4,226557.3,220.9,0.48,-0.585,0.516,0.626
84994.8,125266.4,247901.9,242.6,0.23,-0.651,0.087,0.753
94207.2,105724.0,231752.6,33.8,0.9,0.711,-0.297,0.631
-29303.6,-109306.8,139539.2,273.6,0.35,-0.011,0.145,0.989
47307.9,101395.5,207830.9,292.8,2.92,-0.474,-0.245,0.845
83174.6,108585.2,235439.7,22.2,1.18,-0.418,-0.654,0.631
67207.7,116558.7,228793.6,64.3,0.15,-0.762,-0.025,0.647
-25353.6,-6525.2,149498.4,95.3,1.06,-0.103,-0.312,0.944
91655.4,131860.8,246893.7,97.6,0.18,0.656,0.497,0.568
42334.1,102073.5,205737.2,183.3,2.43,-0.076,-0.619,0.78
46784.4,100129.9,206931.4,262.6,2.3,-0.42,-0.417,0.806
86338.1,125282.8,248813.0,343.9,0.87,-0.325,-0.486,0.809
54910.9,117954.5,219286.8,330.9,2.3,-0.644,0.11,0.757
47788.3,108422.4,210377.9,184.4,0.3,-0.447,-0.238,0.862
45512.6,119785.8,212037.1,171.2,1.68,-0.479,-0.31,0.82
11985.7,64475.5,162695.4,113.6,0.44,-0.035,-0.419,0.907
17633.1,99692.4,186622.2,81.2,0.15,-0.795,-0.169,0.588
85001.9,125541.0,247995.1,118.3,0.22,-0.708,0.114,0.697
-28829.9,3189.5,153194.1,286.3,0.32,-0.293,-0.481,0.826
47022.6,109117.1,209905.5,231.4,0.26,-0.492,0.357,0.794
6159.1,88270.6,176606.3,21.5,0.47,0.781,0.114,0.614
10798.3,115220.2,195195.6,333.3,0.24,0.811,-0.107,0.575
22655.9,58904.0,161274.6,295.6,0.35,-0.545,0.084,0.834
78567.6,128543.6,244320.1,19.5,0.98,-0.422,0.607,0.666
18230.9,85589.6,176588.7,27.6,0.4,-0.016,-0.633,0.774
87512.6,124320.5,248442.1,152.0,1.03,0.22,-0.742,0.615
38896.7,117044.2,207667.8,282.0,0.35,-0.468,-0.355,0.809
95532.1,118487.7,231095.9,237.4,0.49,0.747,-0.145,0.65
65882.7,120325.3,227032.1,315.8,0.36,-0.581,0.416,0.699
74448.6,139512.1,234137.2,130.6,0.83,-0.748,0.205,0.63
36318.8,111802.9,204274.6,155.0,0.52,-0.5,-0.266,0.825
89063.4,131938.5,247854.2,198.9,1.58,-0.459,0.363,0.811
36580.2,109445.5,203738.3,265.9,0.48,-0.478,-0.221,0.85
23477.3,110874.8,195310.4,154.1,0.35,-0.506,-0.417,0.755
12301.8,89326.7,176988.0,40.6,0.62,-0.777,-0.274,0.569
58512.8,116402.2,222271.2,69.4,0.45,-0.528,-0.415,0.74
14729.7,114195.7,193742.6,133.1,0.78,-0.466,-0.383,0.796
21330.9,122193.1,201713.9,237.2,0.15,-0.246,-0.73,0.636
85311.3,137689.5,242779.9,191.1,1.23,-0.446,0.45,0.774
20337.2,107652.0,192543.9,296.0,0.12,-0.793,-0.171,0.584
58207.1,115691.4,221354.4,325.6,0.24,-0.599,-0.342,0.724
72273.5,127911.0,237610.8,127.1,0.25,-0.529,0.405,0.746
17487.1,99021.3,186245.2,45.3,0.2,-0.701,-0.199,0.689
64031.9,100750.1,218430.1,194.3,0.24,-0.668,-0.03,0.744
21498.3,113196.9,195391.5,149.5,1.28,-0.23,-0.553,0.8
70767.9,113148.8,228805.2,138.8,0.32,-0.687,-0.374,0.623
89382.1,124534.0,245567.0,71.2,0.17,0.668,-0.37,0.645
66195.3,95084.9,220589.9,350.1,0.14,-0.375,-0.684,0.622
63904.0,112911.3,222512.4,92.9,0.75,-0.338,-0.667,0.665
86459.0,120783.1,245325.5,101.2,0.23,-0.674,-0.165,0.72
67605.5,114468.2,227179.8,92.0,0.19,-0.647,-0.438,0.624
34745.0,109203.2,202607.0,220.0,1.25,-0.491,-0.217,0.844
88559.6,124408.6,246303.5,78.5,0.09,0.806,-0.167,0.572
88031.1,120322.9,245944.6,331.9,0.69,-0.305,-0.571,0.762
64533.0,125848.8,235203.7,254.8,0.16,-0.386,-0.74,0.551
37832.7,105028.9,205299.0,304.6,0.44,-0.381,0.427,0.82
70274.4,114526.0,229273.3,113.8,0.1,-0.364,-0.727,0.581
-28946.6,-109903.7,139550.6,230.4,0.38,0.015,-0.094,0.995
20317.0,108610.5,192736.4,347.6,1.63,-0.667,-0.1,0.738
59781.0,116291.0,222956.2,7.8,0.24,-0.562,-0.384,0.733
11518.8,111435.3,190792.9,85.0,1.9,0.164,-0.576,0.801
37863.2,101041.6,204729.0,210.3,2.89,0.037,-0.217,0.975
85288.7,124616.3,248051.2,215.7,0.47,-0.243,-0.338,0.909
38643.8,102318.3,205364.4,150.4,0.48,-0.29,-0.281,0.914
-10346.6,-908.0,158562.6,118.8,2.05,-0.111,-0.314,0.942
26111.0,116153.3,199141.7,125.0,0.39,-0.53,-0.292,0.791
55799.1,118669.9,219580.9,97.9,0.26,-0.336,0.607,0.72
53585.0,117953.5,217979.2,60.8,0.19,-0.654,0.27,0.706
39387.6,105677.3,205638.1,9.3,0.48,-0.148,0.21,0.966
82303.0,139901.2,239889.4,312.8,1.4,-0.413,0.455,0.789
86617.8,125954.8,249040.1,226.4,0.35,-0.652,0.137,0.746
41424.6,98435.9,203366.7,219.4,0.68,-0.313,-0.522,0.792
82977.0,120270.8,242307.8,355.5,0.24,-0.343,-0.577,0.74
53665.5,120025.5,217604.0,11.2,1.89,-0.498,-0.326,0.803
85488.8,129667.5,246958.4,327.2,0.39,-0.14,0.6,0.788
15393.5,56011.8,159245.7,322.3,0.3,-0.074,-0.339,0.938
67180.4,119930.0,228025.8,31.5,0.38,-0.481,0.467,0.742
35070.5,111661.5,203400.6,197.2,1.19,-0.566,-0.144,0.812
78629.3,122302.1,238143.8,175.5,0.25,-0.694,-0.347,0.625
11802.2,95841.8,181955.7,63.1,0.84,-0.235,-0.599,0.764
56268.3,110850.9,215594.9,89.4,0.15,-0.751,-0.176,0.636
15112.2,68279.5,164577.1,211.3,0.32,0.02,-0.432,0.902
61358.0,114773.7,223282.5,247.5,0.1,-0.668,-0.462,0.584
52052.3,129859.6,230286.2,16.7,0.22,-0.066,0.659,0.747
23603.4,49099.5,159963.4,203.2,0.5,-0.384,-0.204,0.899
76036.0,134307.6,236886.9,96.3,0.21,-0.383,0.572,0.723
46650.5,128714.6,230251.9,13.7,0.38,-0.423,-0.486,0.761
92521.0,130125.7,247482.4,157.3,0.43,0.114,0.707,0.695
96212.8,131393.6,245097.0,183.4,0.13,0.491,0.614,0.619
82906.7,128598.2,246463.8,172.9,0.26,-0.514,0.417,0.75
18434.3,117568.5,197311.2,161.3,2.67,-0.412,-0.387,0.825
-2351.9,-3049.0,158289.0,75.2,2.93,0.034,0.121,0.992
76595.5,112348.2,231342.3,43.3,0.75,-0.061,-0.7,0.711
90313.0,120578.4,240429.7,9.7,0.19,0.625,-0.356,0.694
29499.0,112774.0,200013.9,201.6,0.35,-0.641,-0.095,0.761
57000.5,113849.3,216973.9,354.2,0.14,-0.767,0.098,0.63
56926.7,118944.0,220105.3,103.4,0.33,-0.46,0.376,0.804
84696.2,141762.7,242079.6,228.8,0.23,-0.648,0.035,0.758
86638.7,135618.9,244569.7,125.0,0.97,-0.527,0.382,0.759
-44321.2,-117881.6,141591.8,96.9,1.55,0.254,-0.077,0.964
95642.3,113429.0,232467.1,347.9,0.2,0.714,0.331,0.618
57703.3,109894.2,216793.5,341.1,2.24,-0.566,-0.314,0.763
59798.0,100919.0,215037.5,355.6,0.41,-0.594,-0.322,0.736
53040.7,124537.1,224641.7,68.1,0.18,-0.706,-0.217,0.675
-30140.5,4591.8,153502.2,58.1,0.75,-0.417,-0.407,0.813
92308.1,128045.3,248961.7,99.7,1.66,0.136,-0.696,0.702
77828.6,110184.0,231622.2,76.0,0.89,-0.728,0.006,0.685
46241.0,118904.4,212355.8,186.5,1.05,-0.543,-0.221,0.81
85013.8,135065.5,243725.4,306.5,0.55,-0.575,0.181,0.798
48301.6,108456.2,210580.6,194.5,0.32,-0.382,-0.265,0.884
16612.9,375.2,161875.5,109.1,0.94,-0.511,0.339,0.79
40216.5,107131.0,205211.3,156.6,0.72,-0.45,0.206,0.868
42455.6,120775.5,211496.1,311.0,1.4,-0.413,-0.444,0.795
-28223.4,14380.7,164168.6,307.6,1.57,0.49,-0.334,0.805
8549.1,85421.1,174369.3,109.4,0.14,0.794,0.203,0.576
15963.9,121580.9,200405.5,266.3,0.16,0.034,-0.755,0.655
-7783.0,-1061.6,158864.6,227.5,2.66,-0.211,-0.001,0.977
39076.5,112014.6,205912.2,71.8,0.46,-0.445,-0.317,0.837
54369.4,117928.2,218766.3,227.8,1.79,-0.643,0.219,0.733
83197.3,120286.6,242382.4,185.4,1.54,-0.299,-0.605,0.738
-20692.6,-1674.1,152345.7,48.2,0.36,-0.155,-0.318,0.935
29457.9,64299.7,165557.4,222.6,0.31,-0.528,0.038,0.848
4754.9,109020.3,203857.1,333.4,0.43,0.692,-0.456,0.61
84019.3,120638.3,243108.7,183.1,0.69,-0.504,-0.471,0.724
78335.8,121153.8,238091.8,274.2,0.17,-0.652,0.447,0.613
4599.0,-1523.3,158233.4,150.5,0.75,-0.144,0.131,0.98
77346.9,125958.7,242121.9,201.1,0.43,-0.769,0.287,0.572
3213.6,94075.2,181282.1,319.4,0.15,0.652,-0.395,0.648
62809.0,92337.0,217518.8,205.9,0.13,-0.493,0.615,0.616
10161.5,1324.7,158575.4,24.4,0.99,-0.294,0.39,0.873
69897.4,113396.0,227918.1,71.0,0.45,-0.595,-0.448,0.664
65867.5,118877.3,228030.8,244.1,0.66,-0.638,0.388,0.665
-26312.0,3185.9,153705.4,184.8,0.41,-0.257,-0.484,0.837
52501.1,120004.2,216868.4,0.9,2.74,-0.547,-0.089,0.833
33137.6,103505.1,202243.1,276.2,0.17,-0.728,0.294,0.619
37659.9,116865.8,206799.3,202.0,2.01,-0.582,-0.229,0.78
88777.0,123730.8,246346.2,134.5,0.13,0.757,0.224,0.612
88359.8,109533.6,241576.3,24.8,0.21,-0.763,-0.034,0.645
70970.6,131508.6,234374.8,312.4,0.22,-0.56,0.371,0.738
36609.5,110391.5,204010.8,148.9,0.3,-0.469,-0.269,0.841
-11794.6,4907.6,158256.2,118.7,0.75,0.001,0.01,1.0
38469.9,116114.9,206961.1,68.8,1.24,-0.442,-0.42,0.793
8875.3,88188.6,175243.8,179.3,0.23,0.499,-0.433,0.751
58683.1,101377.2,214365.6,138.1,0.46,-0.511,-0.144,0.847
89763.4,118307.7,240408.4,343.7,0.29,0.784,0.143,0.604
-21023.3,10845.8,159848.7,273.3,1.31,0.03,-0.144,0.989
68760.8,125198.2,236915.7,159.5,1.01,-0.304,-0.715,0.629
68023.1,126241.1,237112.0,208.0,0.22,-0.421,0.533,0.734
36893.8,110304.5,204150.0,309.0,0.43,-0.484,-0.262,0.835
93331.1,133402.0,244059.2,156.8,0.39,0.479,0.536,0.695
57514.9,116273.8,221327.5,171.4,0.14,-0.455,-0.65,0.612
40646.8,85844.5,192303.0,102.6,0.75,-0.285,-0.665,0.691
57333.2,119838.7,219958.1,236.2,0.44,-0.566,0.124,0.813
37144.6,109449.4,204051.0,47.8,0.41,-0.476,-0.205,0.855
39438.4,108782.7,205060.9,249.6,0.34,-0.381,-0.32,0.867
16953.2,115363.5,195344.2,192.6,1.17,-0.376,-0.473,0.797
29973.8,116404.3,201879.0,321.7,0.61,-0.407,-0.416,0.813
41297.4,104437.7,206103.2,197.7,0.57,-0.458,-0.081,0.885
7377.4,97694.6,181765.3,270.7,1.42,0.337,-0.384,0.859
2108.6,-2241.4,158286.1,289.5,0.3,-0.097,0.306,0.947
48941.1,119936.4,214377.1,33.2,0.26,-0.522,-0.383,0.759
66141.0,101455.6,220088.4,351.2,0.73,-0.647,0.091,0.757
57989.7,115815.1,221157.0,70.5,0.32,-0.609,-0.35,0.712
11119.8,97415.1,182574.6,136.0,0.2,-0.603,-0.356,0.714
88497.8,122447.5,246649.1,24.5,0.58,0.774,-0.03,0.635
57023.0,105183.5,214265.4,236.3,1.38,-0.527,-0.217,0.822
87838.8,122773.8,246673.9,167.8,2.02,-0.661,-0.158,0.721
-31934.2,-34550.1,139579.9,342.1,0.51,-0.042,-0.065,0.997
-29725.2,-5184.5,149082.4,118.5,0.37,-0.165,-0.24,0.957
40308.6,110776.4,206147.8,112.2,0.93,-0.421,-0.304,0.855
88118.0,127271.0,249530.8,141.2,0.36,0.443,0.226,0.859
91833.7,129946.8,248064.9,123.8,0.15,0.684,0.338,0.644
30351.6,134735.3,223347.2,146.5,2.48,0.37,0.432,0.821
52361.3,118658.0,216616.8,146.0,1.19,-0.598,0.251,0.761
18224.0,85668.4,176644.4,272.8,0.56,-0.017,-0.622,0.782
87797.1,126543.5,249757.9,72.3,0.54,0.311,0.202,0.922
29232.0,112784.8,199789.6,344.5,1.29,-0.621,-0.097,0.778
-12109.9,4960.1,158245.1,316.0,0.57,-0.009,0.026,1.0
55518.1,120470.2,218944.8,268.9,0.27,-0.511,-0.312,0.801
-8365.9,372.4,158766.7,119.1,0.3,-0.042,0.182,0.982
91174.2,130151.1,248554.1,75.6,0.13,0.517,0.595,0.617
64510.9,127596.4,235597.4,189.4,0.26,-0.421,0.419,0.796
14414.4,3709.9,159619.8,3.2,0.52,-0.602,0.223,0.764
-24373.2,-1886.0,151693.5,240.9,0.34,-0.133,-0.477,0.868
30940.0,109341.7,200312.9,165.7,1.21,-0.558,0.003,0.83
57462.3,112831.8,217774.0,240.2,0.2,-0.613,-0.341,0.712
22655.8,112452.7,195763.0,87.7,0.26,-0.463,-0.398,0.792
102221.0,135543.8,239828.0,13.6,0.16,0.503,0.545,0.665
84681.6,126775.3,247404.3,206.4,0.95,-0.43,-0.591,0.677
33264.9,110689.0,202002.1,279.2,2.62,-0.571,-0.087,0.817
5816.5,77449.4,168057.5,166.3,2.34,0.13,-0.549,0.826
50956.5,118293.0,215614.3,348.0,0.39,-0.628,0.028,0.776
-34583.9,14074.9,164771.4,327.4,0.53,0.339,-0.396,0.853
69038.1,124455.4,235947.1,207.7,0.31,-0.035,-0.828,0.561
17213.2,62689.2,161746.5,350.0,0.83,0.156,-0.411,0.898
39288.1,123986.2,213396.1,38.6,0.14,-0.493,-0.608,0.623
56513.3,124405.7,227645.4,179.9,1.57,-0.554,-0.414,0.722
59018.8,102798.0,214645.7,302.9,0.98,-0.587,-0.258,0.767
31644.3,108852.1,200677.5,260.0,2.64,-0.554,-0.131,0.822
88729.6,114838.5,244058.4,337.7,0.78,0.309,-0.304,0.859
49320.9,109016.2,211108.0,120.0,0.52,-0.285,-0.11,0.952
11104.2,99260.5,183481.2,234.7,0.22,-0.617,-0.267,0.74
76296.1,121776.2,235693.2,83.1,0.27,-0.597,-0.403,0.659
12734.2,94424.2,181298.9,289.0,0.77,-0.424,-0.541,0.72
8641.1,-5038.8,160868.6,255.9,0.3,-0.219,0.489,0.844
84247.9,125420.7,247169.1,42.4,0.2,-0.541,0.434,0.719
26950.6,114303.3,199171.4,183.8,0.27,-0.452,-0.386,0.804
87357.8,125252.8,249147.7,159.3,0.59,-0.075,-0.645,0.76
16370.4,59169.5,160388.8,308.6,0.53,0.115,-0.329,0.937
64945.4,112317.5,222633.1,288.7,0.27,-0.386,-0.442,0.81
19770.8,56859.9,159915.4,256.8,0.42,-0.17,-0.181,0.969
58657.3,116069.1,221974.1,212.4,0.2,-0.533,-0.585,0.612
88027.4,130708.2,247528.8,124.0,2.02,-0.629,0.302,0.716
58831.9,114985.9,221290.0,22.9,0.25,-0.554,-0.5,0.667
83830.7,119949.6,242480.0,63.2,0.23,-0.497,-0.479,0.724
-29440.0,-117639.0,139357.6,273.2,0.81,0.009,-0.017,1.0
59010.9,114586.7,221166.7,327.0,0.14,-0.316,-0.695,0.641
65487.3,115319.0,226029.4,255.7,0.11,-0.353,-0.726,0.591
15387.3,68544.6,164683.8,66.9,2.74,0.036,-0.404,0.914
87972.7,125414.6,249332.6,302.1,0.84,0.089,-0.821,0.574
34084.6,106490.3,201969.7,239.9,1.4,-0.722,0.136,0.676
17261.7,62773.3,161779.8,201.7,0.71,0.13,-0.423,0.897
16618.9,97662.3,185004.6,74.1,0.98,-0.742,-0.111,0.661
11432.6,82724.8,172081.2,319.0,0.82,-0.11,-0.498,0.859
77730.1,126888.9,242348.8,99.8,1.28,-0.666,-0.011,0.746
15033.2,65085.9,163125.1,263.7,1.74,0.14,-0.363,0.921
64424.8,97807.4,219851.9,20.4,1.8,-0.522,0.385,0.761
59905.6,128812.4,231650.8,219.3,0.17,0.141,0.762,0.63
10912.2,65701.8,163242.1,288.5,0.3,-0.063,-0.435,0.898
84823.7,126249.7,247446.4,341.7,0.21,-0.69,0.047,0.721
22449.2,108166.1,194541.0,250.8,0.18,-0.657,0.295,0.694
60766.1,114345.2,222485.5,156.3,0.11,-0.507,-0.633,0.586
-22060.5,-48748.8,139554.2,234.9,1.1,-0.305,-0.057,0.95
80101.3,111022.6,233712.1,142.3,0.33,-0.613,0.235,0.754
31533.1,112699.5,201480.7,355.7,0.87,-0.469,-0.413,0.78
35278.8,108402.3,202689.0,234.5,0.49,-0.502,-0.246,0.829
55637.9,118433.6,219686.2,61.5,0.49,-0.45,0.456,0.768
18214.0,85737.4,176701.3,13.5,0.63,-0.024,-0.616,0.787
12177.6,121080.2,199315.2,66.8,0.39,0.175,-0.753,0.637
22361.2,112699.8,195735.7,261.3,0.26,-0.55,-0.268,0.79
97596.0,113419.1,230755.7,77.6,0.23,0.662,0.328,0.674
-42081.6,-111150.6,139571.3,264.9,0.39,0.096,0.044,0.994
80082.5,104155.6,230750.4,246.0,0.23,-0.629,-0.327,0.706
69250.7,129283.8,234655.7,320.3,0.48,-0.716,0.119,0.688
67091.8,99130.5,221220.3,31.9,0.23,-0.599,0.357,0.716
58828.6,115733.7,221831.9,175.9,0.29,-0.59,-0.488,0.643
-30639.2,4090.8,153101.7,119.2,0.3,-0.368,-0.347,0.862
14992.2,57285.1,159687.0,302.9,0.3,-0.119,-0.361,0.925
-11125.1,-95785.0,143127.6,64.6,0.4,-0.185,0.123,0.973
5948.2,89904.1,176921.0,348.5,0.23,-0.07,-0.657,0.743
-17309.6,-120554.7,140385.4,272.3,0.46,-0.339,0.222,0.914
56422.0,119801.6,219344.0,3.5,1.72,-0.612,0.225,0.757
45937.1,113020.3,209772.0,90.0,2.72,-0.347,-0.424,0.836
46063.9,120248.7,212650.6,132.7,0.21,-0.383,-0.583,0.717
48311.9,120087.0,213979.2,30.4,0.5,-0.427,-0.651,0.629
46198.0,118520.1,212182.1,183.6,0.29,-0.542,-0.279,0.792
87055.3,127680.1,248971.9,148.3,0.51,-0.382,0.553,0.74
75845.8,120871.7,235685.9,14.9,1.26,-0.585,0.374,0.719
-29380.1,4447.4,153725.0,299.3,0.94,-0.255,-0.506,0.824
61390.0,130122.5,231516.6,273.1,0.1,-0.219,0.783,0.582
15244.7,107480.7,190234.0,241.1,0.52,-0.028,-0.644,0.764
65899.6,108808.1,220862.6,86.2,2.18,-0.41,-0.347,0.843
-19097.2,-111196.2,141557.3,173.2,0.31,-0.318,-0.028,0.948
38300.9,119892.8,208700.2,68.4,2.27,-0.424,-0.418,0.803
64602.9,92533.6,218761.1,129.2,1.62,-0.579,0.369,0.725
88661.0,127386.3,249008.6,190.3,0.67,0.351,-0.61,0.709
29894.9,111486.9,199876.9,74.0,0.3,-0.535,-0.278,0.798
34734.8,109532.8,202684.7,114.2,0.3,-0.484,-0.239,0.842
61110.8,114803.2,223050.3,69.1,1.14,-0.558,-0.495,0.667
53768.9,114932.3,214363.7,127.3,0.9,-0.571,-0.201,0.796
25992.3,1485.9,166999.6,194.0,0.43,-0.514,0.296,0.804
88656.5,122487.7,246462.9,279.2,0.99,0.797,-0.038,0.601
57673.2,110340.1,216983.7,233.7,0.68,-0.491,-0.364,0.791
88321.3,141036.9,244984.5,350.1,0.83,-0.456,0.157,0.873
84286.9,105517.6,235521.0,306.4,0.13,-0.791,-0.086,0.607
59856.1,119240.1,222418.0,87.4,0.31,-0.53,0.47,0.706
82761.1,125123.3,245571.0,251.4,1.28,-0.736,0.118,0.667
52982.6,127813.0,232546.7,82.2,2.14,-0.435,-0.031,0.882
33752.7,106963.9,201319.5,74.2,0.23,-0.655,0.147,0.74
51090.3,129057.2,231308.8,158.2,0.44,0.267,0.751,0.605
79111.6,103002.4,229586.3,88.6,0.27,-0.572,0.106,0.813
87112.7,139262.9,243779.9,58.9,0.19,-0.718,0.067,0.692
88417.3,126662.3,249226.1,353.1,0.1,0.823,0.085,0.563
29672.0,113645.3,200369.1,223.8,2.11,-0.6,-0.201,0.774
43275.3,99128.6,204985.6,322.0,0.31,-0.573,-0.276,0.772
10570.9,80386.9,170750.4,214.2,0.32,-0.318,-0.341,0.885
39448.6,108902.1,205119.9,111.8,0.33,-0.383,-0.32,0.866
54926.4,119862.5,218236.4,254.5,0.78,-0.52,-0.1,0.848
14959.5,55301.2,158898.5,82.6,0.39,-0.177,-0.381,0.908
-11149.7,-20494.2,151100.8,229.7,0.32,-0.496,-0.096,0.863
64641.8,129194.1,234216.8,4.6,0.25,0.359,0.743,0.571
84960.8,129378.6,247012.0,279.1,0.6,-0.242,0.514,0.823
42081.5,111997.4,207474.5,67.1,0.3,-0.433,-0.318,0.843
34165.7,107101.0,201737.9,114.0,0.21,-0.656,0.221,0.721
89528.9,136172.4,246867.7,64.0,2.14,-0.373,0.162,0.902
85894.5,122085.2,245056.7,296.7,1.33,-0.721,0.266,0.64
22655.9,112730.5,195921.3,111.2,0.33,-0.494,-0.328,0.805
-18412.8,6363.7,158252.6,184.6,0.5,-0.261,-0.36,0.895
82257.0,127420.7,247032.5,282.5,0.24,-0.359,0.535,0.765
94871.1,130109.3,247129.9,298.0,1.35,-0.116,0.601,0.788
70326.8,107882.0,223950.8,183.6,0.17,-0.663,-0.319,0.676
-24485.9,-5534.1,149909.0,9.7,1.55,-0.272,-0.154,0.948
69194.1,110916.8,224520.3,194.2,0.89,-0.506,-0.543,0.669
41867.0,104614.5,206458.4,325.9,0.46,-0.376,-0.141,0.916
96561.9,137221.1,239836.5,253.4,0.1,0.432,0.711,0.554
49319.7,129664.1,230735.2,247.2,1.42,-0.349,0.55,0.757
63211.4,125924.7,234552.0,61.3,0.8,-0.389,-0.501,0.773
88497.5,123461.5,246783.0,186.5,0.18,0.745,0.055,0.663
62658.1,114409.6,223973.5,266.0,0.12,-0.126,-0.796,0.591
61999.5,115808.5,224704.1,54.0,0.38,-0.469,-0.328,0.82
19776.8,112768.5,194740.9,76.2,0.24,-0.064,-0.653,0.754
15348.2,106922.2,189715.1,155.9,0.24,0.044,-0.639,0.768
87866.3,134209.2,245997.1,180.8,1.86,-0.567,0.261,0.781
85271.0,118047.8,241754.7,135.4,0.16,-0.557,-0.537,0.633
89835.7,117617.4,240686.4,78.6,0.12,0.719,0.337,0.609
60247.1,98774.0,215352.4,79.9,1.48,-0.703,0.158,0.692
30117.2,110072.1,199543.3,116.3,1.27,-0.652,0.07,0.754
29868.5,110534.8,199429.9,43.4,1.08,-0.438,-0.378,0.814
54874.5,128208.1,233404.0,49.1,0.52,-0.594,0.554,0.581
56458.3,118353.1,220095.3,124.6,1.6,-0.457,0.477,0.751
-30059.9,3632.6,153060.5,47.4,0.84,-0.284,-0.517,0.807
38082.6,107441.2,204310.5,11.6,1.01,-0.39,0.057,0.918
15254.8,57456.6,159777.4,125.8,0.64,-0.055,-0.378,0.924
58667.0,115096.1,221288.9,217.3,0.34,-0.488,-0.496,0.718
75073.8,114286.5,232469.4,308.7,0.94,-0.443,-0.578,0.686
58493.1,116368.1,222250.0,209.9,0.2,-0.532,-0.466,0.707
54908.2,128009.5,233588.3,259.5,1.04,-0.655,0.317,0.683
-27742.7,5563.6,155052.0,4.4,1.84,-0.275,-0.505,0.818
36576.4,105010.0,204227.9,4.3,1.24,-0.488,0.454,0.746
22112.3,112203.0,195295.0,342.4,0.39,-0.473,-0.341,0.812
43045.2,102249.9,205774.9,173.3,0.84,-0.142,-0.498,0.854
16081.5,-1321.6,162411.2,110.0,0.5,-0.467,0.401,0.788
75863.8,128438.5,239675.2,184.8,0.83,-0.669,0.476,0.571
47418.9,112273.5,210104.2,176.4,0.55,-0.403,-0.268,0.875
46968.0,107874.7,209668.5,242.1,1.97,-0.581,-0.372,0.724
48298.8,102789.9,208716.4,39.4,0.54,-0.516,-0.277,0.81
87560.8,117524.3,243662.3,203.4,0.37,-0.391,-0.644,0.656
76694.2,113620.7,232613.5,63.8,0.5,-0.168,-0.763,0.624
87034.3,125282.3,249068.2,181.0,0.46,-0.296,-0.57,0.766
-19560.3,5220.8,157306.6,182.5,0.3,-0.214,-0.48,0.85
16225.2,94390.1,183417.3,183.1,0.19,-0.742,-0.269,0.616
88670.3,124185.7,246206.7,37.5,0.32,0.754,0.138,0.639
47946.8,104520.4,209032.3,151.5,0.28,-0.526,-0.196,0.827
75210.0,128384.3,239022.5,319.1,1.82,-0.616,0.227,0.754
19557.3,111260.0,193645.0,244.9,0.75,-0.256,-0.482,0.838
88037.2,122958.6,246805.5,95.9,2.03,-0.217,-0.344,0.894
88333.3,126464.0,249374.2,100.1,0.24,0.796,0.109,0.601
89001.9,123865.8,245996.1,114.9,0.15,0.759,0.205,0.618
24125.6,111549.7,196145.7,97.0,2.5,-0.462,-0.406,0.789
40915.4,104803.6,205962.5,150.5,0.48,-0.373,-0.015,0.927
32297.6,59193.3,166617.8,247.4,0.76,-0.555,-0.115,0.824
31037.2,112959.1,201310.4,17.3,0.29,-0.525,-0.343,0.779
15608.5,107611.4,190323.9,197.8,0.23,0.048,-0.661,0.749
67718.3,127217.7,235718.2,124.2,0.12,0.48,0.68,0.553
57760.3,101066.1,213622.4,106.1,0.32,-0.545,-0.182,0.818
-30461.8,-36357.9,139778.2,267.6,0.31,-0.229,0.006,0.973
86153.7,126085.8,248571.1,29.3,0.74,-0.629,0.221,0.745
86276.4,126620.7,248731.6,84.0,0.85,-0.653,-0.259,0.711
-25160.9,-109203.2,139692.9,192.1,0.41,-0.082,-0.033,0.996
60683.5,114965.0,222919.3,256.6,0.53,-0.452,-0.497,0.74
89605.1,125245.1,245571.1,151.2,0.24,0.804,-0.211,0.555
-20081.5,17234.2,158981.8,325.1,0.44,0.234,0.057,0.97
59347.1,101524.3,214781.6,267.4,0.39,-0.599,-0.118,0.792
-208.5,-6378.1,159376.7,304.7,2.64,-0.155,0.086,0.984
38019.7,86084.2,192091.4,259.3,0.13,-0.032,-0.782,0.623
29763.4,118402.9,202596.7,189.2,0.26,-0.606,-0.119,0.786
36467.9,109427.1,203674.0,106.9,2.38,-0.482,-0.224,0.847
-27929.5,16712.8,164179.3,268.9,0.36,0.473,0.334,0.815
81661.2,124861.2,244274.0,308.2,0.11,-0.812,0.153,0.564
-29300.9,2752.0,152766.0,96.3,0.28,-0.256,-0.504,0.825
60669.3,115750.1,223441.2,200.5,0.53,-0.619,-0.469,0.629
84098.5,125523.7,246999.3,264.9,1.31,-0.56,0.447,0.697
58534.8,90910.9,213504.8,339.4,0.41,-0.781,-0.281,0.557
88330.2,123789.2,246801.4,48.6,0.2,0.809,0.125,0.573
29510.7,109294.3,199138.6,106.0,1.0,-0.661,0.091,0.745
80404.6,132838.6,241648.7,331.9,0.5,0.077,0.685,0.721
35283.3,128440.2,216638.2,24.8,0.13,-0.128,-0.799,0.588
35650.4,110480.0,203503.3,180.2,2.82,-0.511,-0.265,0.818
-35559.0,15452.5,165474.8,63.1,1.55,0.313,-0.391,0.865
24415.8,112931.0,197011.4,35.5,0.37,-0.451,-0.379,0.808
39518.6,110636.6,205663.1,70.4,0.29,-0.47,-0.271,0.84
95630.4,128291.6,246365.5,343.7,0.15,0.608,-0.462,0.642
40073.5,123992.7,214148.4,287.7,0.29,-0.461,-0.533,0.709
89153.1,124942.8,246105.8,27.8,0.7,0.719,-0.398,0.572
82255.2,108001.2,234260.2,75.9,0.09,-0.539,-0.628,0.561
22033.3,50968.7,159396.0,351.2,0.32,-0.459,-0.084,0.884
76504.2,137512.6,236660.7,77.0,0.64,-0.659,0.258,0.681
41280.9,111063.2,206722.5,218.7,0.48,-0.424,-0.322,0.846
77827.1,131560.8,239963.3,30.5,0.17,-0.091,0.737,0.669
83222.6,128580.3,246731.1,293.6,0.26,-0.49,0.386,0.782
32131.9,111192.6,201268.0,358.6,1.17,-0.548,-0.14,0.824
90668.5,130392.2,248898.0,315.3,0.78,0.618,0.492,0.614
63234.3,120308.0,224603.4,12.0,1.08,-0.514,0.423,0.746
41244.9,104651.5,206088.6,174.0,0.36,-0.477,-0.075,0.875
80779.1,135885.8,240559.0,274.2,1.52,-0.46,0.338,0.82
41301.9,104657.4,206122.5,108.2,1.08,-0.495,-0.081,0.865
22116.8,50570.2,159482.8,207.2,0.94,-0.503,-0.087,0.86
79605.1,102024.9,230035.4,105.9,1.18,-0.593,-0.112,0.797
67688.9,116445.5,229335.6,111.3,1.06,-0.694,0.145,0.702
81382.3,109759.3,235046.5,79.2,0.29,-0.584,-0.05,0.808
-19020.4,5390.2,157516.5,344.1,0.4,-0.261,-0.577,0.773
64078.0,127900.4,235299.7,294.2,0.35,-0.537,0.088,0.838
94686.1,106565.6,231406.2,356.3,1.11,0.669,-0.387,0.635
33835.1,111673.1,202559.3,100.8,0.47,-0.561,-0.111,0.821
66459.0,112120.1,223133.3,10.2,1.46,-0.458,-0.6,0.657
67982.9,119366.5,229077.7,291.7,0.7,-0.608,0.456,0.65
15009.2,58019.3,159995.9,200.6,0.3,-0.155,-0.399,0.903
64611.2,119598.7,226057.5,84.9,0.43,-0.498,0.46,0.735
62860.4,107683.8,218808.9,38.4,0.37,-0.566,-0.356,0.744
-35883.6,-114929.6,140608.4,319.9,0.97,-0.0,0.026,1.0
88577.2,123769.5,246548.6,151.2,0.41,0.74,0.269,0.617
38678.1,124898.7,214237.3,45.5,0.46,-0.212,-0.803,0.557
12539.9,124354.1,204484.1,162.8,0.14,0.381,-0.67,0.637
69398.8,116010.0,230860.1,156.9,0.19,-0.686,-0.149,0.702
77529.6,121097.9,237271.8,174.9,0.11,-0.675,0.438,0.594
32362.6,115865.7,203004.9,227.4,0.34,-0.554,-0.274,0.785
-30142.7,151.5,151029.4,274.6,0.44,-0.273,-0.307,0.912
76667.8,105896.7,228356.3,345.6,2.06,-0.579,-0.285,0.764
-30163.8,4259.5,153318.5,82.1,1.83,-0.406,-0.324,0.855
87361.2,120246.3,245566.5,176.6,0.22,-0.331,-0.624,0.708
97239.7,116075.3,229375.7,120.1,0.27,0.644,0.223,0.732
42960.0,102075.3,205665.6,93.2,0.73,-0.15,-0.507,0.846
28624.5,114584.3,200200.0,178.4,0.62,-0.43,-0.445,0.786
-35353.9,2947.1,150759.1,129.9,1.01,-0.112,-0.576,0.809
85204.4,122531.5,244115.1,107.6,0.25,-0.621,-0.275,0.721
23701.5,116378.5,198320.9,201.6,0.84,-0.218,-0.575,0.788
29058.2,111761.6,199486.2,98.3,0.38,-0.525,-0.343,0.778
10678.2,79904.8,170621.1,64.9,0.39,-0.302,-0.357,0.883
15903.1,114958.4,194684.9,217.7,1.83,-0.316,-0.499,0.807
-31146.8,3957.2,152756.4,246.9,2.69,-0.332,-0.487,0.807
91823.0,143051.5,243104.7,28.9,1.27,0.324,0.595,0.736
11908.7,83537.6,172491.6,17.6,0.82,0.102,-0.502,0.859
58902.1,120727.9,221231.8,286.9,1.86,-0.499,-0.262,0.823
88357.9,126282.6,249287.3,338.2,0.41,0.781,0.15,0.608
28953.7,109911.1,198632.4,226.0,0.31,-0.557,-0.182,0.809
32690.0,110515.7,201593.7,75.6,0.86,-0.558,-0.054,0.828
38709.7,110069.4,205064.8,318.2,2.56,-0.468,-0.216,0.857
72898.7,125474.6,239151.3,82.1,2.19,-0.452,0.039,0.889
59864.3,116135.5,222905.7,12.2,0.23,-0.544,-0.373,0.752
93724.1,129006.8,248111.1,149.8,0.29,0.477,0.338,0.807
-25212.0,8130.8,157592.7,315.4,0.3,-0.329,-0.445,0.833
34615.4,109279.5,202548.4,283.8,0.42,-0.484,-0.224,0.846
48486.5,101876.5,208582.9,87.4,0.31,-0.434,-0.247,0.866
57780.4,125207.5,229201.1,95.0,0.2,-0.63,-0.305,0.714
87518.2,131155.1,246992.0,147.8,1.96,-0.583,0.24,0.776
89181.4,129041.1,249221.9,117.4,1.39,-0.639,0.328,0.693
35319.3,118225.7,206078.6,162.6,0.15,-0.558,-0.582,0.592
62161.1,92398.9,217010.1,308.5,0.19,-0.572,0.517,0.637
71711.3,124115.9,237288.9,39.9,0.14,-0.283,-0.733,0.618
46672.5,103777.2,208183.2,219.2,0.37,-0.508,-0.225,0.831
12562.2,59939.1,160626.1,160.2,0.32,-0.015,-0.411,0.912
20430.5,6949.5,161674.4,133.1,0.33,-0.372,0.356,0.856
88498.3,123758.8,246625.4,302.9,0.4,0.751,0.244,0.613
104479.1,117780.3,222317.3,209.5,0.18,0.486,0.536,0.69
19802.6,112762.8,194735.0,191.8,0.24,-0.067,-0.65,0.757
36800.3,110443.6,204138.7,335.7,0.41,-0.479,-0.266,0.836
37476.0,109133.5,204172.6,43.1,2.67,-0.499,-0.145,0.854
63260.8,112726.7,222099.4,269.6,1.59,-0.261,-0.57,0.779
88776.1,122965.2,246136.9,187.4,0.1,0.823,-0.003,0.567
86231.2,127614.2,248630.6,321.9,0.25,-0.356,0.507,0.784
83082.3,120211.2,242295.0,250.8,0.94,-0.297,-0.623,0.723
85397.9,109604.0,238299.2,18.5,0.55,-0.43,-0.565,0.704
-34516.7,-15234.9,143633.6,150.8,0.31,-0.187,-0.211,0.959
57696.8,92083.5,212117.2,229.9,0.16,-0.708,-0.229,0.661
35160.1,106462.3,203128.3,114.7,0.5,-0.684,0.39,0.617
47263.8,102993.8,208236.7,87.2,0.3,-0.43,-0.249,0.868
69953.3,112993.1,227791.7,274.5,0.72,-0.66,-0.311,0.684
97277.3,110444.8,232504.6,39.9,1.52,0.412,-0.343,0.81
21656.6,110824.9,194336.3,104.7,1.86,-0.409,-0.588,0.698
65994.0,105543.8,220716.3,143.8,0.31,-0.64,-0.092,0.762
38137.5,108239.1,204381.5,61.6,0.3,-0.407,-0.142,0.902
34098.8,109484.2,202324.8,277.3,2.51,-0.493,-0.222,0.841
82773.4,121506.3,242075.0,353.9,0.2,-0.624,0.393,0.675
83127.5,119603.5,241660.2,305.5,0.58,-0.351,-0.658,0.666
12295.3,2594.9,158633.8,318.3,0.54,-0.355,0.341,0.87
58687.6,110967.2,217502.9,303.7,0.33,-0.623,-0.048,0.768
59338.8,113821.8,220373.4,250.7,0.26,-0.271,-0.546,0.792
41175.5,46306.2,168590.3,47.8,0.37,-0.505,0.397,0.766
83829.2,140078.6,240966.0,268.1,0.25,-0.712,0.098,0.695
41620.1,105483.4,206378.6,130.6,1.06,-0.503,-0.009,0.864
38577.1,113334.7,206086.9,185.6,0.51,-0.491,-0.252,0.834
88226.0,123073.4,246948.5,239.1,0.37,0.437,-0.203,0.86
95856.4,129822.1,246681.6,189.1,0.64,0.524,0.582,0.621
9854.7,85225.2,173378.7,83.2,1.37,0.337,-0.279,0.899
77818.7,111554.6,231580.1,48.6,0.39,-0.621,-0.121,0.774
89942.2,124502.5,245082.9,113.5,0.26,0.688,-0.293,0.661
37762.4,110462.2,204667.3,272.6,0.32,-0.467,-0.255,0.847
7500.8,-15550.0,161632.3,104.6,1.16,-0.29,-0.012,0.956
90294.6,125348.2,244711.1,352.6,1.08,0.677,-0.406,0.612
-29841.1,-5008.3,149103.9,135.8,0.9,-0.159,-0.195,0.968
32529.4,110287.4,201475.5,165.5,1.52,-0.553,-0.067,0.83
50282.5,129742.1,230970.3,185.8,0.21,0.136,0.696,0.702
38825.6,115444.4,206777.2,142.1,0.88,-0.411,-0.418,0.81
88685.2,122740.9,246351.6,169.4,0.11,0.792,0.092,0.603
44573.5,119299.9,211412.9,136.1,0.66,-0.385,-0.356,0.85
1166.2,99675.7,187585.6,108.1,0.12,-0.078,-0.788,0.612
65945.9,128477.9,234338.5,12.2,0.1,-0.212,0.788,0.577
65262.9,113608.8,224185.1,266.5,0.32,-0.085,-0.827,0.557
74684.3,121373.7,234243.3,277.9,2.18,-0.535,-0.272,0.74
31600.7,118084.0,203588.6,235.0,0.29,-0.381,-0.445,0.811
71726.0,124902.8,238427.1,111.7,0.14,-0.464,-0.626,0.628
76539.2,120765.7,236371.8,272.9,0.63,-0.691,0.254,0.676
12742.2,56093.8,158979.9,345.5,0.4,-0.235,-0.443,0.865
-20814.3,-1469.6,152372.6,90.8,0.42,-0.073,-0.343,0.936
76952.5,120810.7,236765.7,272.7,0.55,-0.696,0.34,0.633
96409.5,105460.1,229276.0,228.2,0.82,0.712,-0.174,0.681
59867.3,116236.7,222994.0,110.7,0.22,-0.551,-0.399,0.733
71356.2,125886.3,237891.8,84.5,0.83,-0.486,0.479,0.731
20642.7,108564.5,193019.1,65.4,0.98,-0.642,0.021,0.766
-3072.4,81993.7,181235.0,119.8,0.27,-0.075,-0.594,0.8
58353.6,115410.4,221288.4,344.8,0.82,-0.509,-0.405,0.759
31610.8,121287.6,206229.0,258.0,0.8,0.179,-0.784,0.595
45752.9,102059.5,207269.0,319.0,2.13,-0.44,-0.335,0.833
57475.3,109681.9,216539.3,342.6,0.18,-0.611,-0.424,0.668
105408.6,110183.6,221410.2,0.7,0.14,0.76,0.211,0.616
60951.4,126146.3,234144.3,300.0,1.88,-0.492,-0.133,0.844
-25695.6,-25208.5,143159.1,50.8,0.63,-0.011,-0.237,0.971
34283.4,110822.9,202742.7,67.5,0.87,-0.549,-0.168,0.819
27634.8,108224.9,197904.6,114.5,0.9,-0.522,0.371,0.768
59707.0,105340.4,216014.7,322.1,2.18,-0.539,-0.105,0.836
-27520.4,-11179.0,147488.2,260.8,1.24,-0.287,-0.099,0.953
66560.2,111424.0,222667.6,82.2,1.27,-0.442,-0.527,0.726
45386.3,95813.0,202666.9,131.9,0.23,-0.339,-0.705,0.624
-2531.1,104207.2,202484.3,328.4,1.02,0.329,-0.733,0.596
34513.8,110665.8,202846.3,304.5,0.51,-0.544,-0.193,0.817
63405.9,119923.7,224938.3,287.8,0.23,-0.473,0.458,0.753
18221.2,58602.3,160141.2,304.1,0.73,-0.101,-0.312,0.945
89323.3,129464.7,248972.3,313.8,0.23,-0.541,0.426,0.725
97061.8,122608.8,232384.7,104.7,1.96,0.52,0.11,0.843
42581.1,95568.3,201717.3,205.6,1.31,0.168,-0.632,0.756
36013.5,110364.0,203675.6,105.4,1.74,-0.455,-0.298,0.839
-27967.8,1158.2,152168.0,264.2,0.54,-0.233,-0.404,0.885
15322.1,5383.3,159586.5,314.3,0.61,-0.606,-0.029,0.795
58906.7,121223.9,221492.1,229.9,0.59,-0.495,-0.36,0.791
16508.0,65813.0,163310.1,132.0,1.82,0.045,-0.495,0.868
-29962.4,1321.1,151702.9,158.4,0.82,-0.3,-0.511,0.805
86706.8,118601.1,244232.3,247.3,0.9,-0.532,-0.526,0.664
16020.7,95358.2,183425.3,119.3,0.17,-0.763,-0.278,0.583
-31999.1,-14433.0,144424.8,349.8,0.38,-0.382,-0.348,0.856
80680.9,127691.7,246033.5,260.9,0.9,-0.261,0.635,0.725
56065.1,114256.5,216098.9,47.1,0.31,-0.651,-0.399,0.646
85395.4,104018.6,236952.4,278.0,0.13,-0.806,-0.027,0.592
39732.7,105412.8,205664.1,154.8,0.3,-0.069,0.055,0.996
35842.6,103269.6,204972.6,247.5,0.92,-0.469,0.593,0.654
68827.9,95764.3,222961.8,157.6,0.14,-0.364,-0.667,0.642
62982.9,125553.7,234208.2,97.7,0.19,-0.578,-0.493,0.654
80545.3,121641.9,240280.3,80.9,0.15,-0.627,0.435,0.646
88587.5,123641.6,246613.9,229.7,0.82,0.745,0.208,0.634
87497.8,122454.9,246329.7,0.7,0.46,-0.741,0.097,0.665
36539.4,110003.8,203858.7,309.3,0.76,-0.467,-0.234,0.852
78764.6,134412.4,239140.2,148.5,1.72,-0.568,-0.301,0.765
63543.6,114650.5,224583.9,307.1,0.08,-0.223,-0.799,0.558
59340.4,115902.7,222473.3,357.0,0.21,-0.609,-0.331,0.721
74987.5,124769.1,240338.0,282.9,0.41,-0.506,-0.566,0.654
52777.9,87468.8,205408.2,180.4,0.81,-0.02,-0.691,0.723
60577.9,115429.3,223127.4,212.3,0.95,-0.504,-0.482,0.716
62879.8,114506.5,224225.0,182.8,0.08,-0.1,-0.826,0.554
87355.8,125513.3,249445.5,335.5,0.2,-0.198,-0.68,0.705
-28180.0,-24967.9,143046.1,306.0,0.3,-0.238,-0.222,0.946
23149.9,49401.2,159734.6,350.9,0.32,-0.42,-0.151,0.895
70673.0,95013.4,225217.5,264.8,0.7,-0.7,0.384,0.602
29887.5,110140.1,199335.5,104.8,0.9,-0.614,-0.028,0.787
71620.3,120191.8,231883.7,269.1,0.24,-0.605,0.411,0.682
18176.0,58935.3,160261.0,182.9,0.35,-0.042,-0.325,0.945
2143.1,-2303.9,158306.3,274.1,0.3,-0.096,0.297,0.95
77319.7,104160.2,228493.7,26.0,1.97,-0.477,-0.265,0.838
59134.5,114072.3,220524.0,277.8,0.19,-0.089,-0.71,0.698
15785.2,67030.1,163908.0,85.6,1.85,0.042,-0.462,0.886
45753.5,118418.6,211883.4,278.9,0.28,-0.498,-0.272,0.824
60947.0,107799.8,217765.0,319.7,0.27,-0.507,-0.333,0.795
42966.7,104307.3,206770.5,330.3,1.01,-0.224,-0.258,0.94
59325.4,112715.5,219783.4,45.0,0.3,-0.38,-0.439,0.813
88186.8,120586.8,246220.9,229.9,0.26,-0.222,-0.552,0.797
13055.9,106838.6,188642.4,13.8,1.98,-0.356,-0.51,0.783
66855.5,111634.3,222991.6,3.7,0.52,-0.419,-0.564,0.712
40411.8,119173.8,209573.8,51.4,0.42,-0.499,-0.336,0.798
9244.6,85838.6,173857.9,144.7,0.32,0.406,-0.375,0.833
78751.7,107260.4,230713.1,104.0,0.16,-0.582,-0.488,0.65
57534.6,115720.7,220732.6,243.4,0.19,-0.726,-0.416,0.556
12771.6,94009.8,180826.6,279.0,1.16,-0.204,-0.744,0.634
61058.8,114941.7,223107.9,307.2,0.53,-0.55,-0.474,0.687
83218.3,128253.5,246848.4,215.8,0.26,-0.446,0.437,0.781
9551.8,125274.3,207007.6,181.5,0.1,0.366,-0.732,0.579
36113.9,112242.0,204267.3,345.2,0.45,-0.543,-0.178,0.821
72279.8,113622.0,230575.5,305.0,0.21,-0.427,-0.602,0.675
86358.7,126148.7,248716.7,338.1,0.35,-0.655,0.132,0.741
21820.2,119529.5,200276.3,32.8,1.16,-0.505,-0.295,0.811
58174.8,107317.5,215680.8,267.5,1.79,-0.401,-0.398,0.824
18403.2,58781.4,160229.1,344.0,0.44,-0.142,-0.297,0.944
83440.8,120476.4,242622.5,280.2,0.51,-0.381,-0.51,0.771
41413.9,111286.3,206872.8,29.5,1.03,-0.432,-0.315,0.845
18967.4,112290.7,194258.8,33.1,0.22,-0.032,-0.683,0.73
59413.3,115172.3,222328.5,85.5,0.1,-0.664,-0.471,0.581
24564.4,111982.1,196611.3,200.4,0.5,-0.428,-0.369,0.825
26143.1,116283.8,199235.0,131.7,0.55,-0.476,-0.405,0.777
55384.1,119090.9,219028.8,229.0,1.43,-0.453,0.557,0.696
13120.0,64930.8,162976.3,66.5,0.94,-0.137,-0.41,0.902
88759.1,122655.3,246345.8,156.7,0.5,0.789,0.061,0.609
37199.8,109464.8,204087.7,251.9,0.46,-0.475,-0.203,0.856
94317.0,106149.9,231610.3,275.4,0.31,0.757,-0.19,0.625
88942.5,115849.9,243905.2,85.7,0.39,0.615,0.334,0.726
15778.5,94630.5,182702.6,305.5,0.14,-0.794,-0.211,0.571
71302.4,113522.6,229581.4,271.8,0.24,-0.628,-0.419,0.655
84279.5,131777.9,245010.7,209.1,1.61,-0.261,0.53,0.806
60463.7,115138.0,222855.2,355.4,0.23,-0.472,-0.451,0.758
61441.6,115131.4,223668.1,317.1,0.11,-0.703,-0.377,0.603
25761.8,118943.9,200806.7,242.0,0.46,-0.275,-0.55,0.788
58679.2,97472.6,213297.1,190.8,0.16,-0.828,0.015,0.561
12591.8,84644.7,173157.9,161.3,0.25,-0.051,-0.625,0.778
109414.2,130332.6,214659.8,187.1,0.15,0.598,-0.474,0.646
38622.0,109888.3,204976.8,356.0,1.03,-0.48,-0.208,0.853
36549.7,107629.0,203621.6,345.6,0.46,-0.41,0.243,0.879
82782.7,120903.8,242354.2,272.7,1.07,-0.582,0.096,0.808
72126.1,123770.1,237002.6,276.8,0.15,-0.317,-0.696,0.645
59388.8,105511.1,215817.7,53.7,0.3,-0.47,-0.174,0.865
10483.2,1053.3,158819.0,169.8,0.67,-0.292,0.442,0.848
76822.4,130162.7,240391.5,156.6,1.1,-0.641,-0.199,0.742
90239.6,125486.9,244835.8,32.7,0.17,0.643,-0.478,0.598
37791.0,109234.0,204377.6,169.1,0.31,-0.502,-0.151,0.852
98071.9,105348.4,227224.9,224.3,0.09,0.73,-0.376,0.566
86910.0,125083.7,248904.8,4.7,0.22,-0.332,-0.576,0.747
54732.3,119884.0,218139.3,354.0,0.3,-0.509,-0.144,0.845
17205.0,98460.7,185924.2,304.6,0.68,-0.608,-0.251,0.753
30084.7,111704.3,200085.7,319.0,0.53,-0.531,-0.317,0.785
87053.0,124937.7,248858.5,21.4,0.29,-0.325,-0.583,0.745
36578.6,109363.8,203717.5,341.2,0.34,-0.481,-0.221,0.848
16751.7,66309.7,163535.0,82.2,0.3,0.127,-0.439,0.889
16963.0,95701.6,184892.6,235.2,0.24,-0.729,-0.222,0.648
65640.0,113848.0,224482.6,219.6,0.68,-0.089,-0.753,0.653
38033.1,125428.3,214960.5,117.7,0.09,-0.282,-0.769,0.572
69547.5,119484.3,230646.1,102.8,0.38,-0.639,0.359,0.68
23589.6,112927.2,196537.5,205.4,0.79,-0.448,-0.372,0.813
80935.6,129376.5,244708.1,68.0,0.28,-0.106,0.549,0.828
40299.0,105491.0,205691.5,224.3,0.49,-0.245,0.052,0.968
71959.3,122150.5,234450.5,266.2,0.12,-0.476,-0.637,0.607
24267.3,117983.4,199664.5,110.7,2.3,-0.117,-0.613,0.781
46792.8,101569.7,207653.1,282.1,0.34,-0.438,-0.28,0.854
62156.1,114471.0,223938.7,96.9,0.31,-0.343,-0.636,0.691
64935.8,127594.6,235646.7,84.5,0.69,0.109,0.699,0.706
34685.0,106611.8,202477.1,216.6,1.63,-0.669,0.307,0.677
68434.8,114595.5,227968.1,84.7,1.59,-0.635,-0.349,0.688
92570.2,133345.9,244656.0,286.0,0.66,0.563,0.509,0.651
87911.2,123388.7,247366.1,167.9,0.42,0.383,-0.525,0.746
81298.7,135861.2,240882.2,196.5,0.18,-0.642,0.339,0.687
79432.3,128582.0,244829.0,59.8,1.22,-0.494,0.548,0.675
55286.1,123817.8,226142.4,18.1,0.63,-0.576,-0.564,0.592
63549.8,98904.5,218586.3,183.0,0.18,-0.597,0.422,0.681
88336.8,122098.9,246891.8,169.2,0.33,0.586,-0.055,0.806
26534.3,99397.4,198962.1,149.4,2.53,-0.446,0.337,0.823
88013.3,123145.4,247027.0,174.3,0.29,0.124,-0.574,0.799
58893.3,114866.9,221226.9,229.6,0.16,-0.543,-0.523,0.656
87174.7,124473.5,248439.4,207.1,0.14,-0.227,-0.733,0.641
38387.6,111047.9,205185.8,161.3,1.3,-0.446,-0.271,0.853
-29295.9,-4503.9,149326.0,37.3,0.34,-0.324,-0.39,0.861
58060.8,115746.6,221217.5,161.2,0.21,-0.617,-0.322,0.718
25708.7,119243.5,200989.1,213.8,0.32,-0.271,-0.532,0.802
88440.6,126909.7,249040.8,181.2,0.31,0.802,-0.012,0.597
70812.2,110095.1,225259.5,15.5,0.71,-0.647,-0.259,0.713
80428.7,133999.0,240676.7,19.6,0.2,-0.595,0.395,0.693
86948.7,124679.5,248610.1,37.5,0.39,-0.363,-0.641,0.676
54199.1,117682.2,218710.1,277.7,0.26,-0.67,-0.012,0.74
89070.1,132812.4,247490.0,60.2,1.32,-0.485,0.32,0.814
59592.1,107245.0,216630.6,335.3,0.72,-0.592,-0.218,0.775
-25053.8,-6847.7,149421.4,257.3,2.81,-0.26,-0.268,0.927
5315.0,-4071.1,159288.9,83.8,0.85,-0.094,0.402,0.911
25063.8,112491.2,197123.6,133.3,0.24,-0.459,-0.458,0.761
16655.4,99446.5,185785.6,96.3,0.24,-0.625,-0.152,0.766
77412.8,125032.6,242344.2,249.4,0.53,-0.494,-0.598,0.626
5867.2,88960.1,176734.3,328.3,0.16,0.742,0.11,0.661
37066.4,110018.7,204162.4,313.2,1.83,-0.483,-0.242,0.842
35953.8,110676.4,203796.1,62.2,1.48,-0.47,-0.274,0.839
80530.6,103249.6,230947.6,92.1,0.24,-0.711,-0.199,0.674
78037.7,105466.9,229277.5,1.6,0.96,-0.672,-0.222,0.706
60318.0,114899.9,222677.8,281.1,0.2,-0.416,-0.561,0.717
46938.7,106001.3,208980.1,108.7,0.23,-0.638,-0.173,0.75
34185.4,109166.6,202274.9,310.7,0.3,-0.483,-0.227,0.846
58218.6,115723.9,221374.7,160.7,0.2,-0.602,-0.358,0.714
58765.3,116082.9,222115.6,168.4,0.24,-0.529,-0.571,0.628
76896.8,106145.2,228601.7,290.4,0.32,-0.517,-0.348,0.78
87987.6,125558.4,249469.1,138.1,1.37,0.111,-0.712,0.696
62832.9,114490.0,224171.4,164.3,0.42,-0.114,-0.821,0.558
46108.0,107314.3,208558.7,287.5,1.27,-0.66,-0.114,0.741
57961.2,124355.7,228689.1,321.0,0.15,-0.408,-0.664,0.627
74890.2,133689.5,237617.8,237.5,0.19,-0.339,0.623,0.701
90569.1,131560.3,248171.4,272.2,1.14,0.632,0.371,0.681
29407.4,71112.1,170167.1,23.4,0.25,-0.364,-0.587,0.723
31746.4,64633.6,166929.1,181.0,1.53,-0.498,-0.096,0.862
23577.5,127030.5,207164.6,64.0,0.11,-0.366,-0.732,0.575
87383.6,121809.7,246318.4,227.9,0.38,-0.574,-0.209,0.792
30199.3,114368.4,200894.6,309.0,0.82,-0.51,-0.272,0.815
57973.1,118064.7,221393.0,255.4,1.53,-0.614,0.416,0.67
59737.7,106356.8,216348.8,253.3,0.24,-0.543,-0.364,0.757
21846.8,122821.9,202359.0,33.7,0.24,-0.244,-0.657,0.713
35458.5,103951.8,204171.2,347.9,1.79,-0.528,0.47,0.707
17167.6,6936.9,160015.4,242.6,0.33,-0.422,0.263,0.868
97814.7,136119.7,240488.5,70.5,0.27,-0.128,0.64,0.752
61557.4,116056.1,224515.0,188.5,1.31,-0.542,-0.295,0.787
80825.2,139375.0,238922.1,196.4,0.5,-0.594,0.432,0.679
87588.9,125721.6,249739.0,173.7,0.25,-0.077,-0.627,0.772
59149.8,113423.2,220108.2,48.4,0.32,-0.275,-0.494,0.825
59801.4,115575.1,222682.8,132.5,0.29,-0.493,-0.261,0.83
37743.5,112100.3,205209.4,98.3,1.67,-0.483,-0.298,0.823
45943.0,99523.8,206300.5,16.9,1.74,-0.255,-0.493,0.831
-14504.0,3719.7,157963.5,125.6,0.58,-0.312,-0.195,0.925
87583.9,124443.5,248627.0,44.9,0.36,0.507,-0.6,0.595
61335.5,124847.2,231990.0,259.3,0.3,-0.517,-0.611,0.599
60665.0,119905.7,222786.6,217.7,2.51,-0.514,0.286,0.808
84823.0,122201.6,243729.5,42.1,0.61,-0.672,0.076,0.736
60756.1,114251.4,222348.2,124.9,0.57,-0.514,-0.639,0.572
61768.3,129592.3,232312.5,91.2,1.22,-0.196,0.674,0.712
12012.9,855.6,159260.4,351.0,0.47,-0.329,0.324,0.887
45337.2,122381.9,214481.2,60.2,0.35,-0.454,-0.699,0.553
26565.6,115918.5,199572.3,31.0,0.32,-0.642,-0.142,0.753
60675.7,115552.2,223269.7,65.2,0.18,-0.525,-0.524,0.671
-30597.4,5025.9,153561.7,353.6,0.3,-0.199,-0.554,0.808
11665.5,110260.7,189967.1,85.3,0.24,-0.4,-0.505,0.764
80533.6,139048.1,238852.2,355.2,0.14,-0.761,0.277,0.585
63575.8,100567.3,218001.2,174.4,0.25,-0.625,0.066,0.777
85139.4,128818.3,247450.9,259.5,1.08,-0.28,0.556,0.783
17153.6,62999.4,161902.6,251.6,0.98,0.138,-0.418,0.898
67319.6,111576.1,223279.2,344.1,0.5,-0.49,-0.586,0.646
39895.1,108677.0,205230.6,250.9,0.35,-0.45,-0.23,0.863
79198.5,138666.0,237655.4,122.7,1.17,-0.719,-0.044,0.693
90621.7,121694.7,239997.9,28.9,1.06,0.685,0.216,0.695
37243.5,115629.5,206128.0,19.0,0.31,-0.425,-0.367,0.827
46210.6,95510.7,202947.5,167.3,0.21,-0.504,-0.512,0.696
43957.1,117847.2,210634.8,127.9,0.69,-0.487,-0.241,0.84
48983.9,100696.7,208177.6,322.1,1.83,-0.501,-0.386,0.772
-30299.6,2813.5,152474.6,242.5,0.3,-0.326,-0.429,0.842
82831.0,124287.1,245885.4,66.7,0.39,-0.693,0.198,0.692
56853.5,113576.2,216996.2,49.8,0.51,-0.769,0.206,0.604
29340.5,113798.3,200140.5,164.2,0.79,-0.543,-0.292,0.786
46039.3,101895.9,207319.4,248.4,0.87,-0.423,-0.329,0.844
75617.2,135477.9,235931.8,64.7,0.2,-0.632,0.311,0.71
-31630.9,-13478.6,144854.8,217.9,2.7,-0.358,-0.369,0.857
60969.5,126267.6,234173.3,244.7,0.47,-0.46,0.182,0.859
44461.3,119898.4,211752.9,195.9,0.76,-0.186,-0.529,0.828
62811.4,127529.0,233848.7,35.9,0.67,-0.37,0.592,0.716
-27150.1,1863.2,152725.0,330.3,1.03,-0.254,-0.44,0.861
77878.7,107549.0,230267.2,208.9,0.95,-0.607,-0.502,0.616
66847.2,115390.8,227568.5,348.0,0.11,-0.581,-0.559,0.592
47671.8,106154.2,209525.5,307.8,1.45,-0.447,-0.151,0.881
23746.2,113079.6,196688.1,244.5,0.3,-0.443,-0.367,0.818
59437.3,115644.2,222490.5,172.5,0.25,-0.664,-0.247,0.706
78677.3,121303.6,238345.6,150.1,0.36,-0.725,0.352,0.591
-40903.2,-17727.4,142870.6,201.0,3.05,-0.022,-0.33,0.944
27453.0,100522.5,198979.5,104.8,1.81,-0.455,0.274,0.847
88098.9,114954.1,243383.4,254.3,0.5,-0.803,-0.062,0.592
-7021.5,-98186.4,143441.2,1.1,2.14,0.064,0.022,0.998
63119.0,112021.0,221612.2,51.7,1.17,-0.232,-0.548,0.804
84952.0,121434.8,244256.4,56.4,0.26,-0.653,0.037,0.754
36451.9,106957.0,203755.7,334.1,1.63,-0.369,0.205,0.906
81293.2,111578.4,234917.5,235.5,0.21,-0.694,-0.152,0.704
45170.5,102325.5,206938.7,121.9,2.13,-0.595,-0.19,0.781
39523.9,118272.7,208617.6,249.9,0.26,-0.519,-0.307,0.797
86441.1,121496.8,245495.4,312.1,0.52,-0.551,-0.33,0.766
71686.3,129208.3,236442.9,123.5,0.6,-0.517,0.263,0.814
-12350.9,5748.5,158252.3,242.9,3.0,-0.015,-0.007,1.0
59389.9,117786.3,222735.9,306.7,0.22,-0.75,0.053,0.66
89761.9,136505.4,246989.7,241.1,0.3,-0.073,-0.204,0.919
22585.0,112755.3,195890.0,152.6,0.49,-0.514,-0.298,0.803
99484.5,111347.6,230369.8,128.4,0.15,0.66,0.371,0.653
57919.0,127524.0,233487.7,156.4,1.99,0.434,0.461,0.77
79517.9,110233.6,233076.1,286.3,0.79,-0.716,0.101,0.69
81740.7,125234.1,244273.5,150.6,0.27,-0.734,-0.136,0.658
73231.4,126093.8,239100.8,252.4,0.71,-0.382,0.383,0.841
40293.9,105251.6,205721.7,11.9,0.37,-0.212,0.092,0.973
43972.4,120098.1,211763.5,291.7,0.32,-0.283,-0.521,0.805
40397.6,105775.0,205729.6,235.3,0.39,-0.352,0.045,0.934
60736.1,127052.1,233458.2,222.6,1.2,0.035,0.622,0.782
16118.8,57871.4,159948.9,46.8,0.3,-0.0,-0.346,0.938
84504.3,121862.5,243573.9,354.8,0.4,-0.607,0.396,0.689
12694.2,80507.1,170827.3,117.9,0.34,0.167,-0.434,0.885
19233.6,54166.9,158995.9,69.0,0.41,-0.024,-0.249,0.968
35919.1,107846.7,203128.7,268.4,0.87,-0.65,0.202,0.732
88373.0,121971.1,246863.3,153.3,0.55,0.613,-0.051,0.784
38164.1,111047.2,205060.9,301.3,1.83,-0.458,-0.269,0.847
42945.5,104410.0,206797.4,115.8,0.31,-0.23,-0.248,0.941
49974.8,117480.4,213740.6,150.3,1.42,-0.259,-0.515,0.813
55592.8,111005.4,214943.8,72.2,0.35,-0.633,-0.134,0.762
88107.9,120321.6,245970.9,213.9,0.24,-0.282,-0.575,0.768
18093.6,60199.0,160683.1,203.1,0.6,0.063,-0.293,0.954
87631.4,123419.5,247473.1,3.2,0.39,-0.235,-0.744,0.627
15831.2,96732.1,183722.6,159.3,0.14,-0.773,-0.215,0.599
80320.7,111659.5,233962.6,199.9,1.29,-0.743,-0.213,0.634
87664.7,120220.1,245725.7,245.9,0.25,-0.347,-0.586,0.733
84120.5,106283.0,235143.9,306.2,0.2,-0.718,0.051,0.692
68468.0,95364.7,222616.9,306.2,0.84,-0.677,0.076,0.721
9246.1,-381.7,158885.6,141.8,0.48,-0.349,0.487,0.801
-25748.4,4356.3,154575.9,203.4,0.43,-0.289,-0.486,0.825
28713.0,100294.7,199804.3,184.0,0.24,-0.615,0.136,0.776
88367.3,123796.4,246734.6,321.1,0.14,0.8,0.16,0.578
16698.4,9849.4,158364.4,249.9,0.33,-0.45,0.081,0.889
-21301.4,-3910.3,151285.8,186.5,0.3,-0.27,-0.308,0.912
8599.9,78372.3,169369.2,214.1,1.83,-0.056,-0.441,0.896
57773.4,115951.5,221051.8,308.6,0.35,-0.511,-0.525,0.68
37661.7,121205.7,209497.9,290.8,1.02,-0.241,-0.757,0.608
41855.8,121230.1,211320.6,206.0,1.2,-0.548,-0.305,0.779
81407.4,137697.8,240336.6,237.3,0.15,-0.752,-0.135,0.644
67673.5,112867.7,224795.7,253.4,0.28,-0.602,-0.53,0.594
38601.6,108445.1,204620.7,209.2,0.34,-0.354,-0.261,0.898
16610.0,96058.8,184667.9,29.7,0.16,-0.717,-0.229,0.658
-24968.5,-6467.3,149592.0,173.4,0.95,-0.338,-0.299,0.892
47426.7,106364.6,209414.9,89.1,1.09,-0.47,-0.17,0.866
74193.9,112184.6,230353.4,43.2,0.4,-0.451,-0.511,0.731
33551.4,104284.4,202231.5,20.7,0.09,-0.658,0.492,0.569
62764.8,108023.5,218882.3,75.4,0.3,-0.521,-0.432,0.736
22821.4,108983.1,194406.8,213.4,0.24,-0.602,0.231,0.764
84031.3,108130.6,236008.8,195.5,0.55,-0.691,-0.375,0.619
8686.4,122891.3,205692.6,106.2,0.22,0.255,-0.787,0.562
12175.0,58893.1,160172.2,311.7,2.76,0.013,-0.43,0.903
78045.9,112703.8,232145.7,68.0,1.4,-0.473,-0.482,0.737
73818.2,126829.8,238955.0,86.9,0.29,-0.348,0.428,0.834
78004.4,136393.3,238258.1,102.9,0.34,-0.23,0.754,0.615
87881.4,123095.9,246912.2,37.0,0.17,-0.165,-0.713,0.677
49187.3,102096.0,208988.4,297.5,1.67,-0.436,-0.247,0.865
77358.0,120372.9,237521.2,99.7,0.58,-0.715,0.248,0.654
-112.4,-6158.1,159392.5,119.9,1.25,-0.09,0.147,0.985
63882.0,100736.8,218308.3,286.1,1.61,-0.648,-0.009,0.761
86195.3,121857.9,245432.9,77.7,0.94,-0.686,0.0,0.724
15133.9,94801.2,182288.9,256.9,0.98,-0.318,-0.4,0.859
73411.3,125858.4,239276.5,84.0,2.42,-0.377,0.379,0.845
63098.5,125704.0,234344.6,166.4,0.22,-0.462,-0.474,0.749
79195.1,105671.8,230316.0,247.9,0.35,-0.581,-0.175,0.794
-29901.4,2309.0,152326.1,171.2,0.29,-0.208,-0.516,0.831
-29314.8,-109452.5,139549.7,9.1,0.4,-0.003,0.084,0.996
82349.0,105830.2,233425.3,273.3,0.27,-0.661,0.018,0.75
52653.7,119548.3,216888.0,79.8,0.35,-0.459,-0.325,0.827
12154.8,62305.4,161700.5,3.9,0.75,-0.021,-0.426,0.904
87892.8,122265.5,246815.9,292.2,1.99,-0.641,-0.034,0.766
41952.2,103008.1,206118.9,26.1,0.39,-0.281,-0.269,0.921
57097.0,116961.2,221333.9,79.5,1.63,-0.588,0.173,0.784
86517.4,121722.4,245680.6,348.4,0.47,-0.612,-0.23,0.753
-36982.0,4004.8,151351.8,19.3,0.64,-0.047,-0.59,0.806
34873.8,110892.3,203149.3,128.3,0.35,-0.541,-0.189,0.82
17397.4,60722.2,160879.7,145.6,1.86,0.082,-0.368,0.926
86047.4,121607.4,245226.5,176.1,0.26,-0.649,-0.12,0.751
-28941.6,1231.5,151992.5,311.3,0.59,-0.221,-0.449,0.866
63418.1,123094.8,230498.9,130.1,0.15,-0.176,-0.801,0.573
34932.0,114911.9,204477.5,177.2,0.45,-0.479,-0.35,0.805
54294.3,119006.7,218205.3,290.9,0.33,-0.59,0.424,0.687
19702.8,111315.3,193718.3,251.1,1.05,-0.219,-0.5,0.837
86588.3,122291.8,245619.4,344.6,0.19,-0.617,0.365,0.697
42554.7,104958.7,206743.8,103.0,0.49,-0.355,-0.121,0.927
84689.5,130224.8,246302.8,297.6,2.43,-0.29,0.573,0.766
66095.8,113360.4,223911.2,84.6,0.47,-0.419,-0.631,0.651
88837.8,115872.5,243886.2,97.9,1.45,0.249,0.327,0.879
14946.0,57617.1,159809.9,163.0,3.05,-0.137,-0.368,0.92
32681.5,102751.3,202107.6,197.5,0.19,-0.67,0.385,0.635
45961.8,109609.7,208617.7,152.5,1.03,-0.72,-0.014,0.691
81686.4,122247.9,240901.4,134.8,0.29,-0.647,-0.008,0.732
31925.7,112675.3,201718.7,324.2,0.77,-0.461,-0.447,0.766
61630.1,116015.0,224559.2,331.7,0.26,-0.523,-0.306,0.795
16502.8,64006.6,162485.8,190.4,0.42,0.067,-0.376,0.924
68205.3,114612.2,227784.4,91.3,0.3,-0.587,-0.387,0.711
28144.1,118996.1,201841.3,14.4,1.04,-0.495,-0.496,0.715
54675.4,118235.3,218975.8,311.5,0.18,-0.685,0.285,0.67
87139.2,124459.6,248422.4,278.6,0.23,-0.234,-0.73,0.642
82565.9,130602.0,245256.3,168.5,1.25,-0.652,0.246,0.717
77804.0,126753.5,242422.0,238.8,0.88,-0.665,0.073,0.743
38108.3,85446.5,191360.5,357.6,1.55,-0.133,-0.624,0.77
31577.0,107800.3,200509.6,25.6,0.35,-0.462,-0.222,0.859
46220.6,134276.4,222027.4,224.1,0.19,-0.207,0.706,0.678
20369.6,108040.0,192651.5,25.9,0.13,-0.779,-0.075,0.622
85353.3,126002.6,248050.2,20.3,1.38,-0.558,0.372,0.741
18863.0,117549.3,197509.6,217.4,1.8,-0.441,-0.39,0.809
22210.3,112303.7,195406.4,27.7,0.27,-0.478,-0.373,0.795
38339.8,108218.5,204471.7,147.8,0.31,-0.371,-0.159,0.915
54673.5,119777.6,218105.0,175.4,0.68,-0.54,0.016,0.835
58790.6,117419.8,222339.3,59.9,0.34,-0.6,0.171,0.781
46922.4,104578.0,208444.7,338.7,2.04,-0.502,-0.189,0.843
-30517.3,427.7,151039.9,338.6,2.01,-0.229,-0.363,0.903
-10093.1,-64292.5,144084.5,299.7,1.46,-0.471,0.079,0.879
57341.0,110087.9,216564.4,83.3,1.76,-0.639,-0.329,0.695
74741.1,120710.9,234778.5,27.8,0.34,-0.532,0.433,0.727
72585.0,100730.0,224696.7,111.6,1.45,-0.514,0.281,0.81
39340.2,110061.7,205406.3,70.4,0.71,-0.449,-0.236,0.862
82389.2,120957.6,242046.4,312.2,0.28,-0.603,0.244,0.758
21330.0,113484.4,195583.8,101.9,0.26,-0.193,-0.58,0.792
84998.1,135552.4,243590.1,62.5,1.07,-0.535,0.244,0.809
85220.2,124544.2,248004.8,44.2,0.31,-0.263,-0.37,0.89
46438.0,107979.5,209178.0,198.8,0.28,-0.662,-0.408,0.628
58675.4,112511.2,219147.1,77.8,0.28,-0.68,-0.253,0.687
-26880.4,-10651.1,147846.9,112.9,0.33,-0.275,-0.178,0.945
87344.3,121670.8,246215.4,61.4,1.41,-0.532,-0.327,0.781
73197.1,120869.4,233261.9,135.8,0.96,-0.63,0.404,0.663
58756.8,114152.6,220548.9,120.7,0.14,-0.377,-0.727,0.574
70769.4,114795.5,229972.0,347.3,0.21,-0.225,-0.741,0.634
62710.5,113678.2,222923.1,125.2,0.13,-0.149,-0.79,0.594
58129.5,117082.9,221949.0,152.2,1.97,-0.525,0.231,0.819
-24430.5,-2032.2,151602.3,265.1,0.32,-0.119,-0.506,0.854
-29070.2,-109748.6,139562.0,178.0,2.31,0.004,-0.033,0.999
33976.5,101125.3,205039.7,336.0,0.18,-0.724,0.128,0.675
-15502.1,-98609.1,141993.3,286.6,0.31,-0.475,0.32,0.82
27510.5,114278.2,199467.6,233.0,0.9,-0.423,-0.444,0.79
41747.1,102330.1,205684.5,219.1,1.52,-0.171,-0.54,0.824
18219.0,85696.5,176667.4,302.4,0.59,-0.02,-0.62,0.784
87046.1,122380.7,245917.1,197.1,0.27,-0.599,0.273,0.751
77541.3,104997.1,228782.7,147.4,2.15,-0.559,-0.159,0.814
95409.7,129110.7,247448.4,200.8,0.17,0.669,-0.28,0.683
42417.8,103888.3,206473.3,228.8,0.3,-0.339,-0.238,0.91
38931.2,110324.8,205249.7,249.3,0.34,-0.459,-0.235,0.857
19799.6,112791.3,194757.9,284.5,0.76,-0.062,-0.653,0.755
9633.8,86172.1,173933.0,120.9,2.41,0.262,-0.491,0.831
82034.6,120871.8,241793.9,18.6,0.43,-0.581,0.255,0.772
47150.8,102964.1,208169.0,230.5,0.32,-0.431,-0.252,0.867
41854.9,84033.3,191233.5,185.5,0.34,-0.405,-0.542,0.736
43618.5,103777.7,206714.0,235.8,0.75,-0.08,-0.355,0.931
29879.1,113873.1,200590.0,271.5,0.25,-0.598,-0.196,0.777
89420.2,130787.7,248649.5,145.8,0.54,-0.527,0.279,0.802
22090.9,109234.9,193817.7,132.4,1.77,-0.547,0.049,0.834
73973.9,100161.2,225971.5,38.2,0.71,-0.544,0.24,0.804
19905.2,122913.0,201878.9,249.8,0.69,0.137,-0.733,0.666
32908.6,102917.4,202225.7,259.9,0.54,-0.686,0.294,0.666
86734.3,120342.8,245288.3,111.7,0.19,-0.527,-0.505,0.683
87429.0,120168.3,245554.1,305.7,1.13,-0.356,-0.596,0.719
76656.8,106745.6,228826.0,229.5,2.15,-0.514,-0.451,0.729
86116.9,128041.7,248216.4,67.8,0.51,-0.223,0.599,0.769
61068.0,124641.3,231551.3,120.3,0.48,-0.483,-0.632,0.605
86932.6,125317.1,249061.8,85.9,0.26,-0.326,-0.546,0.772
99669.0,114784.5,228186.8,60.2,1.74,0.608,0.4,0.686
55812.4,110905.7,215095.6,343.4,1.52,-0.656,-0.137,0.743
59802.0,91966.2,215379.2,55.3,0.6,-0.747,0.178,0.641
82866.4,142328.2,240078.0,258.1,0.16,-0.756,0.033,0.655
48010.3,102716.5,208502.3,124.3,0.39,-0.495,-0.219,0.841
17658.5,9748.6,158846.4,33.9,0.34,-0.591,0.03,0.806
71774.8,113443.2,230028.6,325.2,1.3,-0.56,-0.479,0.673
38445.4,115493.0,206638.3,113.7,0.76,-0.397,-0.455,0.797
20287.1,112860.1,194864.6,296.2,2.27,-0.144,-0.599,0.788
-25905.9,-4165.8,150294.9,154.9,0.73,-0.168,-0.386,0.907
-32175.6,5567.3,153372.4,173.0,0.27,-0.29,-0.504,0.814
69205.8,111388.7,224804.6,75.2,0.13,-0.538,-0.627,0.566
65560.3,112670.9,223048.4,17.0,0.26,-0.319,-0.549,0.772
59713.8,115351.0,222589.7,9.3,0.69,-0.504,-0.334,0.796
96728.7,113308.9,231514.9,269.6,0.54,0.504,0.473,0.722
41935.8,101828.7,205376.9,288.6,0.35,-0.186,-0.617,0.764
11524.1,98011.8,183215.1,249.6,0.58,-0.521,-0.356,0.776
10322.4,846.0,158859.5,288.8,0.67,-0.335,0.42,0.843
58938.1,112810.1,219505.6,138.8,1.1,-0.676,-0.362,0.642
-31453.7,3077.2,152220.3,159.4,0.32,-0.274,-0.402,0.873
16811.3,65652.0,163178.3,285.9,1.34,0.08,-0.468,0.88
38034.3,106231.4,204658.5,205.9,1.0,-0.49,0.413,0.768
86446.8,125237.2,248818.3,191.7,0.29,-0.321,-0.547,0.773
68234.5,119504.9,229292.3,292.7,0.28,-0.696,0.389,0.603
5071.6,-7901.2,161462.2,276.9,2.24,-0.309,0.35,0.884
41776.2,96509.8,202583.7,138.4,0.3,-0.337,-0.535,0.766
96354.9,120426.3,231452.5,297.7,0.1,0.211,-0.775,0.582
14567.4,107643.5,190186.0,29.1,0.33,-0.434,-0.514,0.74
87206.7,126570.8,249535.1,291.7,0.56,-0.586,0.124,0.8
76646.0,121773.1,236043.6,17.1,0.21,-0.613,-0.235,0.724
87913.1,121408.7,246462.9,154.1,0.25,-0.529,-0.35,0.773
80599.1,101781.4,230727.3,9.9,0.26,-0.599,-0.001,0.8
46647.4,101333.3,207489.6,291.4,1.16,-0.47,-0.366,0.803
32401.2,51509.2,164668.4,189.0,3.04,-0.491,-0.155,0.857
16374.0,93636.8,183316.4,245.2,0.27,-0.732,-0.338,0.591
31232.3,112899.0,201410.0,121.4,0.28,-0.49,-0.378,0.786
14246.4,94894.8,182097.1,57.9,1.99,-0.27,-0.52,0.81
-30043.9,5025.4,153758.9,160.8,0.19,-0.441,-0.55,0.709
63658.7,125824.6,234639.4,185.3,0.43,-0.337,-0.572,0.748
76110.8,108978.7,229566.6,271.6,0.54,-0.678,-0.216,0.703
40569.1,105788.2,205824.7,299.9,0.3,-0.443,0.036,0.896
22246.9,112327.3,195442.7,93.3,0.8,-0.478,-0.382,0.791
66116.7,139735.3,225554.5,174.6,0.43,-0.383,0.326,0.864
39587.4,112207.7,206260.7,302.3,0.39,-0.442,-0.341,0.83
28795.1,114750.9,200394.8,99.8,1.97,-0.426,-0.439,0.791
56447.0,129099.2,232265.6,94.3,0.11,-0.213,0.776,0.593
-18719.0,4805.2,157033.5,15.2,0.24,-0.193,-0.613,0.766
8409.4,72979.5,166692.6,311.4,0.38,-0.144,-0.42,0.895
27764.8,60616.4,164027.3,90.3,0.51,-0.493,-0.158,0.855
83919.2,121202.9,243419.1,145.9,0.65,-0.602,-0.169,0.77
36844.2,110239.1,204095.1,307.9,2.98,-0.484,-0.26,0.835
4884.2,109108.6,203784.7,207.4,0.7,0.688,-0.497,0.572
36358.4,108966.8,203472.3,125.0,0.3,-0.51,-0.206,0.835
39485.9,109359.8,205279.2,9.5,2.32,-0.415,-0.247,0.876
72439.3,129792.1,236714.8,311.3,0.3,-0.226,0.414,0.88
86833.2,126755.8,249271.8,107.4,0.51,-0.533,-0.021,0.845
88665.9,123535.2,246573.8,114.2,0.19,0.777,0.093,0.619
41325.8,100789.2,204752.4,66.9,0.4,-0.085,-0.472,0.877
96359.5,130510.7,245909.4,242.0,0.24,0.617,0.322,0.717
68931.1,114011.2,228347.6,105.8,1.57,-0.635,-0.321,0.701
37677.4,110454.5,204614.8,227.9,0.3,-0.465,-0.248,0.85
-11954.6,4886.2,158250.7,79.8,0.5,-0.004,0.022,1.0
15470.4,59223.7,160482.7,36.5,0.31,0.043,-0.352,0.935
67169.2,112762.7,224203.0,238.6,0.62,-0.373,-0.737,0.565
79768.9,121520.1,239568.5,260.8,1.52,-0.659,0.324,0.679
59574.2,115851.8,222652.8,209.0,0.25,-0.562,-0.251,0.788
48445.0,97816.3,206550.3,187.1,1.7,-0.479,-0.414,0.774
20206.6,107935.9,192456.9,196.1,0.82,-0.782,-0.116,0.612
38928.2,109227.6,204963.3,296.2,0.31,-0.426,-0.231,0.875
84176.5,120510.4,243138.4,209.7,0.45,-0.518,-0.498,0.695
90426.9,121584.6,240197.1,123.9,0.29,0.777,0.131,0.617
95496.5,116384.3,231203.9,70.7,0.17,0.743,0.137,0.655
99210.7,135543.8,241435.5,259.8,0.3,-0.484,0.46,0.744
60339.3,119243.6,222855.8,52.1,0.63,-0.604,0.438,0.665
55930.9,117347.8,220014.7,111.4,1.45,-0.635,-0.087,0.767
65794.2,100832.4,219900.6,322.5,0.52,-0.573,0.166,0.802
87770.5,123485.1,247502.8,164.2,0.34,0.193,-0.602,0.76
95063.1,115315.8,231650.7,40.2,0.4,0.615,0.185,0.765
36608.7,109978.0,203887.5,209.8,0.81,-0.471,-0.23,0.852
36541.9,106729.9,203847.3,125.9,0.35,-0.349,0.177,0.92
-13982.6,-94129.2,141096.6,10.3,0.27,-0.544,0.218,0.811
58070.9,117162.3,221875.9,356.0,0.31,-0.537,0.248,0.806
-34516.6,3712.8,151496.9,4.5,1.02,-0.187,-0.58,0.793
30012.1,64146.0,165894.9,330.6,0.3,-0.518,-0.068,0.852
19525.8,107364.9,191408.4,313.1,0.1,-0.76,-0.336,0.555
25852.1,115688.8,198910.8,90.5,0.72,-0.61,-0.132,0.781
65967.5,137685.4,226190.1,295.8,0.3,-0.275,0.338,0.9
46607.5,119233.1,212669.4,152.4,1.63,-0.553,-0.117,0.825
-25541.2,3830.3,154299.9,309.2,2.12,-0.243,-0.52,0.819
80108.0,135261.6,240213.4,76.1,1.83,-0.617,0.001,0.787
28171.8,112671.0,198950.7,17.9,0.25,-0.594,-0.198,0.78
35036.5,104529.0,203526.5,66.5,0.42,-0.658,0.308,0.687
19654.1,-8572.4,165866.9,34.1,0.33,-0.616,-0.041,0.787
16734.5,-1571.7,162919.8,48.5,0.61,-0.489,0.347,0.8
100748.1,115861.8,226697.8,312.1,0.45,0.574,0.488,0.656
75783.2,114250.4,232897.7,112.7,1.37,-0.412,-0.648,0.641
86958.4,109353.9,239647.4,174.6,0.64,-0.71,-0.357,0.607
27539.7,63264.6,164368.7,351.0,0.25,-0.637,0.077,0.767
82872.3,121081.8,242394.3,44.7,0.34,-0.607,0.199,0.768
45914.0,102604.5,207451.5,203.2,0.31,-0.424,-0.14,0.895
84186.4,100983.6,233828.2,51.0,0.17,-0.707,-0.247,0.662
88559.7,122602.3,246565.5,299.9,0.18,0.787,0.027,0.617
85854.4,129092.0,247465.3,49.8,1.44,-0.178,0.554,0.813
58149.2,119694.7,220818.2,242.3,0.32,-0.767,0.203,0.608
37663.6,120313.1,208615.3,119.2,0.23,-0.448,-0.51,0.734
38208.0,110204.5,204825.5,72.3,0.4,-0.455,-0.26,0.852
86748.5,120918.4,245556.7,120.2,0.75,-0.657,-0.041,0.752
75151.4,132889.0,238118.0,14.5,0.77,-0.463,0.375,0.8
60900.4,115288.1,223260.0,88.4,0.2,-0.481,-0.502,0.719
63490.8,114655.0,224568.3,177.3,0.08,-0.202,-0.805,0.557
87891.4,120455.4,246003.9,356.4,0.25,-0.321,-0.552,0.77
56228.2,110838.2,215535.5,282.2,0.24,-0.745,-0.18,0.642
92705.4,110351.7,236778.8,53.7,0.94,0.781,-0.188,0.596
29971.8,114426.6,200797.7,331.3,0.88,-0.438,-0.362,0.822
86081.6,127610.2,248555.4,141.2,2.4,-0.379,0.46,0.801
67332.7,114530.3,226849.7,157.1,1.02,-0.633,-0.508,0.584
61759.1,114998.2,223931.4,69.9,0.12,-0.688,-0.403,0.604
88510.5,124353.6,246359.7,302.8,0.08,0.827,-0.099,0.552
81502.4,129345.1,244928.8,254.9,1.13,-0.584,0.439,0.682
53449.7,119057.7,217347.7,314.1,0.26,-0.607,0.35,0.714
20763.8,108167.1,193133.6,347.4,0.81,-0.687,0.034,0.726
10373.1,82989.4,171880.0,89.2,1.06,0.017,-0.636,0.769
83952.4,128067.6,247371.9,231.8,0.34,-0.424,0.388,0.819
29128.3,114611.4,200495.5,183.0,1.3,-0.404,-0.434,0.805
76761.3,124308.5,241044.0,80.5,0.09,-0.447,-0.705,0.551
83576.0,125473.5,246542.2,98.3,1.05,-0.769,0.194,0.609
45746.9,102882.7,207411.4,259.4,0.94,-0.464,-0.142,0.875
86976.4,124812.8,248736.2,64.9,0.59,-0.368,-0.616,0.697
25189.2,112537.6,197240.4,129.0,0.25,-0.458,-0.468,0.756
73804.8,125242.4,239730.2,111.7,0.47,-0.508,0.073,0.852
17365.9,65465.5,163077.8,176.5,1.59,-0.154,-0.478,0.864
15440.8,67970.6,164430.0,10.9,1.16,-0.006,-0.442,0.897
10641.2,1207.0,158791.6,11.7,0.31,-0.267,0.418,0.868
48719.7,101570.3,208606.6,85.3,0.83,-0.353,-0.365,0.861
-29801.2,-5135.4,149083.4,98.2,0.3,-0.159,-0.227,0.961
11463.8,98562.8,183444.5,49.7,1.62,-0.453,-0.464,0.761
83325.2,121181.6,242836.1,132.0,0.18,-0.723,0.068,0.685
22641.1,112528.6,195805.0,251.1,0.55,-0.465,-0.391,0.794
91351.7,112398.1,238909.0,218.1,0.12,0.639,0.476,0.603
83321.1,119753.7,241884.4,217.3,0.36,-0.404,-0.622,0.67
81652.1,108023.9,233507.2,280.0,0.37,-0.539,-0.629,0.562
7397.6,70529.6,165339.7,255.7,0.62,-0.176,-0.335,0.926
42419.5,104115.1,206533.7,137.7,0.32,-0.336,-0.25,0.908
20059.2,125024.9,203577.6,271.0,0.31,-0.024,-0.584,0.811
61827.0,114614.5,223820.1,275.3,0.13,-0.658,-0.44,0.612
29354.1,114081.3,200269.3,160.8,0.58,-0.433,-0.432,0.79
12502.1,60426.5,160846.1,315.6,0.58,-0.003,-0.409,0.913
70183.6,118987.5,231345.9,78.0,0.69,-0.593,0.216,0.775
76717.5,121002.4,236476.2,216.0,0.19,-0.665,0.246,0.705
20398.1,107452.0,192558.7,129.9,0.46,-0.779,-0.238,0.58
39943.1,109366.7,205508.6,242.5,0.33,-0.405,-0.269,0.874
33943.2,102380.9,203946.2,19.3,1.27,-0.573,0.376,0.728
-24420.8,-1999.0,151622.7,168.9,0.35,-0.124,-0.499,0.857
52538.9,114743.8,213386.1,251.3,0.76,-0.56,-0.153,0.814
36045.9,123119.2,210580.7,260.1,0.14,-0.583,-0.546,0.602
58862.6,114839.9,221205.5,155.7,0.25,-0.524,-0.525,0.67
68569.3,116329.7,230068.0,351.1,0.25,-0.595,0.185,0.779
34213.5,108947.6,202242.0,267.6,0.48,-0.484,-0.218,0.848
73701.7,111756.8,229777.4,19.6,0.72,-0.554,-0.507,0.661
64025.9,119799.8,225440.3,263.8,1.84,-0.576,0.413,0.706
88042.3,123293.6,247172.7,263.1,0.25,0.436,-0.44,0.769
87652.8,120203.7,245704.3,248.7,1.4,-0.349,-0.586,0.731
57432.9,119848.6,220037.1,189.7,0.27,-0.59,0.118,0.798
88477.0,123471.4,246795.0,185.9,0.16,0.74,0.065,0.668
51028.0,105098.9,211053.5,255.9,0.34,-0.628,-0.257,0.735
7675.6,80084.4,169848.9,359.3,0.62,0.216,-0.757,0.617
76363.0,128769.2,239841.4,94.2,0.12,-0.697,0.409,0.595
29941.1,111686.7,199990.0,254.9,0.45,-0.516,-0.326,0.792
51147.2,90278.3,205311.9,172.7,0.54,-0.747,-0.184,0.639
57643.2,120721.8,220525.4,133.9,0.31,-0.548,-0.251,0.798
28425.2,107567.8,198630.3,291.0,0.43,-0.529,0.061,0.847
70277.4,126568.6,236932.3,14.1,0.18,-0.651,0.403,0.644
57255.3,123960.9,227922.5,131.0,0.16,-0.351,-0.661,0.662
82981.4,107209.8,234401.1,235.3,0.53,-0.622,-0.286,0.728
51668.6,119248.1,215974.8,288.2,0.22,-0.669,-0.242,0.7
88472.0,115595.6,243633.8,249.9,0.56,-0.671,0.21,0.71
63883.7,100177.0,218361.6,155.3,0.25,-0.58,0.242,0.777
90175.3,120302.9,240442.0,264.9,0.37,0.67,-0.321,0.67
74436.9,123620.1,238286.0,346.8,0.09,-0.535,-0.63,0.564
85809.1,124193.8,247865.9,178.8,0.77,-0.051,-0.771,0.642
9461.5,85432.5,173604.2,98.5,2.0,0.454,-0.24,0.858
71169.9,129551.3,235943.2,81.0,0.21,-0.591,0.38,0.711
13976.5,100024.4,185032.4,205.5,2.79,-0.162,-0.533,0.83
7101.7,90566.8,178478.8,31.1,0.43,-0.084,-0.585,0.806
47689.5,95564.9,204574.6,354.4,0.94,-0.636,-0.491,0.595
31686.8,112548.6,201470.3,77.9,0.4,-0.465,-0.407,0.786
21048.3,113385.9,195443.5,84.4,1.02,-0.191,-0.578,0.794
40029.0,107278.9,205106.2,324.2,0.31,-0.392,0.097,0.914
59937.7,129150.2,231270.2,271.6,0.41,0.073,0.718,0.692
9958.1,83975.1,172747.5,268.8,0.55,0.57,-0.47,0.673
40025.0,123303.5,213568.4,29.8,0.17,-0.528,-0.619,0.582
6634.4,76733.7,168075.5,101.0,0.56,-0.565,-0.178,0.806
50281.6,128141.8,232212.6,257.4,0.82,-0.57,0.411,0.711
72935.1,128718.0,237630.9,204.5,0.29,-0.11,0.537,0.836
28011.4,101624.6,199114.2,359.6,2.38,-0.518,0.189,0.834
16378.6,60068.8,160735.7,29.3,0.66,0.075,-0.353,0.933
67838.0,114991.4,227785.6,51.0,0.72,-0.379,-0.687,0.621
66934.7,121382.4,227669.9,177.6,0.11,-0.526,-0.646,0.553
72080.7,133794.9,233401.6,171.7,0.47,-0.38,0.64,0.666
98664.9,112593.9,230139.7,126.0,0.56,0.606,0.371,0.704
27883.9,125861.0,211105.1,191.9,0.17,-0.357,-0.674,0.646
70362.4,114551.3,229390.8,348.7,0.16,-0.383,-0.714,0.586
88744.3,123053.2,246237.1,322.9,0.08,0.826,-0.097,0.553
-34579.5,-19559.5,142494.1,131.3,0.46,-0.023,-0.399,0.916
85122.7,120571.0,244144.9,342.8,0.63,-0.571,-0.496,0.65
84423.9,137769.7,242200.5,158.4,0.27,-0.487,0.386,0.783
75602.2,133143.0,237915.7,182.9,1.17,0.059,0.698,0.714
28103.8,118526.7,201657.3,105.6,0.28,-0.509,-0.301,0.806
36772.9,123776.4,211751.3,21.9,0.44,-0.551,-0.623,0.555
88720.9,123929.3,246283.2,0.9,0.17,0.729,0.283,0.623
32446.0,102438.6,202045.8,243.1,0.73,-0.688,0.44,0.577
49273.9,108898.9,211084.1,343.6,0.88,-0.278,-0.153,0.948
44214.3,120218.5,211917.2,36.0,0.27,-0.23,-0.539,0.81
90264.2,125139.4,244616.4,25.3,0.16,0.745,-0.204,0.631
81055.4,127784.6,246189.4,22.2,0.3,-0.294,0.608,0.737
16870.6,96655.1,185045.6,273.5,1.21,-0.72,-0.165,0.674
16075.0,68152.0,164485.3,70.9,0.32,0.075,-0.421,0.904
10340.5,69697.5,165277.4,342.5,1.33,-0.074,-0.386,0.919
81130.9,132268.9,242484.3,205.7,0.11,-0.593,0.546,0.593
81315.6,136222.1,240752.1,214.7,0.88,-0.516,0.461,0.718
36443.7,110941.7,204113.1,254.6,1.79,-0.46,-0.25,0.852
75880.4,120827.9,235729.8,298.5,0.21,-0.579,0.371,0.725
86103.3,125208.1,248720.3,280.6,0.69,-0.325,-0.468,0.818
32324.6,57052.1,166089.6,283.3,0.34,-0.444,-0.299,0.845
10127.8,1392.6,158534.0,102.7,1.06,-0.301,0.388,0.871
69053.8,113742.8,228229.6,206.9,1.13,-0.221,-0.758,0.611
-35278.1,3355.4,151069.8,65.3,2.28,-0.138,-0.566,0.813
93983.6,132210.7,244821.5,286.6,0.51,-0.01,0.71,0.703
67589.0,114786.1,227411.0,332.5,0.39,-0.49,-0.643,0.588
73361.4,128078.8,238169.9,0.8,0.3,-0.256,0.487,0.835
69501.9,115644.7,230654.6,243.1,0.17,-0.487,-0.662,0.565
23724.4,118313.0,199939.2,243.0,0.39,-0.155,-0.549,0.82
59356.8,120896.7,221578.9,115.2,2.04,-0.503,-0.324,0.801
77170.6,125197.3,242216.5,346.5,1.25,-0.718,-0.207,0.663
14049.5,58550.0,160105.0,217.4,1.51,0.015,-0.386,0.923
90863.3,105023.1,235602.8,285.8,0.17,0.639,-0.501,0.583
38433.7,108713.8,204640.0,263.1,0.33,-0.421,-0.223,0.879
18887.2,117966.1,197722.5,186.5,0.91,-0.457,-0.34,0.822
23507.7,126139.9,206297.5,261.3,0.3,-0.638,-0.319,0.701
-21452.4,-3456.1,151455.9,52.6,0.3,-0.248,-0.39,0.887
92382.5,132909.1,245208.4,97.8,0.78,0.65,0.487,0.584
75313.7,128992.6,239045.7,96.1,2.04,-0.605,-0.034,0.796
70970.0,124828.4,237578.4,210.0,0.74,-0.499,-0.615,0.611
51109.3,97073.5,207814.1,159.5,0.24,-0.393,-0.499,0.772
27521.5,118218.1,201173.2,337.9,0.32,-0.489,-0.335,0.805
23480.2,99717.7,197210.5,323.9,0.35,-0.685,0.26,0.685
34719.3,111134.3,203092.5,97.1,1.66,-0.559,-0.139,0.817
63158.3,111447.5,221190.9,234.4,0.16,-0.369,-0.655,0.66
59167.1,116423.4,222579.0,284.3,0.3,-0.488,-0.288,0.823
57865.1,92544.1,212680.1,198.1,0.27,-0.635,-0.326,0.7
32640.6,102235.4,202464.5,64.7,0.26,-0.662,0.509,0.55
-36584.4,17142.6,166349.7,112.6,0.48,0.306,-0.351,0.885
79878.6,112255.5,233588.6,155.8,1.05,-0.757,-0.051,0.65
88312.9,125644.6,249529.4,96.2,0.22,0.733,-0.418,0.574
84603.6,122322.9,243492.4,85.0,0.22,-0.662,-0.135,0.735
88394.0,119681.9,245632.7,299.1,0.65,0.672,-0.445,0.592
65472.6,126881.4,236282.7,31.4,0.21,0.09,0.72,0.689
26129.8,99197.8,198945.3,229.4,0.29,-0.548,0.01,0.831
34433.0,125362.6,211863.7,359.4,0.62,-0.179,-0.788,0.59
-25813.4,-3501.8,150573.5,220.5,0.3,-0.288,-0.339,0.896
85063.1,119174.4,242444.9,124.5,0.96,-0.418,-0.631,0.657
42998.3,97660.6,203991.0,330.2,0.64,-0.34,-0.557,0.755
-15370.4,5353.9,158437.8,153.0,1.96,0.094,-0.249,0.963
76720.5,110702.0,230590.4,173.0,0.24,-0.675,-0.022,0.738
85011.2,124805.5,248016.4,268.6,2.33,-0.377,-0.127,0.916
39601.4,108841.9,205149.8,313.8,0.31,-0.388,-0.319,0.865
87896.5,126697.5,249669.0,251.3,0.34,0.451,0.165,0.876
36075.2,110096.8,203620.1,272.2,0.31,-0.468,-0.254,0.846
80731.4,127338.8,246382.0,341.3,1.09,-0.278,0.607,0.745
5741.8,118155.4,203940.6,160.1,0.7,0.42,-0.4,0.814
59811.3,115115.0,222562.9,52.8,0.2,-0.472,-0.525,0.711
41844.6,109978.3,206544.8,253.4,0.39,-0.354,-0.376,0.856
490.2,-8366.2,160063.9,143.6,0.33,-0.193,0.097,0.976
85091.9,129073.5,247239.5,284.5,0.28,-0.252,0.542,0.801
33124.7,110188.3,201857.9,204.2,1.36,-0.542,-0.125,0.831
34434.6,110678.3,202797.8,184.7,0.28,-0.541,-0.193,0.818
61650.6,133511.5,227412.2,91.9,0.33,-0.075,0.524,0.848
60592.3,98215.1,216065.2,248.7,0.25,-0.701,0.279,0.654
43740.2,119542.3,211318.8,156.5,0.37,-0.284,-0.501,0.818
14177.8,58008.2,159873.2,321.0,1.61,-0.021,-0.386,0.922
-18802.3,17027.6,158544.9,286.2,0.35,0.291,0.124,0.949
82309.1,120411.4,242039.7,217.3,0.33,-0.44,-0.212,0.869
36948.3,110423.0,204225.2,351.8,0.35,-0.48,-0.26,0.838
45554.7,119435.3,212012.5,277.6,1.04,-0.526,-0.088,0.846
88862.0,122831.6,246122.1,78.2,0.26,0.813,0.133,0.569
77736.4,120874.8,237669.0,263.9,0.29,-0.664,0.398,0.633
-28557.2,3080.3,153226.5,294.8,2.71,-0.231,-0.496,0.837
59882.8,106081.4,216325.6,102.1,0.37,-0.521,-0.349,0.779
95925.1,112650.2,232571.9,264.3,0.8,0.691,0.374,0.619
31416.3,100666.9,202093.3,22.0,1.07,-0.515,0.146,0.84
35333.9,121891.0,208693.6,57.9,0.1,-0.639,-0.515,0.571
36092.7,108838.4,203271.9,358.0,0.29,-0.509,-0.192,0.839
64512.8,119548.8,226038.6,197.2,0.37,-0.507,0.46,0.729
78433.5,104074.9,229281.8,281.1,0.37,-0.613,-0.301,0.73
80207.3,124110.4,242381.3,3.0,0.11,-0.799,0.026,0.601
41565.5,105500.8,206345.0,201.0,0.34,-0.502,-0.007,0.865
87899.5,119066.4,245138.1,233.3,0.24,-0.509,-0.411,0.755
29457.5,110466.3,199202.7,302.1,1.5,-0.435,-0.416,0.799
79715.8,110140.2,233326.1,319.2,0.69,-0.725,0.133,0.675
19509.5,61733.3,161526.0,74.0,0.55,-0.262,-0.392,0.882
88335.0,122001.5,246895.3,58.6,1.01,0.541,-0.076,0.83
30636.3,109160.9,200082.9,37.4,0.9,-0.587,-0.044,0.808
62055.4,125534.3,233149.0,322.2,0.65,-0.365,-0.728,0.579
69584.8,108769.9,223921.3,41.8,0.49,-0.67,-0.39,0.631
78487.0,110926.7,232227.4,228.2,0.86,-0.67,-0.059,0.74
32103.8,114470.6,202527.1,301.7,2.22,-0.628,-0.055,0.775
34729.3,114429.8,204127.0,324.7,2.12,-0.501,-0.335,0.798
57274.8,112696.2,217569.8,27.7,0.13,-0.668,-0.447,0.602
29421.9,64335.3,165540.7,146.9,0.96,-0.535,0.053,0.843
86624.3,120361.4,245223.4,343.0,0.19,-0.555,-0.454,0.697
79751.7,140272.8,237527.5,167.0,1.59,-0.655,0.137,0.743
71369.3,113561.0,229666.3,194.0,1.47,-0.637,-0.393,0.663
34922.1,110692.0,203131.8,66.4,0.37,-0.525,-0.203,0.826
84536.5,124576.6,247740.0,111.6,0.43,-0.433,-0.373,0.813
29780.4,118862.2,202745.7,206.4,0.87,-0.358,-0.668,0.655
81174.9,134725.0,241413.0,54.7,0.15,-0.723,0.32,0.611
-27809.1,6255.6,155398.8,230.3,0.65,-0.309,-0.484,0.819
91200.6,147717.7,239525.0,151.5,0.29,0.538,0.301,0.786
58671.5,115807.0,221744.1,143.0,1.11,-0.56,-0.515,0.649
11387.9,114860.0,194684.1,96.9,0.23,0.768,-0.143,0.632
-11778.0,2991.3,158665.3,326.4,0.58,0.223,0.346,0.911
-32146.2,4360.3,152659.2,316.6,2.75,-0.322,-0.471,0.821
89609.9,130664.2,248777.1,244.5,1.5,-0.51,0.307,0.802
71446.6,114043.1,229910.6,317.2,0.22,-0.638,-0.202,0.743
85992.7,124938.9,248423.8,212.0,0.68,-0.257,-0.584,0.769
63060.3,96661.1,219106.1,196.8,0.81,-0.722,0.308,0.62
24380.8,49529.5,160339.4,227.0,0.33,-0.338,-0.272,0.901
85278.5,120899.0,244376.7,294.5,0.24,-0.587,-0.238,0.774
69710.2,125628.0,237732.5,159.2,0.3,0.191,0.076,0.945
107125.8,117811.7,222016.3,7.3,0.49,0.165,0.505,0.841
22101.7,112308.6,195366.6,331.1,0.93,-0.491,-0.347,0.799
17458.5,123642.5,202167.6,168.4,1.06,-0.167,-0.581,0.797
48452.9,101764.0,208529.4,209.2,2.07,-0.426,-0.259,0.867
56780.0,120740.0,219884.6,39.0,0.25,-0.562,-0.257,0.786
26749.3,113746.6,198813.1,127.6,1.65,-0.426,-0.414,0.804
74068.6,113852.0,231295.1,265.9,0.61,-0.487,-0.612,0.622
90820.7,133407.3,247322.6,91.2,0.53,0.811,-0.044,0.585
86710.2,124192.1,248037.9,184.9,0.13,-0.165,-0.764,0.628
12040.2,2842.3,158426.7,26.5,0.47,-0.333,0.334,0.881
87038.8,125061.4,248945.0,116.0,0.24,-0.303,-0.563,0.769
65835.4,107228.2,220457.5,140.5,0.28,-0.586,0.067,0.807
40345.9,105565.5,205705.5,294.9,0.35,-0.292,0.034,0.955
12630.4,62377.8,161758.9,198.8,2.4,-0.024,-0.44,0.898
38139.4,109178.1,204589.0,297.8,0.38,-0.483,-0.16,0.861
87659.0,117503.6,243704.1,198.6,1.03,-0.459,-0.594,0.659
54760.1,108325.1,213843.5,189.3,0.32,-0.512,-0.044,0.858
38338.2,105338.6,205356.4,258.3,0.78,-0.392,0.36,0.846
80994.4,128401.4,245605.6,130.3,0.25,-0.326,0.679,0.658
54695.8,105543.5,213334.9,35.5,0.3,-0.432,-0.282,0.857
5637.6,76639.3,167554.6,243.3,0.3,-0.044,-0.395,0.912
40330.8,106178.2,205671.2,282.4,0.71,-0.354,0.245,0.902
84695.6,119049.7,242289.7,262.3,0.28,-0.226,-0.591,0.774
16345.5,97909.9,184770.3,11.3,1.39,-0.722,-0.139,0.678
59410.8,113512.0,220210.2,13.2,0.3,-0.202,-0.497,0.844
74194.5,112608.4,230631.5,70.8,0.37,-0.496,-0.479,0.724
28321.5,50483.0,162185.4,138.8,0.76,-0.479,-0.194,0.856
72245.4,113524.3,230433.9,352.2,0.27,-0.361,-0.669,0.646
24304.5,111387.1,196165.2,245.5,0.27,-0.464,-0.385,0.798
82093.6,127808.8,246567.3,144.3,0.37,-0.453,0.558,0.696
84073.4,132410.5,244517.2,358.6,0.24,-0.301,0.553,0.776
37333.7,108384.4,204004.3,79.7,2.44,-0.49,-0.086,0.867
71913.0,102065.6,224480.0,23.1,0.36,-0.621,-0.133,0.771
25023.4,103150.5,197199.6,50.8,0.75,-0.602,-0.043,0.798
71704.2,112086.4,228362.5,279.9,0.16,-0.146,-0.809,0.566
59903.7,124374.8,230452.1,359.4,0.11,-0.443,-0.686,0.578
58304.7,118026.6,221709.3,314.9,0.25,-0.589,0.373,0.717
29321.1,49089.4,162338.5,294.8,2.37,-0.451,0.006,0.892
13709.3,125385.6,204315.9,350.7,0.37,0.547,-0.235,0.8
38532.0,110920.9,205223.7,208.6,0.4,-0.444,-0.263,0.857
62044.9,115162.8,224416.0,345.7,0.16,-0.577,-0.475,0.665
46249.1,98962.1,205947.5,5.7,0.78,-0.272,-0.578,0.769
37871.6,115520.7,206370.8,117.7,0.29,-0.379,-0.445,0.811
-18778.6,-109255.0,141883.9,104.8,1.65,-0.394,-0.157,0.905
-33460.4,2813.2,151169.8,139.7,0.3,-0.27,-0.471,0.84
36467.8,105935.5,203868.2,87.8,0.32,-0.372,0.12,0.92
46179.9,101863.9,207383.9,62.5,0.71,-0.436,-0.305,0.847
18634.2,52520.6,158649.3,164.6,0.3,-0.123,-0.151,0.981
89971.7,132584.4,248017.4,194.1,0.31,-0.214,0.355,0.907
59033.6,124234.7,229521.4,2.2,1.13,-0.511,-0.614,0.6
40969.0,101771.3,205357.2,292.1,0.41,0.058,-0.493,0.868
55912.9,117440.5,220018.2,317.1,1.38,-0.627,-0.062,0.776
60715.2,126861.9,233614.7,199.2,1.62,-0.065,0.586,0.806
86898.4,124074.2,247950.2,260.5,0.13,-0.15,-0.817,0.561
66809.0,99884.5,220834.2,165.0,1.03,-0.613,0.16,0.774
16630.4,96059.9,184682.7,265.5,1.17,-0.713,-0.223,0.665
7870.6,-8777.0,162694.4,77.1,2.97,-0.179,0.389,0.903
-28029.2,4460.9,154197.9,170.4,2.41,-0.263,-0.474,0.84
37486.1,113314.8,205416.2,126.2,0.38,-0.528,-0.171,0.832
72741.5,127361.7,238232.3,344.3,1.08,-0.509,0.349,0.786
83542.1,128095.5,247102.8,285.8,0.4,-0.433,0.443,0.785
88018.7,123305.6,247200.3,154.9,0.58,0.429,-0.463,0.763
31000.5,70052.1,169797.6,84.8,1.56,-0.138,-0.592,0.794
67706.0,114394.3,227242.5,267.2,0.77,-0.639,-0.425,0.641
44138.0,96954.1,203637.8,83.1,0.09,-0.414,-0.71,0.572
-35205.8,2488.8,150462.2,297.8,0.91,-0.199,-0.568,0.799
54890.9,88963.1,207381.3,204.4,0.55,-0.354,-0.653,0.669
91264.0,134420.1,246639.1,238.3,0.64,0.645,0.398,0.653
58688.0,124271.3,229177.9,42.8,0.57,-0.589,-0.514,0.623
-15568.1,5515.6,158478.9,272.1,1.23,0.011,-0.221,0.975
73981.0,121252.1,233655.5,43.1,0.83,-0.492,-0.322,0.742
57261.8,118792.2,220352.0,50.2,0.32,-0.485,0.39,0.782
31260.6,112877.5,201418.5,229.8,0.26,-0.485,-0.383,0.786
58682.4,115986.6,221908.8,3.7,0.27,-0.544,-0.572,0.614
32349.8,103111.5,201521.7,252.8,0.44,-0.714,0.336,0.614
61046.7,129321.4,231663.8,326.2,0.43,-0.781,-0.021,0.624
-26539.7,5070.1,154883.8,38.8,0.42,0.015,-0.565,0.825
48038.7,86642.8,197992.8,250.9,0.4,-0.808,-0.154,0.569
66334.3,115895.8,227195.8,98.6,0.09,-0.697,-0.43,0.573
37322.7,104549.5,205268.5,175.2,0.36,-0.533,0.39,0.751
59484.9,100922.1,214739.3,337.2,1.85,-0.595,-0.3,0.745
87881.8,122279.4,246808.4,323.2,1.34,-0.658,-0.022,0.752
18327.2,87221.2,178045.2,244.2,0.25,-0.271,-0.618,0.738
15181.5,68265.4,164564.0,172.4,1.2,0.017,-0.429,0.903
-34723.8,-125331.1,139078.6,261.7,0.4,-0.101,0.043,0.994
34706.5,112408.3,203296.9,325.4,0.33,-0.586,-0.112,0.803
16709.2,67418.2,164073.2,320.7,0.36,-0.001,-0.463,0.886
35184.1,108169.0,202572.4,46.6,0.35,-0.51,-0.251,0.823
47979.9,100569.0,207824.7,14.1,2.06,-0.242,-0.604,0.759
-17232.3,-97723.2,140554.3,327.9,0.29,-0.442,0.34,0.83
28705.4,114675.0,200300.5,355.9,0.35,-0.428,-0.444,0.787
80284.4,141972.6,238238.4,280.2,1.3,-0.448,-0.288,0.845
69204.4,120063.9,229907.7,183.7,0.44,-0.6,0.415,0.683
74855.5,127032.8,239361.8,188.9,1.45,-0.434,0.418,0.798
85447.3,125145.1,248241.4,277.6,0.29,-0.511,-0.184,0.838
42184.1,101848.9,205510.5,283.9,0.22,-0.141,-0.66,0.737
21774.0,119537.5,200247.6,108.1,0.75,-0.522,-0.279,0.806
67055.8,120048.1,227897.8,352.6,0.32,-0.466,0.433,0.771
86356.7,121543.1,245450.3,115.5,0.28,-0.575,-0.288,0.766
38569.5,116277.9,207118.8,161.4,0.25,-0.46,-0.412,0.787
48547.4,118059.8,213492.3,301.1,1.05,-0.164,-0.531,0.831
74012.2,127451.1,238708.3,340.7,0.3,-0.324,0.449,0.833
36613.0,110921.2,204195.5,62.5,0.35,-0.461,-0.261,0.848
88027.0,126900.8,249595.9,71.7,0.27,0.583,0.089,0.807
-22135.1,-48806.2,139523.0,220.2,1.11,-0.301,-0.081,0.95
88450.7,123583.1,246758.0,252.1,0.22,0.74,0.148,0.655
86628.6,124425.4,248179.6,36.9,0.3,-0.227,-0.618,0.753
45642.0,103004.6,207369.6,234.2,0.51,-0.468,-0.165,0.868
48781.8,100726.2,208050.8,95.6,0.4,-0.33,-0.474,0.814
23609.5,111231.4,195635.7,203.8,0.25,-0.478,-0.473,0.74
30112.7,103877.5,199052.6,195.4,0.54,-0.258,0.191,0.947
90268.3,121242.4,240500.5,138.6,1.01,0.763,0.125,0.635
23940.5,111841.9,196187.6,272.8,0.28,-0.428,-0.428,0.796
47328.6,88301.9,197337.3,18.3,0.15,-0.527,-0.549,0.641
87844.9,127167.7,249564.6,240.6,0.32,-0.007,0.437,0.893
70020.8,120345.4,230418.3,140.5,1.72,-0.576,0.396,0.716
37598.6,120720.0,208877.7,216.1,0.14,-0.398,-0.654,0.643
24523.4,111886.7,196543.4,30.5,0.32,-0.432,-0.382,0.817
88600.0,124045.2,246347.8,137.1,0.44,0.759,0.236,0.606
42808.6,104318.5,206735.0,203.5,3.03,-0.268,-0.254,0.929
56708.4,116954.1,221041.5,296.9,1.65,-0.715,0.022,0.687
58721.0,117877.0,222119.0,213.1,0.2,-0.646,0.271,0.714
37263.5,122107.7,210520.1,245.8,0.22,-0.345,-0.704,0.621
25353.1,102473.1,197549.9,222.1,2.77,-0.572,0.078,0.817
15685.7,94727.3,182621.2,327.5,0.2,-0.747,-0.27,0.609
23871.9,113102.3,196760.8,144.1,0.35,-0.445,-0.37,0.815
80138.1,128559.0,245241.5,28.9,2.77,-0.005,0.549,0.832
37356.2,109317.3,204146.1,61.6,0.44,-0.489,-0.172,0.855
33991.0,120298.8,205904.2,229.9,0.78,-0.401,-0.432,0.808
28880.8,100341.7,199962.2,235.2,0.65,-0.613,0.13,0.778
76606.0,106031.9,228351.4,323.6,1.06,-0.545,-0.351,0.761
88342.0,122031.6,246892.0,240.4,0.27,0.571,-0.062,0.813
38055.1,106170.2,204701.6,221.7,1.63,-0.483,0.444,0.754
25038.2,108688.9,195919.4,91.8,0.38,-0.503,0.195,0.841
86959.1,125636.4,249354.4,314.8,0.3,-0.532,-0.361,0.76
23434.0,49077.0,159877.7,157.1,0.4,-0.422,-0.161,0.891
35586.8,110243.4,203402.9,287.4,0.67,-0.489,-0.244,0.837
-31581.2,-26325.4,141788.5,158.6,1.71,-0.256,-0.35,0.901
7407.8,88948.4,176267.4,230.0,0.12,-0.212,-0.763,0.613
46798.4,99927.4,206846.0,347.1,0.27,-0.405,-0.425,0.81
-562.7,116953.5,207079.6,162.7,1.27,0.33,-0.49,0.806
23005.4,100457.9,196424.9,52.6,0.09,-0.774,0.284,0.564
92143.2,132431.2,245924.8,141.4,0.11,0.757,0.306,0.578
54079.5,119449.5,217703.1,275.9,0.41,-0.619,0.202,0.758
61057.5,115151.5,223255.4,147.4,0.7,-0.551,-0.454,0.7
36928.2,110128.5,204103.9,252.1,0.66,-0.488,-0.249,0.836
59940.1,115208.9,222653.5,266.8,0.6,-0.435,-0.411,0.801
66318.3,113023.7,223839.7,41.5,0.45,-0.54,-0.504,0.674
17684.8,116722.6,196522.5,212.1,0.3,-0.353,-0.457,0.816
36645.0,121863.2,210313.9,351.2,0.81,-0.058,-0.794,0.61
67521.9,114983.3,227654.8,229.4,0.29,-0.396,-0.713,0.579
22195.3,50536.1,159521.2,123.4,0.32,-0.495,-0.104,0.863
16675.8,123498.8,202076.2,157.7,2.08,0.176,-0.549,0.817
23993.9,113318.6,196930.5,254.3,0.27,-0.455,-0.365,0.812
58891.0,128050.4,232766.0,191.4,0.25,0.09,0.62,0.78
59523.3,113191.2,220054.3,97.3,1.06,-0.183,-0.46,0.869
-18548.0,6318.6,158181.3,251.8,0.88,-0.267,-0.394,0.879
22169.9,2384.9,164212.4,317.1,0.64,-0.508,0.193,0.839
60402.3,114624.8,222412.3,7.7,0.14,-0.429,-0.683,0.592
48163.2,106145.3,209741.3,167.5,0.48,-0.427,-0.266,0.864
61810.8,120406.7,223478.1,348.1,0.29,-0.598,0.269,0.755
34690.1,113249.7,203537.3,238.4,0.55,-0.389,-0.487,0.782
14885.0,65209.0,163197.2,357.7,2.7,0.122,-0.356,0.927
87233.8,124427.6,248385.8,48.0,0.2,-0.197,-0.753,0.628
16581.5,7373.7,159550.3,176.2,0.56,-0.491,0.326,0.807
69247.7,125967.6,237652.0,305.1,0.54,-0.08,0.468,0.876
94874.0,102876.1,223662.1,112.1,0.28,0.671,0.345,0.634
76188.4,121406.4,235781.2,276.0,0.95,-0.701,0.273,0.658
86243.6,125674.8,248849.4,230.3,0.27,-0.567,0.129,0.81
12813.8,88011.4,177520.8,88.1,2.04,-0.572,-0.108,0.812
22918.9,113048.4,196192.0,0.0,0.27,-0.538,-0.226,0.812
93222.7,133360.9,244165.6,211.4,0.18,0.497,0.522,0.693
-24974.6,-3826.9,150641.6,123.8,0.77,-0.226,-0.313,0.922
39031.6,105618.6,205553.0,213.2,1.21,-0.282,0.306,0.908
1621.1,98240.1,185214.5,95.4,0.52,-0.082,-0.717,0.672
42335.0,104174.2,206520.0,54.6,0.67,-0.34,-0.244,0.908
48027.9,102603.4,208490.3,175.2,0.38,-0.493,-0.19,0.849
72413.5,112358.9,228835.2,31.2,0.21,-0.539,-0.601,0.589
15677.4,120891.5,199248.3,119.8,0.69,-0.074,-0.787,0.613
8466.4,72139.6,166290.5,27.5,1.15,-0.018,-0.435,0.9
45781.0,97870.8,205007.9,297.2,1.86,-0.317,-0.579,0.751
34497.7,111109.9,202940.1,87.0,0.82,-0.561,-0.136,0.817
87279.1,120338.6,245632.0,347.0,1.19,-0.3,-0.648,0.7
24790.9,118246.2,199984.7,37.2,0.84,-0.195,-0.594,0.781
59315.5,96508.1,213876.4,339.5,0.32,-0.778,-0.139,0.61
36021.8,110558.8,203764.0,169.9,0.3,-0.447,-0.304,0.841
81635.0,124710.5,244269.1,102.5,0.31,-0.811,0.152,0.565
38244.9,109972.5,204775.1,18.7,1.67,-0.462,-0.223,0.858
19336.2,111216.4,193553.6,57.7,0.34,-0.3,-0.47,0.83
72326.5,119971.0,232774.2,49.2,0.29,-0.768,0.155,0.62
86230.0,121802.3,245451.6,8.5,1.33,-0.674,-0.074,0.735
21872.7,112410.6,195271.9,304.2,0.88,-0.553,-0.26,0.791
66256.4,112455.6,223313.8,80.7,0.28,-0.511,-0.594,0.622
57653.2,124605.8,228779.6,107.7,0.45,-0.386,-0.637,0.667
76041.4,125758.6,240897.5,165.7,0.72,-0.692,0.464,0.554
23954.5,118647.3,200105.9,228.6,0.3,-0.155,-0.43,0.889
-15262.4,5003.3,158307.2,334.4,0.47,0.117,-0.303,0.946
75956.5,120669.0,235854.7,333.6,0.22,-0.561,0.375,0.737
59623.5,112940.1,219947.4,257.4,0.38,-0.194,-0.428,0.883
60769.6,129641.8,231365.6,308.1,0.33,-0.764,0.21,0.609
-25079.0,-6072.3,149681.8,339.3,2.16,-0.2,-0.243,0.949
70076.3,101971.5,222730.2,128.7,0.43,-0.688,0.028,0.718
36179.5,122939.4,210517.4,61.0,0.12,-0.675,-0.429,0.599
82161.8,124367.8,245042.3,305.5,0.11,-0.799,0.181,0.574
53434.5,119234.0,217283.2,0.7,0.35,-0.6,0.218,0.768
29776.7,128309.3,214038.7,70.7,0.8,-0.723,-0.402,0.561
77292.5,133393.5,238226.2,44.8,0.31,-0.516,0.206,0.831
54070.3,114846.5,214525.9,282.3,2.01,-0.559,-0.231,0.796
24956.3,61121.7,162711.0,121.4,0.3,-0.427,-0.182,0.886
2178.8,-2390.2,158335.7,1.7,0.3,-0.097,0.29,0.952
36864.7,112048.9,204675.3,9.9,2.88,-0.492,-0.25,0.834
62587.3,112187.0,221535.6,128.8,1.19,-0.368,-0.534,0.761
61071.0,114329.6,222629.4,14.2,0.41,-0.418,-0.66,0.624
24617.2,113284.9,197269.9,223.8,0.27,-0.505,-0.357,0.786
13604.6,2479.2,159232.1,14.4,0.3,-0.442,0.262,0.858
87254.0,126395.8,249608.7,125.7,0.84,-0.62,0.121,0.775
44004.8,99184.3,205336.3,58.3,0.3,-0.307,-0.387,0.869
29363.2,114697.7,200649.9,10.1,2.02,-0.402,-0.451,0.797
68496.9,111035.7,223757.7,273.9,0.7,-0.61,-0.505,0.61
83202.4,132424.0,244221.6,112.9,0.94,-0.335,0.553,0.763
12560.8,84982.0,173445.6,197.1,0.2,-0.29,-0.642,0.709
12834.6,3766.6,158531.7,221.1,0.64,-0.422,0.255,0.87
-25727.0,8835.5,157783.0,81.6,0.79,-0.187,-0.563,0.805
78456.4,104953.6,229511.8,188.2,0.25,-0.706,-0.205,0.678
83262.1,121373.7,242655.2,204.7,0.42,-0.706,0.275,0.65
88845.2,123410.1,246315.6,156.1,0.13,0.826,-0.106,0.551
15140.4,95216.2,182486.0,164.6,0.36,-0.308,-0.436,0.844
61025.9,121277.3,222811.1,264.7,0.24,-0.511,-0.406,0.756
7409.3,77728.5,168876.2,198.5,0.33,-0.404,-0.29,0.867
4322.1,109596.8,203887.1,7.5,1.27,0.19,0.203,0.96
-235.2,-2167.4,158206.7,180.2,0.58,-0.02,0.217,0.976
80990.7,106060.3,232183.6,235.9,0.2,-0.656,-0.3,0.692
72280.6,120224.5,232595.9,242.1,0.37,-0.736,0.32,0.596
47201.7,103272.9,208252.3,277.0,0.54,-0.414,-0.273,0.869
67551.7,116664.3,229123.4,204.9,0.2,-0.657,0.216,0.721
16549.1,5391.7,160107.8,291.3,0.62,-0.248,0.476,0.843
34713.4,59667.1,168258.7,267.8,1.05,-0.517,-0.195,0.833
64520.9,127556.4,235625.9,216.5,0.36,-0.447,0.424,0.779
61026.7,115278.5,223314.4,246.8,0.21,-0.521,-0.491,0.697
35483.9,105447.2,203526.8,350.8,0.26,-0.563,0.256,0.785
81671.1,130309.9,244730.4,213.7,0.14,-0.69,0.356,0.63
60863.8,129803.9,231453.1,147.8,0.87,-0.737,0.347,0.575
61937.1,119662.8,224052.3,235.5,0.79,-0.64,0.442,0.629
58891.7,87243.6,210176.5,54.8,0.23,-0.791,-0.248,0.559
77332.7,126626.0,242002.2,237.6,0.44,-0.789,0.025,0.615
47259.2,106634.5,209385.2,241.6,0.3,-0.447,-0.221,0.867
67504.1,120073.0,228171.6,209.0,0.32,-0.587,0.4,0.704
-25881.1,-4200.4,150281.5,160.8,0.32,-0.165,-0.389,0.906
23831.6,119162.1,200310.5,263.5,0.6,-0.137,-0.459,0.878
-30151.0,2915.0,152591.7,232.2,0.78,-0.327,-0.463,0.824
51783.6,129797.7,230370.2,228.7,0.58,0.174,0.599,0.78
22065.4,125284.4,204337.0,198.6,0.23,-0.557,-0.513,0.653
43465.9,120524.7,211791.4,77.6,0.65,-0.35,-0.459,0.817
60312.8,115038.5,222741.5,178.1,0.32,-0.43,-0.474,0.768
86241.6,122573.0,245082.0,348.2,0.22,-0.708,-0.04,0.696
85347.3,120296.6,243924.8,158.1,0.49,-0.509,-0.557,0.654
103585.9,114404.5,225487.4,97.3,0.29,0.754,-0.28,0.594
-25867.3,-4186.6,150290.6,172.7,0.3,-0.166,-0.391,0.905
80086.8,121547.4,239855.7,246.8,1.07,-0.667,0.352,0.656
16351.9,97640.6,184708.9,231.5,0.19,-0.748,-0.154,0.645
73825.6,140492.0,233007.2,119.7,0.35,-0.76,0.207,0.616
87246.8,121534.8,246086.6,164.0,0.34,-0.527,-0.346,0.776
88226.5,130238.0,247859.0,232.3,0.91,-0.607,0.192,0.77
97062.0,114715.7,230265.9,257.6,0.18,0.543,0.483,0.686
22401.1,108146.6,194484.7,179.5,0.19,-0.659,0.287,0.695
60950.9,127513.8,233098.3,308.5,1.17,-0.007,0.651,0.759
60134.0,114646.6,222372.8,349.6,0.08,-0.435,-0.708,0.559
69024.0,106992.4,222673.9,275.1,1.31,-0.648,-0.161,0.744
28274.4,101576.1,199290.1,62.5,2.48,-0.517,0.225,0.826
90409.4,131495.5,248369.1,117.4,2.26,0.542,0.368,0.756
72978.6,133430.6,234542.6,95.0,0.65,-0.765,0.272,0.582
11198.0,114384.9,194542.9,180.4,0.14,0.59,-0.599,0.553
58243.7,100218.7,213528.7,76.6,0.34,-0.406,-0.434,0.804
22188.8,97410.5,194835.2,165.6,0.17,-0.262,-0.78,0.572
58706.8,114999.9,221250.1,108.1,0.19,-0.498,-0.505,0.705
76858.5,124267.1,241004.7,22.3,0.28,-0.413,-0.719,0.559
59071.4,114149.8,220682.2,45.0,0.22,-0.075,-0.751,0.656
89175.0,124076.0,245716.4,295.1,0.14,0.756,0.145,0.638
41214.2,100674.8,204687.0,85.5,0.35,-0.066,-0.469,0.881
80750.3,108807.9,233677.4,320.9,0.09,-0.556,-0.61,0.564
87469.5,127403.1,249268.8,6.9,0.56,-0.245,0.532,0.811
86942.6,126222.0,249276.5,328.3,0.52,-0.698,0.05,0.714
12286.2,97253.8,183055.0,124.0,0.45,0.042,-0.568,0.821
61844.0,97403.3,217319.4,309.3,0.18,-0.759,0.136,0.637
11792.8,1076.3,159098.7,128.2,1.14,-0.239,0.295,0.925
22795.6,126285.1,205675.5,11.6,0.48,-0.667,-0.356,0.655
-30048.6,4454.9,153473.5,187.2,0.41,-0.416,-0.395,0.819
37086.4,115593.5,206029.3,313.9,1.33,-0.432,-0.363,0.826
87345.6,124079.0,247989.3,151.3,0.31,-0.105,-0.791,0.602
10533.7,83182.5,172029.1,332.5,1.97,-0.102,-0.547,0.831
84905.2,138071.8,242347.7,93.9,0.25,-0.427,0.446,0.787
19266.9,58171.9,160268.1,300.1,0.35,-0.254,-0.29,0.923
59264.4,113803.7,220344.6,326.9,0.3,-0.235,-0.541,0.808
78974.8,116204.6,236615.6,0.4,0.34,-0.149,-0.802,0.577
12707.6,62746.4,161936.7,279.8,2.83,-0.034,-0.428,0.903
78800.4,109783.9,232492.4,18.7,0.27,-0.574,0.118,0.81
29293.7,115127.0,200864.1,332.5,0.29,-0.424,-0.423,0.801
-58777.5,-22193.6,142212.8,94.1,0.41,0.283,-0.431,0.857
67718.8,116075.7,229350.3,118.7,0.13,-0.72,-0.303,0.622
81386.7,127676.7,246361.4,121.8,0.27,-0.17,0.624,0.762
17285.8,98698.2,186048.1,282.1,0.29,-0.576,-0.192,0.795
21018.1,-13803.7,167694.3,46.6,0.38,-0.474,0.332,0.815
59504.5,115180.0,222420.7,48.7,0.17,-0.614,-0.484,0.625
-40026.3,45.3,148653.4,33.6,1.31,0.091,-0.529,0.843
33109.3,123511.0,208772.1,41.7,0.2,-0.261,-0.79,0.555
36233.7,108819.1,203351.6,68.4,2.28,-0.515,-0.178,0.839
24192.1,112875.3,196854.5,358.6,0.47,-0.465,-0.375,0.802
84071.3,121948.0,243210.7,111.6,0.19,-0.632,0.341,0.696
72814.0,112815.8,229715.3,276.5,0.25,-0.447,-0.65,0.614
21419.7,111741.5,194704.3,55.0,0.33,-0.534,-0.352,0.768
83076.8,121072.6,242543.1,342.3,0.75,-0.643,0.112,0.757
26533.8,100180.7,198594.9,70.3,0.66,-0.495,0.244,0.834
-27009.8,3923.7,154009.6,140.9,1.25,-0.112,-0.587,0.802
15820.2,6759.0,159324.0,25.9,1.46,-0.399,0.311,0.862
90313.7,120640.0,240484.0,341.0,1.07,0.62,-0.345,0.705
88037.7,121237.8,246484.7,110.3,0.58,-0.478,-0.366,0.798
62912.9,121122.1,224197.3,239.3,0.14,-0.536,-0.571,0.624
23466.3,112786.5,196404.9,343.3,0.28,-0.456,-0.384,0.803
-22653.2,12617.6,160582.3,102.4,1.11,0.468,-0.336,0.817
55721.3,117661.4,219862.1,336.4,1.67,-0.572,-0.034,0.819
27040.8,62620.1,164027.7,267.4,0.65,-0.6,0.087,0.795
17489.0,123665.4,202191.2,302.3,0.84,-0.169,-0.582,0.795
59543.7,115524.1,222553.0,328.8,0.23,-0.613,-0.246,0.75
34410.5,111088.7,202879.1,334.7,0.27,-0.563,-0.134,0.815
71047.5,119514.8,231865.2,158.5,0.17,-0.645,0.397,0.653
38736.6,113439.2,206216.3,62.1,0.64,-0.488,-0.256,0.834
60101.3,124440.0,230641.2,148.6,0.14,-0.395,-0.666,0.633
-29014.0,3536.8,153326.5,124.0,0.35,-0.268,-0.524,0.809
70768.2,124423.9,236986.3,80.5,0.43,-0.479,-0.675,0.561
57625.4,118700.9,220675.4,284.0,0.19,-0.614,0.378,0.693
73627.3,112766.5,230320.4,47.2,1.88,-0.56,-0.393,0.729
78215.7,104977.2,229308.1,66.4,0.21,-0.661,-0.193,0.725
36952.0,123144.8,211444.4,119.9,1.79,-0.416,-0.536,0.734
66003.7,119104.1,228025.1,290.4,0.42,-0.553,0.499,0.666
78498.3,113237.5,232888.2,257.2,0.13,-0.454,-0.674,0.583
59674.0,115532.9,222613.1,58.9,0.4,-0.529,-0.255,0.81
37868.4,104628.3,205502.5,119.6,1.35,-0.197,0.192,0.959
71015.2,132322.7,233723.7,149.7,0.35,-0.51,0.442,0.738
-35383.2,1957.5,150053.6,358.4,0.33,-0.242,-0.495,0.834
38375.4,108557.4,204565.6,357.0,0.32,-0.412,-0.226,0.883
33223.0,100000.8,201611.2,137.9,0.21,-0.215,-0.705,0.676
15831.0,121574.0,200421.0,212.4,0.69,-0.009,-0.781,0.625
86429.8,125971.8,248867.5,4.7,1.86,-0.625,0.221,0.748
65171.4,111334.7,221973.3,36.4,2.32,-0.106,-0.619,0.778
16462.2,96036.6,184524.3,200.5,0.26,-0.746,-0.28,0.606
88337.7,116406.5,243856.9,348.9,0.25,-0.619,-0.244,0.753
47697.1,104657.9,208906.9,26.4,0.3,-0.481,-0.288,0.828
56449.9,110880.8,215835.7,64.5,1.27,-0.77,-0.122,0.625
13151.5,60976.5,161124.1,349.2,0.37,-0.085,-0.419,0.904
71388.3,122201.7,234091.4,69.3,0.12,-0.563,-0.573,0.594
23348.9,110817.0,195203.2,206.2,1.88,-0.483,-0.408,0.774
87600.2,122162.0,246496.4,97.0,0.19,-0.708,0.058,0.703
35876.7,103928.8,204511.9,333.2,1.07,-0.52,0.441,0.732
22353.4,112316.7,195508.1,14.8,0.31,-0.473,-0.394,0.788
69525.0,98214.1,223830.0,23.2,0.24,-0.653,0.162,0.74
71225.5,131982.8,234063.2,245.6,0.22,-0.336,0.585,0.738
46319.2,103092.6,207766.0,153.2,2.44,-0.457,-0.244,0.855
57785.5,113044.8,218119.2,71.4,0.2,-0.747,-0.054,0.662
34755.3,109607.8,202722.0,267.9,0.69,-0.485,-0.243,0.84
52227.4,118221.6,216654.1,110.1,2.23,-0.623,0.07,0.778
87593.8,124099.7,248098.7,205.2,0.99,0.319,-0.718,0.607
-25786.5,-3441.3,150607.4,119.7,0.45,-0.291,-0.34,0.894
37628.5,110626.2,204641.3,279.9,0.3,-0.47,-0.247,0.847
57702.1,107022.9,215371.9,288.7,0.3,-0.365,-0.353,0.861
26396.5,117516.9,200187.5,179.3,0.68,-0.476,-0.356,0.804
37404.5,110778.1,204566.8,356.9,0.31,-0.449,-0.26,0.855
24066.3,111553.7,196112.5,113.6,1.85,-0.461,-0.411,0.786
87913.3,127035.4,249646.8,320.1,0.55,0.272,0.258,0.913
88491.5,121513.0,246749.7,288.8,0.27,0.867,-0.195,0.555
60918.9,99285.3,215794.9,286.3,0.22,-0.712,0.075,0.7
87853.1,116919.8,243453.0,52.2,0.26,-0.599,-0.482,0.639
-29824.1,17868.7,164003.7,352.1,1.85,-0.247,0.086,0.964
84126.6,118991.0,242051.2,315.3,2.21,-0.403,-0.536,0.741
-26915.5,2732.9,153290.7,20.5,0.3,-0.205,-0.48,0.853
75369.7,112482.2,231294.2,169.3,0.28,-0.41,-0.527,0.744
22034.0,50568.0,159431.7,120.8,1.43,-0.504,-0.085,0.859
55918.2,124807.7,227372.7,254.8,0.24,-0.567,-0.366,0.737
38336.7,106258.5,204840.6,218.2,2.15,-0.462,0.402,0.791
46940.4,128397.1,230059.5,235.5,0.09,-0.347,-0.749,0.569
16120.1,-108.9,161782.0,218.3,0.27,-0.482,0.335,0.81
14727.3,57357.9,159672.0,312.2,0.35,-0.117,-0.362,0.925
22927.9,113090.0,196207.5,252.9,0.27,-0.548,-0.208,0.81
80038.2,128282.8,245415.2,256.5,0.3,-0.374,0.38,0.839
47626.5,104651.9,208863.5,241.4,0.29,-0.471,-0.288,0.834
30109.0,100583.3,200655.0,103.8,0.21,-0.635,-0.278,0.716
10010.2,88263.3,175052.1,245.9,2.84,-0.081,-0.549,0.832
41218.9,102364.4,205673.9,335.3,1.52,-0.106,-0.468,0.877
85937.9,121787.3,245153.1,251.4,0.2,-0.711,0.023,0.703
62126.6,124247.3,231933.2,124.4,0.23,-0.31,-0.706,0.636
34346.2,109384.1,202430.4,258.4,0.34,-0.476,-0.239,0.847
56142.8,123876.2,227018.0,340.9,1.71,-0.534,-0.506,0.677
85638.5,126702.1,248312.7,286.9,0.38,-0.57,-0.379,0.729
59295.2,115256.8,222222.9,180.5,0.27,-0.734,-0.378,0.565
65574.0,113905.4,224518.5,203.7,1.32,-0.107,-0.729,0.676
67167.7,113258.0,224838.4,139.9,0.24,-0.422,-0.598,0.682
100477.6,138569.6,236496.4,30.1,0.09,0.171,0.805,0.568
21420.1,111725.5,194697.6,116.9,1.99,-0.534,-0.354,0.768
32013.1,112653.2,201749.7,120.0,1.68,-0.452,-0.459,0.765
58352.3,100362.2,213660.4,124.2,0.26,-0.427,-0.451,0.784
5915.6,-310.3,158219.7,310.0,0.34,-0.136,0.307,0.942
37669.1,112880.7,205435.3,242.6,1.22,-0.493,-0.246,0.835
80961.2,103595.0,231437.3,235.2,1.63,-0.673,-0.001,0.74
89116.8,124447.0,245736.8,54.8,0.17,0.682,-0.269,0.676
81886.7,121460.7,241438.2,243.0,0.28,-0.527,0.339,0.779
85672.7,110682.2,238690.2,52.0,0.89,-0.69,0.177,0.7
48120.7,102658.9,208550.9,104.9,2.39,-0.508,-0.215,0.834
42216.4,104759.4,206596.8,308.8,0.3,-0.354,-0.135,0.925
30217.7,109051.5,199759.4,320.0,2.41,-0.626,-0.027,0.779
87886.4,123452.1,247400.5,358.6,0.38,0.431,-0.483,0.751
77480.8,120432.9,237624.6,309.5,0.17,-0.704,0.269,0.657
102254.4,119520.7,223260.9,298.0,0.83,0.678,0.38,0.631
84457.0,131733.7,245094.9,92.2,0.26,-0.326,0.532,0.781
56112.2,117368.5,220152.8,297.0,0.77,-0.702,-0.031,0.712
59767.8,115488.9,222639.4,272.0,0.46,-0.493,-0.274,0.826
89544.6,127779.8,248731.5,286.9,0.42,0.537,-0.564,0.625
40570.8,110596.0,206209.5,37.7,0.63,-0.411,-0.312,0.856
86311.2,132400.3,245569.5,246.7,1.18,-0.497,0.332,0.802
51902.2,120610.2,216523.5,95.5,1.4,-0.448,-0.43,0.776
42097.1,120331.3,211076.2,320.5,0.77,-0.402,-0.424,0.811
60612.5,119367.1,223058.9,339.5,1.42,-0.556,0.439,0.706
16786.6,112372.5,194128.7,5.9,0.31,-0.484,-0.348,0.801
36962.7,113386.2,205087.3,237.9,0.3,-0.567,-0.149,0.81
42504.9,104182.1,206589.2,272.1,0.33,-0.33,-0.248,0.911
42121.8,101956.4,205615.9,218.4,1.56,-0.199,-0.627,0.753
17048.8,61525.4,161317.8,64.3,2.77,0.082,-0.433,0.897
43416.6,112143.8,208195.2,73.3,0.4,-0.375,-0.391,0.841
-21625.3,-48642.3,139695.2,165.9,0.45,-0.242,-0.028,0.97
-30008.1,5672.4,154333.4,241.3,2.67,-0.384,-0.465,0.797
63997.5,125791.9,234770.8,45.8,0.54,-0.407,-0.623,0.668
34235.1,103673.4,203345.3,68.3,0.24,-0.529,0.43,0.732
17117.1,95558.3,185041.2,304.3,0.53,-0.736,-0.153,0.661
72554.1,125429.4,239000.7,125.9,2.31,-0.431,0.026,0.9
78397.4,103774.2,229110.1,74.1,0.9,-0.589,-0.245,0.77
28194.0,61868.0,164529.1,240.4,1.33,-0.366,-0.233,0.901
21460.6,50553.2,159103.7,144.3,0.33,-0.493,-0.15,0.857
67453.9,110996.9,222816.7,214.7,0.97,-0.48,-0.502,0.719
34546.4,110863.7,202925.3,296.8,2.24,-0.547,-0.178,0.818
52896.8,130078.4,230132.1,278.0,0.14,-0.224,0.738,0.634
59806.5,95552.2,214992.6,41.1,0.21,-0.784,0.181,0.593
91233.1,130510.5,248305.5,40.3,0.42,0.569,0.403,0.717
24500.2,117780.8,199552.3,264.6,0.35,-0.18,-0.589,0.788
92558.8,130739.7,246836.4,107.0,0.19,0.187,0.684,0.705
16613.0,95069.4,184104.4,184.2,0.29,-0.77,-0.295,0.566
69689.0,120034.6,230350.2,132.1,0.17,-0.53,0.516,0.673
76349.6,107257.7,228892.8,356.3,1.92,-0.63,-0.202,0.749
-18472.0,6104.9,158107.2,162.7,0.4,-0.33,-0.336,0.882
23595.3,61175.6,161964.4,323.4,0.31,-0.203,-0.33,0.919
13192.5,106642.9,188563.7,237.4,0.71,-0.365,-0.521,0.771
89551.9,125021.7,245580.5,292.9,0.82,0.811,-0.177,0.558
80239.1,108382.9,232801.1,215.1,0.27,-0.441,-0.575,0.689
15796.1,93915.7,182321.6,48.8,0.26,-0.771,-0.302,0.563
81298.3,136302.9,240688.1,311.4,0.8,-0.496,0.464,0.731
11611.4,112033.4,191159.1,104.5,0.29,0.259,-0.636,0.726
83761.1,106593.3,234845.9,200.6,1.62,-0.701,-0.173,0.692
76727.1,111834.8,230866.9,318.9,2.09,-0.373,-0.494,0.779
-3356.4,-3662.3,158447.8,267.4,1.94,0.044,0.089,0.995
22077.7,107083.0,194610.0,320.7,0.15,-0.74,0.205,0.64
17343.5,55394.8,159194.5,159.6,0.32,-0.154,-0.27,0.95
87151.9,119799.4,245144.2,94.1,0.28,-0.381,-0.468,0.797
37417.7,108716.4,204085.1,194.6,0.47,-0.496,-0.105,0.862
17724.8,-2103.8,163832.4,326.7,0.32,-0.588,0.345,0.731
18108.0,122545.7,201536.6,22.6,0.66,-0.156,-0.637,0.754
-29878.6,-5082.4,149082.6,234.1,1.56,-0.157,-0.212,0.964
34143.3,116341.0,204326.5,20.9,0.27,-0.559,-0.284,0.779
31795.1,58875.5,166233.9,288.8,0.31,-0.552,-0.134,0.823
46413.4,103477.6,207930.0,60.8,0.32,-0.478,-0.283,0.832
87140.7,120519.3,245850.6,264.4,0.21,-0.367,-0.568,0.734
39705.3,108189.6,205020.9,22.3,0.4,-0.467,-0.11,0.877
81861.5,129433.7,245257.0,68.2,1.08,-0.659,0.304,0.688
57956.7,109936.6,216998.9,309.5,0.31,-0.573,-0.261,0.777
60465.8,114826.9,222721.1,235.6,0.18,-0.438,-0.584,0.685
-18961.0,-28.3,153459.8,47.4,0.3,-0.297,-0.269,0.916
87847.6,123241.0,247287.4,268.2,0.55,0.013,-0.745,0.662
87290.1,128374.6,248493.2,5.5,0.23,-0.269,0.594,0.758
89942.2,125358.8,245150.7,289.5,0.82,0.741,-0.347,0.574
41614.1,111935.2,207212.5,16.3,0.83,-0.421,-0.312,0.852
61686.8,114921.3,223834.6,121.4,1.11,-0.698,-0.392,0.6
50396.7,120154.3,215459.0,350.1,0.18,-0.286,-0.672,0.683
22758.8,58930.6,161340.4,71.4,0.89,-0.55,0.062,0.833
43912.1,92156.8,199015.9,80.2,0.41,-0.29,-0.655,0.698
33572.0,109158.2,201928.1,92.7,1.62,-0.485,-0.208,0.85
38009.7,114434.8,205997.2,206.4,0.33,-0.553,-0.148,0.82
91639.5,132563.5,246631.3,348.4,0.32,0.773,0.211,0.598
20878.5,107055.0,192899.9,27.6,0.09,-0.695,-0.445,0.565
78101.8,123977.2,241411.2,59.6,0.16,-0.546,-0.506,0.668
98409.9,113518.5,229867.2,117.4,0.22,0.558,0.372,0.741
60489.9,115432.5,223086.3,57.3,0.46,-0.507,-0.465,0.725
87772.1,123110.5,246988.7,327.1,0.11,-0.274,-0.77,0.579
24843.1,103185.4,197097.0,263.6,0.24,-0.643,0.013,0.766
86638.5,121773.7,245808.8,1.9,0.4,-0.606,-0.197,0.767
56469.8,117431.1,220529.7,163.2,0.74,-0.71,0.196,0.676
31429.5,112581.2,201331.4,204.4,0.41,-0.458,-0.393,0.798
-29976.1,382.6,151160.4,280.7,0.33,-0.328,-0.351,0.877
18680.7,118660.9,197852.6,6.7,0.47,-0.573,-0.129,0.808
57025.1,118235.2,220545.9,37.1,0.23,-0.493,0.46,0.738
85535.0,124258.5,247903.6,289.4,1.74,-0.053,-0.67,0.744
42502.6,104708.0,206702.9,133.7,0.32,-0.362,-0.138,0.922
36056.1,110143.5,203624.2,259.3,0.46,-0.466,-0.262,0.845
31909.0,112134.3,201441.7,151.7,0.35,-0.427,-0.383,0.819
-14073.0,-76255.0,139544.7,169.5,0.88,-0.274,0.227,0.934
57560.7,100937.3,213487.5,133.7,0.58,-0.509,-0.12,0.852
54504.5,119362.1,218173.1,174.3,0.44,-0.595,0.346,0.726
69556.3,115714.7,230835.0,146.8,0.12,-0.497,-0.635,0.59
82474.8,136595.7,241195.5,281.7,0.68,-0.652,0.134,0.746
36436.0,112664.0,204572.8,43.3,1.07,-0.537,-0.209,0.817
70534.0,120317.5,230813.9,142.1,0.22,-0.569,0.386,0.727
30070.2,125422.5,211140.1,353.7,0.26,0.282,-0.724,0.628
83093.0,120107.9,242184.4,334.7,1.38,-0.275,-0.653,0.706
17769.8,123050.0,201788.8,276.2,1.31,-0.219,-0.589,0.778
21944.3,50550.1,159372.2,209.3,0.32,-0.502,-0.089,0.86
85493.6,126248.9,248014.2,140.8,0.6,-0.612,0.113,0.779
59800.9,116228.5,222919.0,253.5,0.24,-0.552,-0.388,0.738
91416.8,142102.9,244067.5,161.4,0.53,0.115,0.646,0.754
27946.2,114659.6,199911.0,48.0,0.46,-0.41,-0.455,0.791
37637.8,108282.4,204144.0,150.8,3.07,-0.445,-0.088,0.891
65883.1,112905.0,223417.1,18.9,0.98,-0.464,-0.564,0.683
12230.5,4677.1,158221.3,290.2,0.82,-0.306,-0.121,0.944
80430.3,128084.6,245623.2,200.1,0.5,-0.223,0.682,0.696
86423.4,127414.2,248865.1,135.2,1.04,-0.397,0.449,0.799
19444.3,112194.3,194204.7,306.9,0.34,-0.139,-0.612,0.778
58537.4,135857.9,225488.7,69.6,0.39,-0.073,0.552,0.831
51098.0,98688.5,208601.8,355.7,0.91,-0.504,-0.168,0.847
55029.5,93440.4,209007.4,252.5,0.83,-0.652,-0.103,0.751
73231.0,121199.1,233037.0,132.8,0.16,-0.39,-0.675,0.643
64976.7,119820.2,226189.5,307.6,0.27,-0.679,0.331,0.656
36383.4,114705.4,205231.5,33.4,0.28,-0.359,-0.471,0.806
12387.1,1134.3,159299.4,337.3,1.22,-0.287,0.423,0.859
65929.9,96628.2,221686.6,160.2,0.21,-0.663,0.258,0.703
90780.6,121713.7,239880.4,252.9,0.45,0.627,0.27,0.73
29041.3,127500.2,213284.4,116.5,1.0,-0.803,-0.063,0.591
99861.4,119405.4,226207.9,216.8,2.06,0.593,0.338,0.731
88725.5,112011.3,242371.9,66.9,0.64,0.302,0.14,0.925
67418.2,116536.8,229037.2,115.4,0.2,-0.728,0.073,0.679
10143.1,1395.8,158537.9,192.0,0.31,-0.299,0.387,0.872
21985.6,50736.2,159397.3,90.0,0.4,-0.495,-0.043,0.868
72148.0,96545.5,226023.6,206.9,1.49,-0.634,0.134,0.757
23502.4,97304.3,195355.4,66.5,0.82,-0.113,-0.817,0.566
85758.9,124631.7,248130.7,325.5,1.51,-0.209,-0.494,0.843
28697.3,114633.6,200270.4,191.3,0.42,-0.431,-0.441,0.787
73095.9,121024.4,232976.3,111.9,0.27,-0.613,-0.002,0.784
15654.5,94496.1,182499.6,89.7,0.12,-0.75,-0.252,0.614
19336.2,111193.3,193541.3,13.8,0.44,-0.301,-0.47,0.83
27148.9,59575.6,163533.0,15.1,0.3,-0.471,-0.116,0.875
79297.0,139312.7,237837.3,220.8,0.59,-0.535,0.451,0.705
47876.5,102870.8,208484.2,210.3,0.6,-0.472,-0.242,0.848
87482.4,126543.6,249723.9,273.7,1.09,-0.366,0.244,0.897
-29608.5,2182.2,152301.0,83.6,0.32,-0.21,-0.496,0.843
54850.2,117450.6,219231.5,310.6,0.6,-0.658,-0.154,0.735
-29044.0,-117690.6,139351.0,150.0,0.32,-0.01,-0.012,1.0
59097.6,91155.5,214370.6,207.9,0.37,-0.811,-0.128,0.571
61102.7,136241.0,225328.1,340.3,0.3,-0.134,0.459,0.878
30812.7,101197.2,201018.1,34.6,0.09,-0.716,0.397,0.574
8985.6,-941.1,159112.1,26.2,0.3,-0.334,0.349,0.875
12244.6,67010.6,163937.1,265.8,3.02,-0.044,-0.432,0.901
62120.8,128876.1,232851.9,28.0,0.39,-0.359,0.382,0.849
-19206.1,-9119.5,150817.0,165.2,2.36,-0.412,-0.27,0.87
58508.1,91556.3,213718.7,276.7,0.31,-0.735,0.238,0.63
70267.0,111817.6,226588.1,169.1,0.6,-0.413,-0.709,0.571
59654.3,115823.4,222701.8,28.7,0.29,-0.535,-0.243,0.809
87260.0,121540.3,246097.3,76.1,0.76,-0.526,-0.348,0.776
-27902.6,4193.7,154106.4,221.0,0.34,-0.149,-0.55,0.821
-18459.2,6118.7,158119.1,130.3,0.3,-0.327,-0.336,0.883
25048.5,113689.6,197734.8,286.1,0.92,-0.509,-0.295,0.809
85568.8,126231.5,248075.6,200.4,0.47,-0.605,0.119,0.787
29041.1,123768.5,209301.0,206.4,0.35,-0.451,-0.457,0.767
38572.2,109664.7,204891.8,228.1,1.04,-0.473,-0.193,0.86
68412.9,119813.5,229341.5,121.9,0.21,-0.696,0.37,0.616
31919.6,112160.9,201459.9,193.2,0.8,-0.428,-0.38,0.82
22339.8,50645.7,159622.6,326.5,2.71,-0.482,-0.06,0.873
53395.7,136343.0,223894.4,338.2,1.59,-0.348,0.394,0.849
54374.9,129975.5,230938.4,182.9,0.79,-0.099,0.827,0.555
55809.1,115858.6,218111.4,63.2,1.25,-0.592,-0.452,0.666
37846.5,107512.9,204184.5,140.1,0.64,-0.394,0.016,0.919
-1084.3,-6269.3,159206.6,288.5,0.53,-0.032,0.228,0.972
91684.9,131291.8,247354.0,76.7,0.21,0.72,0.414,0.556
75465.1,112220.3,231155.5,130.8,0.95,-0.379,-0.56,0.736
-22454.1,11341.0,159893.9,74.2,0.4,0.134,-0.318,0.938
89566.1,118134.9,240695.4,341.3,0.13,0.773,0.163,0.613
75128.8,127873.3,239133.2,148.2,0.81,-0.698,0.255,0.67
76150.6,101131.1,227432.8,258.1,0.27,-0.581,-0.115,0.806
78402.2,108029.4,231069.4,135.3,0.17,-0.554,-0.516,0.653
-40706.1,-19855.8,142194.7,131.1,3.03,-0.026,-0.286,0.958
42861.5,104379.3,206769.1,162.2,0.41,-0.254,-0.249,0.934
42984.3,103768.0,206628.9,284.7,0.5,-0.238,-0.279,0.93
88050.3,126026.5,249656.4,32.3,1.85,0.58,0.026,0.812
87191.8,124663.4,248679.0,118.3,0.22,-0.254,-0.68,0.686
37855.5,109226.2,204415.5,125.6,0.41,-0.503,-0.151,0.851
33284.3,117679.7,204204.5,99.1,0.32,-0.386,-0.43,0.816
66702.6,127561.0,235633.3,96.9,0.11,-0.069,0.814,0.579
82543.8,108062.6,234587.4,235.0,0.37,-0.522,-0.627,0.578
86964.6,125157.8,248986.1,347.3,0.72,-0.311,-0.562,0.767
37491.1,104748.7,205288.8,112.6,0.28,-0.518,0.416,0.748
84323.4,126332.5,246943.3,236.2,0.62,-0.627,-0.152,0.76
76025.8,124986.1,241398.0,209.4,0.27,-0.528,-0.325,0.756
-29261.7,-109548.7,139555.0,13.4,1.05,-0.004,0.047,0.999
-24446.6,-2033.6,151599.2,16.8,0.31,-0.124,-0.503,0.855
61938.0,115695.9,224613.6,253.1,0.3,-0.504,-0.382,0.775
82510.6,120945.8,242166.9,52.7,1.7,-0.602,0.201,0.772
37142.3,109739.1,204133.8,182.9,1.27,-0.465,-0.232,0.855
59789.6,117436.7,223173.3,231.3,0.85,-0.677,-0.025,0.735
62520.3,119813.1,224412.1,232.2,1.42,-0.522,0.419,0.743
89669.4,125390.9,245531.6,142.7,0.25,0.777,-0.263,0.571
80347.0,129700.0,244007.8,162.5,1.42,-0.459,0.588,0.66
88577.9,123683.2,246599.3,297.9,0.14,0.742,0.23,0.629
87679.6,122650.9,246490.7,344.0,0.3,-0.742,-0.039,0.665
86362.8,124260.5,248026.5,288.5,0.18,-0.142,-0.717,0.685
83389.6,120316.5,242477.5,315.4,0.77,-0.346,-0.578,0.739
38424.3,106427.2,204816.5,46.0,1.38,-0.471,0.367,0.802
60408.9,115142.2,222824.9,114.0,0.39,-0.464,-0.447,0.765
64206.3,120098.0,225447.6,237.3,1.63,-0.58,0.356,0.732
70602.0,116983.7,231768.1,207.0,0.71,-0.697,0.023,0.717
86520.2,121947.2,245733.5,112.8,0.71,-0.648,0.077,0.756
34604.2,109324.8,202551.0,140.0,0.55,-0.481,-0.228,0.846
13131.8,58958.1,160253.5,201.3,2.32,-0.052,-0.391,0.919
-35742.5,2860.5,150640.6,313.5,0.24,-0.101,-0.622,0.777
84919.1,128629.1,247480.5,134.2,0.43,-0.291,0.519,0.804
19447.8,111240.3,193605.2,100.8,0.3,-0.281,-0.473,0.835
14402.6,3701.4,159610.0,148.8,0.27,-0.614,0.212,0.758
55832.5,101569.6,212516.0,121.4,2.48,-0.501,-0.364,0.785
59329.1,113643.9,220264.9,169.8,0.29,-0.233,-0.504,0.832
-17850.1,6114.0,158393.0,103.9,0.51,-0.384,-0.123,0.915
35062.3,111386.2,203364.2,105.4,1.47,-0.563,-0.11,0.819
39925.7,123880.5,213964.4,194.1,0.52,-0.541,-0.539,0.646
-31742.4,4778.3,153041.4,313.8,0.55,-0.321,-0.478,0.818
6553.7,114652.4,202307.6,214.0,1.0,0.658,-0.095,0.747
39566.1,106223.4,205445.1,124.3,0.33,-0.226,0.445,0.866
63839.8,126671.3,234892.2,36.8,0.21,-0.654,0.188,0.733
-26645.8,3396.7,153714.6,261.8,0.58,-0.231,-0.504,0.832
14488.2,89527.6,178930.2,137.9,0.95,-0.208,-0.571,0.793
52673.6,118337.1,217021.0,73.5,0.29,-0.707,0.196,0.679
57950.8,115120.0,220855.9,122.2,0.21,-0.576,-0.576,0.581
63818.9,113223.7,222857.6,71.2,0.43,-0.251,-0.771,0.586
93913.8,131612.8,245362.3,156.2,0.21,-0.048,0.669,0.728
57921.2,117786.1,221521.5,60.0,0.19,-0.612,0.393,0.686
24848.0,123070.7,205538.3,132.5,0.08,-0.436,-0.706,0.558
71306.4,131485.4,234525.4,71.1,0.24,-0.533,0.54,0.651
56457.7,115296.9,218464.6,65.9,0.65,-0.646,-0.49,0.586
31953.9,112156.5,201475.0,310.0,0.48,-0.425,-0.382,0.821
44364.5,119840.1,211692.3,128.3,1.01,-0.202,-0.529,0.824
55175.5,91424.3,209202.6,23.4,0.13,-0.778,-0.08,0.623
65618.0,113925.6,224545.1,208.7,0.24,-0.107,-0.729,0.677
87687.1,121345.3,246286.8,174.4,0.34,-0.519,-0.271,0.81
87788.1,126728.3,249735.5,314.4,0.48,0.237,0.231,0.935
36499.7,110096.9,203859.4,241.6,0.79,-0.465,-0.245,0.851
34260.6,110904.0,202745.7,56.1,0.5,-0.557,-0.15,0.816
87512.2,105648.6,240193.7,17.4,0.09,0.802,0.159,0.574
84211.1,124468.6,247519.0,75.5,0.19,-0.545,-0.436,0.708
55409.0,114229.7,215372.1,93.6,0.29,-0.653,-0.342,0.676
59427.1,110310.2,218190.9,29.6,2.67,-0.474,-0.085,0.875
86164.1,126295.0,248556.7,247.8,0.51,-0.651,-0.003,0.755
91912.0,129064.6,248752.2,86.7,0.56,0.266,0.682,0.681
-26455.4,4675.4,154621.6,216.4,2.3,-0.054,-0.557,0.828
70612.7,111443.0,226468.0,101.6,0.08,-0.4,-0.726,0.56
84573.1,125875.4,247260.7,69.9,0.3,-0.7,0.272,0.661
57507.1,120829.5,220460.3,16.9,2.05,-0.573,-0.213,0.791
22662.1,112427.4,195751.2,304.3,0.27,-0.465,-0.393,0.793
61231.4,99808.2,216224.1,263.6,0.62,-0.788,0.127,0.602
88118.8,129987.5,247858.3,325.5,0.49,-0.496,0.337,0.8
59768.3,120551.9,221904.9,348.5,0.49,-0.653,0.227,0.722
39230.0,112407.5,206139.7,142.4,0.3,-0.462,-0.328,0.824
-1514.4,-3079.8,158298.6,288.7,2.85,0.002,0.111,0.994
59092.7,115820.7,222159.7,122.5,0.32,-0.63,-0.441,0.639
91244.1,122494.2,239335.8,215.1,0.36,0.634,-0.304,0.708
23112.1,49066.1,159688.7,37.7,1.78,-0.427,-0.086,0.9
88424.2,126558.5,249242.7,341.5,0.27,0.83,0.094,0.552
60858.1,115154.6,223149.7,266.6,0.23,-0.474,-0.482,0.737
69819.3,128604.2,235429.6,10.3,0.18,-0.628,0.352,0.694
41376.9,104508.9,206155.8,310.9,0.64,-0.487,-0.101,0.867
41837.9,119232.7,210319.0,131.1,0.69,-0.398,-0.443,0.803
40974.1,105546.3,206046.3,63.9,0.92,-0.433,-0.045,0.9
60144.7,118622.7,223140.3,21.3,1.86,-0.568,0.415,0.711
36417.7,111059.0,204129.5,71.3,0.3,-0.473,-0.226,0.851
9318.3,-458.7,158978.3,121.4,1.43,-0.351,0.498,0.793
46045.9,103661.6,207787.3,224.1,0.96,-0.496,-0.254,0.83
40080.5,120311.1,209763.0,304.3,1.54,-0.405,-0.42,0.812
85462.3,125817.2,248207.7,247.0,0.28,-0.495,0.339,0.799
68595.8,96629.0,223965.2,153.1,0.33,-0.571,0.08,0.809
37304.1,101553.4,204884.1,310.1,1.29,0.12,-0.278,0.953
90151.4,134566.4,247202.8,334.5,1.51,0.542,0.428,0.725
58493.7,120338.0,220904.5,304.2,2.08,-0.649,0.147,0.743
60112.4,128788.3,231714.3,164.1,0.84,-0.015,0.757,0.653
69856.0,110664.2,224682.9,96.1,0.15,-0.634,-0.453,0.63
63253.6,97740.7,218947.1,4.5,0.14,-0.767,0.073,0.636
-25549.2,-109075.8,139654.8,37.6,0.3,-0.021,-0.147,0.989
7966.3,70176.9,165302.7,336.0,0.49,-0.043,-0.488,0.872
31537.2,107717.0,200462.7,209.3,2.59,-0.455,-0.231,0.86
88386.7,122126.4,246830.4,58.2,0.65,0.681,-0.023,0.733
77143.4,125762.4,241956.4,31.6,0.57,-0.705,0.299,0.645
21059.0,-673.6,165021.3,327.2,0.43,-0.391,0.492,0.778
61072.1,110748.0,219470.0,1.5,0.27,-0.609,-0.307,0.732
77387.0,121752.7,236700.5,307.8,0.22,-0.685,-0.166,0.694
38664.8,116839.4,207444.6,302.8,1.75,-0.471,-0.353,0.809
87178.0,140415.6,243789.5,121.0,0.19,-0.671,-0.22,0.708
31052.3,108081.4,200265.6,259.1,0.44,-0.508,-0.042,0.86
46519.7,103588.2,208054.9,173.7,0.34,-0.482,-0.269,0.834
88327.7,126249.5,249331.5,305.7,0.14,0.765,0.151,0.628
77087.1,113344.0,232335.5,73.9,0.16,-0.16,-0.75,0.642
20483.1,122908.8,201798.7,206.1,0.18,-0.042,-0.786,0.615
83153.5,111502.3,236500.9,90.4,0.27,-0.562,-0.286,0.776
40284.3,105560.1,205683.4,123.0,0.77,-0.241,0.042,0.969
16379.8,7048.3,159519.8,185.3,0.6,-0.487,0.319,0.813
27028.7,114019.5,199074.7,37.5,0.8,-0.405,-0.409,0.818
89547.0,124611.1,245453.7,63.2,0.29,0.703,-0.308,0.641
36650.0,89814.3,192702.3,207.1,0.25,-0.777,-0.253,0.577
56237.8,111277.1,215618.3,119.5,0.79,-0.725,0.02,0.689
24750.2,122744.4,205029.3,213.9,0.25,-0.39,-0.735,0.554
52868.9,118961.7,216982.6,222.3,2.16,-0.606,0.259,0.752
56173.2,130507.4,230544.1,128.1,0.26,-0.175,0.789,0.588
61281.6,121397.8,223073.8,6.8,0.15,-0.499,-0.598,0.628
87652.7,125976.0,249867.8,153.1,0.31,-0.01,-0.236,0.963
7268.0,70052.4,165150.3,45.6,0.39,-0.173,-0.369,0.913
26163.1,118731.6,200803.3,111.9,1.26,-0.259,-0.537,0.803
61410.0,98908.3,216492.2,183.5,0.18,-0.766,0.08,0.638
11942.0,2728.6,158449.6,356.3,0.42,-0.289,0.386,0.876
70477.7,113003.3,228414.3,84.5,0.12,-0.716,-0.343,0.607
51613.3,98220.6,208745.9,228.0,2.57,-0.387,-0.344,0.855
31655.4,107973.2,200601.2,54.8,2.71,-0.484,-0.182,0.856
31463.2,112889.4,201545.2,159.4,0.25,-0.475,-0.389,0.789
-36753.8,3411.8,150924.2,133.3,0.27,-0.152,-0.598,0.787
19407.9,117600.1,197865.6,129.9,0.24,-0.551,-0.322,0.77
37099.9,107300.3,203924.5,78.3,1.67,-0.37,0.103,0.923
52607.9,115454.6,213556.4,323.3,2.0,-0.593,-0.135,0.794
-16226.1,-9431.6,152439.8,115.0,0.47,-0.432,-0.232,0.871
62848.8,102360.8,217539.6,296.6,1.07,-0.52,0.057,0.852
19070.9,62301.4,161689.6,228.7,0.36,-0.195,-0.46,0.866
68658.5,131781.6,231709.9,62.4,0.31,-0.446,0.69,0.572
39783.9,108889.9,205246.9,194.0,2.47,-0.4,-0.311,0.862
36757.2,120609.2,208161.1,139.4,0.26,-0.49,-0.633,0.599
58426.3,115399.2,221334.5,225.8,0.31,-0.502,-0.422,0.755
22306.0,51357.8,159643.7,225.6,0.53,-0.399,-0.217,0.891
50434.1,96363.7,207120.2,150.2,0.52,-0.394,-0.442,0.806
66949.4,113204.8,224706.0,300.6,0.11,-0.525,-0.606,0.598
57476.0,118326.3,220772.7,269.0,0.23,-0.538,0.46,0.706
56183.2,110498.9,215367.4,265.6,0.18,-0.698,-0.214,0.683
76782.9,126131.2,241365.5,252.0,0.24,-0.669,0.429,0.605
86807.4,126163.2,249152.2,317.3,0.44,-0.693,0.057,0.718
72410.1,125648.6,238896.5,342.6,0.29,-0.496,0.276,0.822
58321.8,112958.6,218780.8,216.3,0.23,-0.78,-0.048,0.623
21499.5,114218.8,196139.8,289.1,0.56,-0.171,-0.611,0.773
65916.6,118868.4,228084.9,346.4,0.17,-0.626,0.385,0.678
30004.6,123241.5,209547.1,60.4,0.37,-0.504,-0.362,0.784
17067.4,96071.8,185062.6,83.2,0.46,-0.645,-0.193,0.739
83134.3,121344.4,242540.1,9.0,0.52,-0.686,0.274,0.673
76594.4,112440.2,231426.6,233.5,0.9,-0.064,-0.69,0.72
16093.6,53691.1,158501.4,77.6,0.43,-0.193,-0.348,0.917
23081.8,112853.9,196211.9,353.9,0.39,-0.474,-0.351,0.807
35352.8,108561.1,202772.2,71.1,1.37,-0.497,-0.237,0.835
89308.0,128323.6,249264.4,282.4,1.65,-0.394,-0.26,0.879
78159.0,122155.3,237657.2,277.1,0.31,-0.609,-0.3,0.729
-34387.0,-14904.0,143711.8,337.5,0.34,-0.147,-0.154,0.977
41706.1,104452.0,206349.4,73.0,0.36,-0.423,-0.17,0.89
61644.7,101787.7,216720.0,158.8,0.98,-0.552,-0.128,0.824
92910.2,127842.0,248326.1,114.2,2.45,0.584,-0.17,0.787
33799.9,117619.0,204450.8,339.8,0.28,-0.51,-0.259,0.82
18650.8,62194.3,161552.9,197.5,0.76,-0.162,-0.457,0.874
62410.7,92290.6,217262.8,309.7,0.39,-0.529,0.493,0.691
83080.0,129688.3,246038.8,137.5,2.24,-0.512,0.315,0.799
38590.5,109688.8,204908.5,358.8,0.76,-0.475,-0.196,0.858
94912.4,116502.2,231855.4,125.6,0.26,0.766,-0.073,0.638
38711.1,109407.9,204899.5,196.3,0.61,-0.439,-0.203,0.875
58985.1,114760.5,221226.1,137.7,0.44,-0.503,-0.595,0.626
59004.6,113721.1,220215.4,56.2,0.51,-0.317,-0.523,0.791
65063.1,119475.3,226471.6,243.2,0.15,-0.675,0.404,0.619
70386.1,130018.1,234995.6,111.5,0.21,-0.493,0.546,0.677
-28395.6,-107377.0,139570.0,104.6,0.3,-0.075,0.065,0.994
28394.0,115495.7,200597.1,11.6,1.88,-0.427,-0.423,0.799
57293.9,123719.0,227639.4,83.5,0.33,-0.318,-0.698,0.642
74335.5,135928.1,235289.8,322.8,0.62,-0.15,0.742,0.65
88058.6,127046.1,249596.4,234.0,0.52,0.555,0.102,0.82
58678.8,116151.9,222122.4,1.4,0.36,-0.524,-0.567,0.638
-25884.1,3468.4,153986.6,295.6,1.03,-0.215,-0.503,0.837
65459.2,124253.9,234175.5,335.4,0.94,-0.207,-0.767,0.614
29130.3,55989.1,164004.9,116.9,0.32,-0.439,-0.262,0.86
38142.5,109199.1,204595.8,46.8,2.56,-0.483,-0.157,0.861
86054.0,124111.1,247815.9,115.1,0.14,-0.099,-0.832,0.557
56500.0,125354.5,228043.7,174.7,0.21,-0.483,-0.522,0.693
46161.4,103827.2,207903.4,55.0,0.32,-0.485,-0.211,0.849
27434.6,123819.5,208040.6,249.2,1.0,-0.382,-0.68,0.626
28686.6,114547.4,200208.7,208.7,0.58,-0.441,-0.433,0.786
65065.8,127024.8,236251.9,36.9,0.51,-0.101,0.532,0.832
91131.8,120991.0,239709.9,289.0,0.11,0.814,-0.054,0.579
17350.0,55483.4,159221.4,309.8,0.33,-0.152,-0.267,0.951
7914.1,121857.2,204738.3,10.8,0.69,0.166,-0.803,0.571
79173.8,123602.9,240769.4,58.9,0.47,-0.44,-0.64,0.621
76513.1,107055.4,228954.5,154.3,2.13,-0.547,-0.355,0.757
58996.6,100966.1,214430.0,243.3,0.27,-0.483,-0.335,0.809
101101.0,115100.6,226865.1,239.2,2.11,0.641,0.249,0.726
87861.1,125748.6,249736.8,288.3,0.38,0.183,-0.552,0.807
36573.2,109711.8,203801.7,359.5,0.38,-0.477,-0.216,0.852
40318.0,105411.3,205706.0,42.0,0.32,-0.249,0.062,0.966
69658.0,130802.1,233856.7,175.0,0.1,-0.44,0.684,0.582
35379.6,106647.8,203196.1,200.6,0.16,-0.65,0.401,0.646
69621.8,100831.0,223171.2,198.0,0.24,-0.588,0.286,0.756
11494.0,97071.7,182683.1,315.5,1.53,-0.487,-0.414,0.768
-4883.0,-3979.4,158882.0,296.8,2.49,0.307,0.091,0.947
25080.9,113105.3,197558.1,104.5,0.92,-0.489,-0.401,0.775
85941.1,124384.2,248020.1,10.5,0.3,-0.14,-0.623,0.77
24247.8,112994.7,196938.0,105.4,0.27,-0.466,-0.361,0.808
82002.8,138314.0,240704.5,30.6,1.95,-0.408,0.434,0.802
88702.8,123301.2,246507.1,210.1,0.13,0.811,-0.145,0.567
26257.0,111515.3,197253.4,262.3,0.26,-0.592,-0.144,0.793
13736.5,2615.8,159249.1,6.0,0.32,-0.449,0.288,0.846
30085.3,113141.7,200558.7,261.5,0.22,-0.662,-0.101,0.743
53184.7,117237.6,217602.3,239.1,0.85,-0.745,-0.288,0.6
84880.4,120696.5,243861.7,129.3,0.13,-0.712,-0.332,0.619
69396.4,126000.0,237703.7,82.1,1.0,0.175,0.625,0.762
71719.1,113671.4,230082.2,225.0,0.81,-0.648,-0.304,0.697
77432.8,106049.8,228935.8,283.7,2.11,-0.552,-0.276,0.787
60088.9,118680.6,223053.6,312.8,0.19,-0.569,0.433,0.699
-19759.4,-102845.0,141019.1,226.5,0.32,0.176,0.011,0.984
57662.0,116091.4,221174.0,271.6,0.35,-0.44,-0.638,0.634
33486.2,110542.1,202146.0,141.3,0.37,-0.56,-0.113,0.821
37676.6,113525.7,205582.5,351.9,0.67,-0.524,-0.207,0.826
12820.0,3877.5,158491.9,276.2,0.36,-0.425,0.252,0.87
82134.4,110165.9,235632.9,261.7,0.51,-0.688,0.116,0.716
86721.0,124322.4,248154.2,7.3,0.23,-0.21,-0.681,0.701
57487.7,121220.9,220521.5,54.7,0.22,-0.417,-0.695,0.601
36667.0,110021.9,203928.1,100.0,0.32,-0.473,-0.234,0.849
60086.4,120808.7,222096.8,229.3,0.32,-0.563,0.069,0.819
16753.0,-8135.5,164898.6,106.3,0.3,-0.314,-0.026,0.949
82310.6,120323.5,242020.0,178.7,0.68,-0.387,-0.315,0.862
81443.2,120967.3,241349.8,86.0,0.39,-0.57,0.254,0.781
83181.1,127623.4,247263.9,214.6,0.77,-0.412,0.462,0.785
12694.5,124868.2,204745.3,250.8,0.24,0.538,-0.343,0.77
69588.6,113785.0,228235.3,103.1,0.58,-0.043,-0.833,0.552
50906.4,89808.7,204875.6,94.0,0.15,-0.726,-0.277,0.628
40764.0,101278.7,205060.6,105.0,1.67,0.057,-0.526,0.848
80375.3,127188.7,246476.7,42.6,0.51,-0.122,0.526,0.84
5094.7,72371.8,166124.6,355.4,1.74,-0.263,-0.348,0.899
38178.8,107724.8,204357.0,329.1,0.49,-0.386,-0.04,0.922
37255.6,110755.6,204484.2,71.1,0.63,-0.449,-0.26,0.855
88337.5,126349.0,249342.1,226.1,0.13,0.788,0.124,0.607
58019.4,117031.5,221899.1,32.8,0.85,-0.532,0.224,0.816
95461.7,134525.9,242730.5,31.8,0.16,0.071,0.753,0.654
43959.8,120542.4,212029.5,214.2,0.58,-0.336,-0.479,0.81
22980.7,49594.1,159718.5,291.1,2.88,-0.369,-0.217,0.904
82760.7,122270.6,241778.9,66.7,0.33,-0.586,-0.3,0.724
86506.4,120457.3,245199.7,18.9,1.0,-0.609,-0.367,0.702
84693.1,103631.0,236166.5,295.7,0.84,-0.599,0.221,0.769
-26719.5,14141.8,163406.4,218.2,0.44,0.159,-0.242,0.957
16910.6,99801.1,186017.5,254.1,0.35,-0.62,-0.164,0.767
82403.0,125804.5,245076.4,10.8,0.24,-0.603,-0.315,0.724
69087.8,114231.8,228509.1,220.6,0.66,-0.623,-0.224,0.747
-25482.6,2218.6,153424.3,169.5,1.43,-0.253,-0.507,0.824
-1252.8,-3213.4,158308.4,21.2,1.84,-0.019,0.149,0.988
88588.3,123755.6,246546.0,111.1,0.13,0.739,0.266,0.619
87176.0,134410.7,245487.4,218.6,0.74,-0.577,0.2,0.792
39003.6,109017.5,204937.8,30.5,0.39,-0.401,-0.255,0.88
80304.9,135715.7,240309.7,337.4,0.77,-0.558,0.255,0.789
59347.1,113321.3,220094.0,174.7,1.45,-0.209,-0.484,0.849
80139.3,105918.5,231393.7,316.9,0.41,-0.763,-0.199,0.616
51729.0,120547.6,216391.9,170.8,1.64,-0.443,-0.423,0.781
61448.6,93582.2,215937.3,276.7,1.04,-0.56,-0.533,0.634
27695.9,118745.4,201466.5,215.4,0.27,-0.473,-0.356,0.806
52575.9,117242.1,216950.5,114.7,0.1,-0.715,-0.378,0.587
61862.8,115893.3,224641.2,245.5,1.23,-0.482,-0.329,0.812
40854.9,110931.3,206456.2,187.0,1.69,-0.417,-0.315,0.852
25815.1,108058.9,196640.8,108.9,0.44,-0.502,0.405,0.764
83533.2,143236.3,240645.9,115.5,0.24,-0.62,0.153,0.769
61302.9,124046.1,231207.9,252.1,0.19,-0.509,-0.563,0.65
84615.9,121447.3,243978.4,301.7,0.96,-0.647,0.113,0.749
68517.8,114925.5,228125.5,57.6,0.16,-0.538,-0.634,0.558
-43413.0,-134047.1,139920.6,153.0,1.06,0.116,0.01,0.993
84304.7,120753.4,243346.0,125.9,0.22,-0.527,-0.434,0.73
57201.8,91633.4,211579.9,161.6,0.26,-0.754,0.264,0.601
33038.1,110634.8,201839.0,204.0,0.36,-0.57,-0.071,0.818
70067.6,114070.5,228812.9,29.3,0.26,-0.515,-0.542,0.665
98895.3,113495.4,229543.7,108.1,0.93,0.66,0.265,0.703
7753.0,57036.0,159153.1,197.2,1.81,0.193,-0.354,0.915
76827.8,111852.8,230934.2,15.9,0.27,-0.43,-0.418,0.795
29547.2,101580.9,199946.1,125.6,2.3,-0.39,0.5,0.773
51127.2,119163.1,215450.9,65.4,1.94,-0.61,-0.127,0.776
41453.2,100803.9,204814.1,111.6,1.72,-0.062,-0.483,0.873
63104.6,119850.6,224816.6,218.5,1.74,-0.474,0.471,0.744
34466.8,113273.1,203455.7,24.6,0.96,-0.414,-0.475,0.776
21809.7,108299.8,193946.2,304.9,2.45,-0.603,0.196,0.773
66522.8,113449.7,224446.1,65.3,0.26,-0.589,-0.581,0.562
59382.1,116452.8,222694.9,314.6,0.27,-0.537,-0.316,0.782
42907.3,104396.6,206786.5,245.3,0.32,-0.241,-0.249,0.938
39632.0,109718.6,205439.3,343.8,0.39,-0.417,-0.251,0.873
-37984.6,14340.8,165528.5,321.6,0.29,0.101,-0.532,0.84
-11967.4,2897.6,158762.5,263.8,0.88,0.226,0.339,0.913
15715.6,-4762.1,163645.6,137.4,2.25,-0.44,0.335,0.833
23711.4,111858.4,196085.0,283.0,0.26,-0.418,-0.439,0.795
-25269.6,8767.7,157891.3,212.4,0.29,-0.304,-0.456,0.836
88645.9,124310.1,246200.2,338.1,0.23,0.773,-0.016,0.631
82419.7,101959.1,232311.1,58.4,0.55,-0.695,-0.284,0.662
19851.3,107435.2,191893.7,108.2,0.12,-0.779,-0.208,0.592
86613.9,124367.3,248150.1,217.3,0.22,-0.203,-0.646,0.736
32789.4,57585.2,166534.2,253.2,0.34,-0.453,-0.325,0.83
-14550.2,3710.4,157950.2,33.3,0.51,-0.272,-0.237,0.931
21592.4,108039.6,193803.5,40.5,0.39,-0.618,0.212,0.757
58439.0,101557.4,214238.0,164.9,2.31,-0.551,-0.037,0.834
76748.0,114069.1,233188.4,288.4,0.2,-0.279,-0.721,0.634
64525.3,120500.5,225569.9,83.5,2.15,-0.633,0.216,0.743
27124.6,112015.4,198001.9,335.4,1.49,-0.606,-0.188,0.772
38593.0,108447.0,204618.4,6.9,0.5,-0.355,-0.26,0.898
32180.6,109963.1,201208.9,236.1,1.39,-0.567,-0.109,0.816
55599.3,114198.3,215571.5,231.4,0.16,-0.642,-0.375,0.668
17456.9,9932.8,158718.6,60.2,0.56,-0.559,-0.059,0.826
84512.8,126219.6,247135.3,320.4,0.75,-0.677,0.031,0.734
71775.4,120346.6,231918.5,96.9,0.24,-0.671,0.373,0.641
-25949.5,-3582.7,150487.4,298.5,0.38,-0.27,-0.333,0.903
75712.9,124035.1,240034.1,99.3,0.14,-0.34,-0.706,0.62
-7917.5,2320.8,158235.3,359.5,0.31,0.186,0.243,0.952
38879.8,106548.1,205018.4,100.6,0.31,-0.386,0.408,0.827
36541.2,111146.4,204217.8,179.4,0.31,-0.477,-0.226,0.849
18241.6,59414.3,160415.4,253.6,1.96,0.009,-0.303,0.952
69161.9,113004.4,227073.9,211.4,0.08,-0.513,-0.646,0.56
58277.8,115052.1,221073.0,271.5,0.29,-0.502,-0.6,0.623
58832.8,114720.7,221147.8,306.5,0.52,-0.475,-0.548,0.687
13407.1,63238.8,162260.2,254.5,1.22,-0.201,-0.393,0.897
-18606.6,6269.9,158133.5,260.6,0.61,-0.279,-0.402,0.871
46691.4,107265.0,209149.1,212.7,0.25,-0.694,-0.083,0.715
78497.8,111190.2,232234.6,302.0,1.84,-0.66,0.076,0.747
88390.2,116835.8,243935.0,131.6,0.31,0.03,-0.076,0.977
32859.9,110583.3,201708.1,120.4,0.63,-0.564,-0.062,0.824
34689.6,109635.9,202695.6,145.8,0.33,-0.482,-0.242,0.842
62624.0,126676.7,234259.4,317.9,0.35,-0.553,0.384,0.739
55193.5,118800.5,219063.5,145.5,0.46,-0.533,0.515,0.671
33813.0,122538.6,208060.3,166.1,0.09,-0.566,-0.603,0.561
31006.2,115713.1,202011.9,307.4,2.08,-0.42,-0.41,0.809
39231.3,111870.6,205946.6,317.0,0.79,-0.451,-0.316,0.834
60747.4,119944.0,222818.9,99.6,0.27,-0.521,0.286,0.805
80437.1,124844.3,243016.6,320.2,0.09,-0.112,-0.816,0.565
84351.0,124660.9,247705.8,161.8,1.66,-0.537,-0.13,0.83
16091.1,94413.9,183290.1,143.7,0.17,-0.791,-0.243,0.562
81266.9,127663.4,246354.8,205.8,1.63,-0.198,0.619,0.76
20211.0,124023.7,202861.4,227.2,1.29,0.014,-0.572,0.82
65570.8,114331.8,224964.7,340.8,0.83,-0.159,-0.713,0.683
-29211.5,5634.4,154594.7,278.7,1.04,-0.244,-0.518,0.82
24282.7,123677.4,205574.6,136.1,0.11,-0.629,-0.533,0.565
79996.9,130520.3,243162.2,45.5,0.2,-0.48,0.588,0.65
25418.5,101981.8,197611.3,22.9,0.27,-0.557,0.167,0.814
34971.5,105660.9,202994.5,227.2,0.48,-0.673,0.103,0.73
88897.8,122702.7,246214.1,331.8,0.2,0.826,0.083,0.556
61818.0,114580.5,223771.0,107.1,0.11,-0.659,-0.453,0.602
60399.2,126822.6,233635.2,62.1,0.9,-0.339,0.221,0.902
36917.6,105393.6,204307.8,28.4,0.39,-0.581,0.359,0.731
62580.5,112120.2,221500.1,153.2,0.21,-0.396,-0.557,0.732
87748.3,126413.4,249815.8,162.9,0.36,0.242,0.188,0.951
87273.0,126649.8,249574.7,108.6,0.91,-0.527,0.182,0.828
25484.4,1621.3,166643.2,307.1,0.66,-0.418,0.273,0.866
73681.9,102758.8,225815.6,71.8,0.98,-0.556,-0.001,0.831
58985.2,114139.1,220708.0,298.8,0.65,-0.139,-0.757,0.636
53884.7,136464.4,223983.1,35.1,0.72,-0.372,0.413,0.831
-34038.8,-110778.9,139735.7,241.0,2.5,-0.387,0.335,0.859
39630.4,109370.6,205350.4,173.4,0.34,-0.417,-0.249,0.874
85959.1,129077.8,247494.9,52.5,0.29,-0.177,0.551,0.816
37435.7,124277.0,212936.0,168.8,0.11,-0.42,-0.685,0.595
56109.2,127750.1,233761.5,177.0,0.33,-0.084,0.46,0.864
84128.8,124213.7,247251.4,202.5,0.24,-0.437,-0.659,0.609
59749.2,115027.2,222458.8,207.5,0.18,-0.492,-0.612,0.624
59509.0,115815.1,222592.9,89.8,0.64,-0.593,-0.256,0.764
-27814.3,3201.5,153416.6,1.8,1.4,-0.125,-0.53,0.839
-15413.8,5530.2,158486.6,18.8,0.74,0.089,-0.202,0.974
32733.5,113816.7,202715.8,68.6,1.71,-0.498,-0.284,0.819
5047.7,90648.8,177986.8,117.8,0.78,0.195,-0.642,0.74
37185.3,111129.8,204562.2,346.6,2.75,-0.458,-0.26,0.85
71116.9,113567.5,229441.3,233.2,0.16,-0.603,-0.445,0.662
-34567.0,-10116.9,145137.5,173.5,0.31,-0.229,-0.284,0.931
87236.3,108847.1,239610.1,296.4,0.14,-0.7,-0.336,0.63
59730.5,115737.8,222713.7,224.4,0.38,-0.521,-0.245,0.818
70389.5,114695.9,229593.5,201.5,0.36,-0.291,-0.78,0.554
35921.1,112910.7,204258.9,346.8,0.75,-0.596,-0.119,0.794
4941.5,115619.0,203500.1,21.9,0.29,0.544,-0.222,0.809
42303.8,119498.1,210689.9,239.3,1.02,-0.383,-0.465,0.798
58408.7,115417.5,221331.6,10.5,0.45,-0.507,-0.414,0.756
38823.0,110246.6,205172.9,320.5,0.5,-0.459,-0.229,0.859
39512.1,110130.6,205514.9,48.6,2.62,-0.439,-0.253,0.862
66281.5,96557.3,222012.8,180.4,0.21,-0.663,0.142,0.735
75719.0,120802.8,235641.2,333.9,0.2,-0.569,0.418,0.709
39155.5,106039.1,205442.5,239.1,0.38,-0.327,0.436,0.838
17460.3,10001.5,158744.7,214.5,0.33,-0.566,-0.088,0.82
76374.5,109262.7,229915.6,129.1,0.18,-0.709,-0.137,0.691
103571.0,118716.8,222814.5,205.5,0.84,0.502,0.053,0.858
37637.3,112073.2,205131.9,100.6,0.3,-0.485,-0.294,0.824
29461.7,108193.4,199208.4,350.5,1.4,-0.56,0.193,0.806
63340.6,120435.7,224597.5,64.7,1.93,-0.563,0.37,0.739
38929.2,122126.2,211270.5,22.4,0.15,-0.042,-0.759,0.649
61668.8,120561.6,223342.4,55.5,1.88,-0.573,0.215,0.791
36684.9,118225.4,206936.1,351.6,0.2,-0.607,-0.354,0.712
83384.9,106051.3,234415.3,4.8,0.72,-0.679,-0.04,0.733
32204.1,108546.2,201023.9,325.3,0.3,-0.509,-0.116,0.853
59867.0,116312.6,223055.6,267.1,0.31,-0.558,-0.397,0.729
65923.9,101273.1,219919.2,75.0,0.24,-0.624,0.092,0.776
82486.7,120617.8,242161.9,251.6,0.31,-0.53,-0.084,0.842
-18758.1,5461.3,157727.7,318.4,0.33,-0.363,-0.572,0.736
14557.9,61596.4,161550.6,71.6,0.32,0.053,-0.526,0.849
18044.5,62897.4,161835.4,174.0,0.3,-0.097,-0.477,0.873
22588.7,117141.1,198823.8,211.6,0.25,-0.06,-0.627,0.776
60591.7,128336.6,232244.7,158.2,0.18,-0.072,0.724,0.685
68911.9,120255.9,229555.7,52.9,0.26,-0.634,0.354,0.687
9035.2,-1403.6,159252.7,335.7,0.65,-0.2,0.276,0.94
54047.5,115019.1,214561.7,228.1,0.62,-0.563,-0.331,0.757
72954.9,120239.7,233367.2,243.2,0.14,-0.68,0.364,0.637
88781.0,128809.7,248771.8,178.2,0.37,-0.616,0.242,0.749
101150.2,116939.8,225407.4,185.4,0.2,0.459,0.569,0.682
82782.5,111276.3,236124.3,228.6,0.55,-0.59,-0.364,0.721
36461.5,121977.4,210340.8,128.7,0.15,-0.369,-0.66,0.648
82914.2,120076.0,242083.7,347.6,0.51,-0.294,-0.639,0.711
12985.6,3622.7,158633.8,154.9,0.57,-0.39,0.245,0.888
84098.5,127270.1,247812.1,197.9,1.99,-0.309,-0.223,0.925
38589.6,99919.0,204318.2,163.8,0.44,0.116,-0.299,0.947
55570.6,93311.8,209417.9,325.6,1.49,-0.715,-0.237,0.659
100450.9,119398.2,225566.7,330.3,0.26,0.729,0.185,0.659
82179.7,104549.6,233763.0,123.2,0.33,-0.786,0.15,0.599
37751.0,112610.1,205393.7,37.1,1.03,-0.491,-0.271,0.828
70765.6,112915.7,228669.6,41.6,0.2,-0.654,-0.447,0.61
74468.6,130378.4,237748.3,64.3,1.03,-0.754,0.066,0.654
35176.5,108674.9,202696.7,197.3,0.29,-0.489,-0.25,0.836
58151.8,93027.0,213021.0,109.4,1.32,-0.766,-0.088,0.637
56365.8,118787.8,219799.4,279.9,0.27,-0.558,0.369,0.743
91448.5,141800.4,244305.8,177.6,0.34,0.115,0.608,0.786
33209.5,110620.1,201959.2,182.6,0.28,-0.569,-0.079,0.818
-11758.2,2573.7,158818.4,156.9,0.3,0.218,0.276,0.936
27917.3,114696.2,199917.0,290.5,0.26,-0.416,-0.447,0.792
-29058.1,4475.3,153863.5,284.8,0.34,-0.276,-0.521,0.807
87879.2,132773.9,246640.4,239.8,0.23,-0.626,0.301,0.719
26108.0,119668.3,201393.1,228.5,1.48,-0.237,-0.521,0.82
29025.9,111053.1,199120.2,312.6,0.31,-0.574,-0.249,0.78
82000.9,130070.5,245137.4,123.7,0.22,-0.592,0.333,0.734
57321.2,112969.2,217770.6,272.6,1.54,-0.682,-0.135,0.719
-26120.1,4162.4,154368.3,346.4,0.38,-0.203,-0.472,0.858
88071.5,126042.4,249633.7,11.1,0.34,0.6,0.049,0.797
96611.4,129832.4,246071.9,238.5,0.11,0.721,0.348,0.6
72800.5,100229.4,225102.9,27.4,0.21,-0.568,0.373,0.734
96100.1,128049.0,245782.4,111.6,0.33,0.604,-0.454,0.655
71309.8,120143.0,231681.4,158.6,0.16,-0.606,0.439,0.664
71245.6,126641.4,237530.0,311.9,0.95,-0.5,0.296,0.814
60868.3,123754.0,230597.7,179.3,0.87,-0.659,-0.481,0.579
27844.1,109026.9,197823.3,20.0,0.28,-0.569,0.019,0.822
6572.4,90509.5,178317.2,355.4,0.47,-0.327,-0.632,0.703
83707.8,125611.2,246658.8,239.3,0.22,-0.688,0.316,0.653
59910.0,128749.1,231726.1,235.3,0.62,0.14,0.773,0.618
40085.3,100548.8,204601.7,99.2,2.28,0.02,-0.57,0.822
74530.2,130870.3,237863.6,269.5,0.18,-0.827,-0.035,0.562
15792.2,95839.4,183366.7,261.7,0.14,-0.789,-0.221,0.575
86918.2,125064.9,248892.1,50.3,0.22,-0.334,-0.577,0.745
16266.2,98042.0,184692.4,262.1,0.21,-0.697,-0.164,0.698
47283.2,102504.9,208093.4,96.5,0.65,-0.435,-0.185,0.881
54217.9,127984.1,232874.8,48.9,0.55,-0.41,0.593,0.693
42890.4,103748.4,206590.5,212.0,3.06,-0.255,-0.272,0.928
56805.1,110618.0,216300.9,49.6,0.34,-0.792,-0.154,0.591
6444.4,84494.3,176443.4,264.6,0.1,0.373,-0.72,0.584
75755.5,125627.0,240688.5,184.4,0.53,-0.631,0.445,0.637
-14798.3,-112620.6,142162.0,160.3,2.48,0.197,-0.104,0.975
87013.5,125621.4,249385.0,98.4,0.56,-0.501,-0.415,0.753
88723.4,124444.3,246136.4,251.0,0.44,0.741,-0.209,0.635
19734.4,8311.0,160715.6,6.1,0.29,-0.21,0.546,0.81
-34117.5,3707.8,151565.7,61.6,0.37,-0.197,-0.548,0.813
56368.7,110446.8,215505.8,151.1,0.13,-0.745,-0.239,0.625
58422.5,118134.5,221742.3,78.6,0.7,-0.622,0.333,0.709
84755.6,126984.9,247668.7,345.3,0.28,-0.339,-0.663,0.666
73996.0,124693.3,239586.7,71.5,0.74,-0.233,-0.759,0.609
24946.2,112605.0,197136.5,57.9,0.46,-0.466,-0.453,0.76
45445.1,102816.1,207230.9,7.7,1.17,-0.519,-0.153,0.841
62102.3,112796.9,221708.2,261.4,1.43,-0.491,-0.537,0.688
59465.4,120614.0,221596.3,326.5,2.22,-0.626,0.061,0.775
65994.5,98599.6,220752.1,316.1,1.49,-0.598,0.407,0.69
73145.9,112086.1,229394.6,307.9,0.93,-0.622,-0.448,0.642
87243.4,124574.3,248577.9,7.2,0.17,-0.208,-0.717,0.664
70833.6,126866.4,237131.8,152.0,0.25,-0.507,0.37,0.779
73360.1,111877.4,229498.9,62.2,0.57,-0.633,-0.461,0.621
32139.2,120163.1,205027.4,13.6,0.29,-0.422,-0.607,0.674
69416.7,113965.9,228600.9,289.8,0.17,-0.078,-0.744,0.668
65002.0,127852.3,235337.2,242.7,0.26,0.187,0.707,0.682
14077.5,124481.4,203804.3,330.1,0.63,0.583,-0.516,0.621
40812.8,110890.6,206421.1,46.9,1.53,-0.415,-0.313,0.854
33896.5,109271.7,202140.7,21.5,0.46,-0.491,-0.225,0.842
104938.6,138045.3,229649.4,113.0,0.15,0.525,0.546,0.653
29082.5,108808.0,198808.0,128.6,0.23,-0.648,0.097,0.755
83948.9,125863.0,246651.1,143.4,0.21,-0.632,0.273,0.723
44253.1,117609.0,210758.8,320.7,1.57,-0.501,-0.239,0.832
84148.4,128108.5,247448.3,350.4,2.31,-0.405,0.4,0.822
58065.3,116163.1,221471.7,241.9,0.12,-0.556,-0.598,0.578
46795.5,108114.9,209611.5,24.8,0.35,-0.64,-0.319,0.699
60880.1,115207.0,223196.6,197.6,0.26,-0.48,-0.485,0.731
32291.0,100869.8,202227.1,187.3,0.75,-0.183,-0.588,0.785
82620.0,123519.0,245582.0,20.0,0.12,-0.446,-0.664,0.59
39612.3,108456.1,205022.1,47.4,0.9,-0.441,-0.206,0.873
16842.0,99854.1,185981.5,358.8,0.25,-0.62,-0.157,0.769
40705.7,111146.2,206467.0,141.7,0.3,-0.433,-0.296,0.852
92449.0,122052.1,237773.4,127.1,0.13,0.739,-0.289,0.609
75393.6,125185.2,240657.7,330.4,1.26,-0.608,0.303,0.733
34428.3,110535.3,202757.2,0.6,0.31,-0.542,-0.194,0.818
94017.8,129044.5,247924.1,143.2,2.36,0.256,0.468,0.84
88873.1,122716.3,246224.5,264.6,0.09,0.816,0.105,0.571
-19687.1,17390.5,158846.4,10.2,0.6,0.34,0.063,0.938
17852.9,64257.4,162544.4,118.9,0.65,-0.188,-0.466,0.865
31828.5,114513.5,202266.5,254.6,0.23,-0.658,0.047,0.751
58026.4,117008.1,221916.6,148.7,1.29,-0.53,0.217,0.82
47319.7,108113.0,209948.7,281.9,0.35,-0.453,-0.352,0.819
79384.9,110174.4,232990.8,237.9,0.37,-0.708,0.119,0.695
17410.7,56299.7,159447.5,250.6,0.33,-0.082,-0.26,0.962
34238.8,109176.0,202305.4,93.5,0.57,-0.482,-0.227,0.846
-28301.6,14127.1,164125.7,16.8,0.21,0.511,-0.461,0.726
54950.9,118013.2,219313.2,192.7,0.42,-0.639,0.135,0.757
47002.5,107457.7,209442.5,347.0,1.71,-0.605,-0.263,0.751
-16990.5,-95188.1,139533.2,159.5,1.03,-0.265,0.145,0.953
68481.0,125495.5,237131.1,206.1,0.19,-0.299,-0.674,0.676
36005.8,114844.8,205132.2,113.7,0.83,-0.446,-0.353,0.822
84705.8,103386.2,236229.5,192.0,0.42,-0.675,0.153,0.72
88585.6,122488.2,246542.1,178.6,0.24,0.791,-0.026,0.611
1689.5,59879.0,160287.4,348.1,0.4,0.048,-0.349,0.936
31948.5,114651.5,202374.2,356.0,0.94,-0.67,0.06,0.74
27278.0,114383.1,199393.2,209.7,0.29,-0.439,-0.422,0.793
57966.8,116575.9,221885.7,97.5,0.22,-0.596,-0.386,0.703
-27191.5,-10940.9,147666.1,28.5,0.55,-0.32,-0.208,0.924
59237.5,113850.8,220364.2,168.3,0.26,-0.226,-0.565,0.794
52878.8,88579.4,206257.9,324.6,0.32,-0.462,-0.276,0.841
85496.5,121664.5,244728.4,92.8,0.39,-0.719,0.083,0.688
78757.0,99382.9,229304.6,342.8,1.47,-0.522,0.313,0.793
60783.8,119498.1,223047.8,337.7,2.24,-0.513,0.433,0.741
60743.6,119642.5,222948.8,186.7,1.04,-0.525,0.377,0.762
64974.0,99349.2,219587.7,6.2,0.35,-0.632,0.319,0.705
56320.6,124243.7,227415.2,270.7,0.82,-0.523,-0.443,0.728
77877.7,105414.6,229109.3,249.2,0.22,-0.657,-0.184,0.731
10578.6,856.5,158977.0,186.0,0.3,-0.264,0.446,0.854
-35249.2,3780.0,151339.8,253.4,2.52,-0.177,-0.537,0.825
59763.3,119018.8,222539.1,181.1,0.94,-0.545,0.484,0.685
87997.6,122375.6,246938.3,173.2,0.3,-0.518,-0.016,0.854
47581.0,108719.4,210269.4,180.8,0.35,-0.441,0.023,0.896
69381.3,109850.7,224244.8,261.3,0.57,-0.714,-0.046,0.698
60712.4,92485.3,215416.8,30.2,0.28,-0.282,0.59,0.754
88429.5,122266.7,246723.3,75.9,0.41,0.742,-0.031,0.674
70106.1,114203.8,228843.6,176.2,1.55,-0.478,-0.543,0.686
48103.2,87403.1,198071.0,288.6,0.88,-0.744,-0.01,0.668
20067.8,121016.7,200113.3,65.8,0.24,0.152,-0.62,0.769
87954.2,120091.0,245738.3,51.2,0.72,-0.34,-0.56,0.755
29093.0,112498.9,199671.5,271.1,0.29,-0.619,-0.068,0.782
72217.1,124746.4,238636.3,215.3,0.44,-0.428,-0.702,0.577
76919.1,112984.5,231922.0,20.9,2.11,-0.103,-0.666,0.739
16779.1,2597.0,160917.0,273.4,0.64,-0.535,0.238,0.811
24906.4,113616.3,197607.9,227.9,0.26,-0.519,-0.303,0.799
72190.4,128529.4,237362.2,104.4,0.43,-0.66,0.331,0.674
-24355.0,200.7,152789.3,255.0,0.3,-0.284,-0.405,0.869
9156.1,-525.9,158950.6,100.9,0.78,-0.357,0.495,0.792
59395.2,115301.6,222380.5,292.2,0.15,-0.705,-0.351,0.617
41906.6,104570.7,206465.7,290.9,0.86,-0.366,-0.155,0.917
39333.1,107452.8,204833.6,121.0,1.11,-0.384,0.093,0.918
82719.0,125308.0,245472.3,161.4,0.2,-0.757,0.151,0.635
-38305.9,-25092.7,140461.0,77.8,1.42,-0.038,-0.193,0.978
80446.7,132113.3,242290.4,202.1,1.77,-0.16,0.627,0.762
87340.6,120973.4,246086.8,162.7,0.94,-0.512,-0.132,0.846
87464.2,119007.2,244864.8,222.4,0.31,-0.309,-0.461,0.832
84798.8,124304.6,247649.9,75.5,1.07,-0.395,-0.654,0.647
9388.8,78966.2,169739.9,337.8,2.93,-0.153,-0.461,0.873
87573.1,122599.7,246376.6,339.6,0.16,-0.749,0.006,0.66
19028.4,112471.4,194432.0,135.9,0.53,-0.027,-0.686,0.727
73705.0,114731.6,232482.5,328.3,0.18,-0.216,-0.794,0.569
17518.4,10416.2,158850.4,133.7,0.28,-0.577,-0.002,0.817
59471.7,119456.8,222086.5,187.3,0.4,-0.506,0.395,0.767
58770.8,115669.1,221737.7,141.3,0.22,-0.579,-0.475,0.662
87269.1,125543.6,249472.9,188.1,0.41,-0.289,-0.631,0.717
37076.6,109120.5,203941.9,274.9,0.57,-0.498,-0.161,0.852
38123.3,84569.4,190465.6,171.4,0.37,-0.126,-0.731,0.671
59677.2,106447.2,216341.9,244.0,0.3,-0.546,-0.367,0.754
59465.2,115157.2,222357.5,324.9,0.25,-0.63,-0.498,0.597
-20985.9,13626.2,160095.7,279.4,2.13,-0.078,0.037,0.995
-23325.6,8448.7,158242.5,339.2,0.96,-0.151,-0.557,0.817
93916.9,129894.7,247123.0,80.0,0.4,0.417,0.654,0.628
22723.8,123873.6,204016.9,99.2,0.11,-0.785,-0.153,0.6
90179.3,125920.9,245351.9,119.6,0.63,0.514,-0.572,0.637
67245.6,114562.8,226797.7,229.2,0.2,-0.605,-0.559,0.566
12816.9,4065.6,158421.4,114.5,0.54,-0.405,0.222,0.887
69570.7,125027.3,237141.9,14.0,0.12,-0.309,-0.742,0.596
85308.4,125900.3,248120.7,357.2,1.09,-0.554,0.384,0.739
33581.2,102143.5,203802.7,135.2,0.13,-0.721,0.341,0.606
37482.7,112703.2,205262.0,37.7,1.25,-0.506,-0.267,0.82
77772.0,113845.3,233295.9,300.5,0.12,-0.216,-0.758,0.615
91651.0,130577.7,247914.2,131.6,0.13,0.657,0.474,0.587
82101.1,120567.1,241935.4,178.4,0.62,-0.55,0.047,0.832
-36049.4,2941.7,150682.2,242.1,1.15,-0.079,-0.597,0.798
39318.1,109165.5,205148.9,155.6,0.35,-0.413,-0.266,0.871
30067.3,116184.1,201808.4,62.0,0.51,-0.402,-0.421,0.813
60451.4,105615.0,216497.3,18.8,1.11,-0.515,-0.245,0.821
87715.6,126007.1,249862.1,174.9,0.39,0.131,-0.175,0.963
39114.7,101262.9,204962.6,180.9,0.39,-0.234,-0.436,0.869
61503.8,124879.6,232182.3,262.7,0.87,-0.535,-0.595,0.6
25072.9,113095.8,197547.4,278.7,0.39,-0.49,-0.403,0.773
16391.3,6253.9,159797.6,352.9,0.3,-0.451,0.213,0.867
80620.8,128706.6,245027.4,31.2,0.21,-0.197,0.668,0.717
86040.9,124884.1,248390.9,121.4,0.39,-0.223,-0.591,0.774
75407.8,121406.4,234975.1,72.6,0.38,-0.709,0.234,0.664
30953.9,101269.0,201219.2,246.8,0.11,-0.734,0.379,0.563
26870.4,111068.4,197662.0,94.0,0.26,-0.543,-0.279,0.792
41986.1,102168.3,205668.3,60.2,0.26,-0.268,-0.541,0.797
32668.6,110133.2,201553.2,62.2,2.91,-0.542,-0.097,0.835
82725.5,125577.1,245445.6,323.4,0.16,-0.761,0.095,0.642
67170.4,116590.6,228757.3,123.6,0.25,-0.76,-0.026,0.649
12341.8,4311.2,158229.1,112.8,0.4,-0.241,0.001,0.97
58624.8,114046.9,220217.6,198.1,0.4,-0.511,-0.652,0.561
9061.9,-1114.4,159186.9,153.2,0.41,-0.302,0.268,0.914
67967.0,116276.6,229660.5,264.9,0.34,-0.658,0.061,0.744
68157.9,138312.0,226861.6,172.2,0.45,-0.515,0.158,0.842
86806.9,122122.1,245914.9,292.2,1.63,-0.577,0.286,0.764
53553.6,133852.8,225024.6,291.2,0.47,-0.628,0.271,0.729
52638.6,97599.7,208818.8,331.8,0.8,-0.55,-0.231,0.803
15467.1,104064.3,187873.0,167.9,0.43,-0.215,-0.517,0.828
37006.9,106727.2,203986.4,42.6,1.51,-0.32,0.217,0.922
-27300.2,-11163.0,147565.8,74.8,0.93,-0.328,-0.123,0.936
94592.3,129015.4,247929.0,342.1,0.32,0.159,0.216,0.946
22421.4,-16.6,165300.4,344.8,0.31,-0.352,0.396,0.848
16521.0,97555.1,184899.1,131.0,0.71,-0.748,-0.125,0.651
22549.6,117047.6,198749.4,314.3,0.25,-0.054,-0.624,0.779
14487.5,97977.4,183874.1,17.6,0.28,-0.206,-0.571,0.795
87851.3,121240.9,246360.1,65.2,0.52,-0.497,-0.306,0.811
6477.4,110663.3,201824.4,329.1,0.11,0.764,-0.26,0.597
-30769.3,3231.7,152488.0,257.1,0.35,-0.31,-0.463,0.83
-25677.0,-3476.9,150645.8,217.2,0.3,-0.28,-0.353,0.893
84291.6,120673.5,243309.0,106.7,0.21,-0.535,-0.434,0.725
57570.2,113244.0,217927.4,23.5,0.19,-0.707,0.115,0.697
77671.6,133306.3,238474.3,180.7,0.46,-0.575,0.242,0.781
42224.2,105345.8,206692.3,51.8,0.4,-0.41,-0.108,0.905
29941.9,114479.8,200812.0,34.9,0.35,-0.421,-0.391,0.818
71616.2,129660.1,236264.7,186.5,1.43,-0.599,0.356,0.717
105601.8,110017.3,221241.7,335.9,0.11,0.784,0.166,0.598
89771.6,129501.6,249314.0,109.6,0.33,-0.606,0.274,0.747
57927.8,109928.5,216973.1,336.4,1.12,-0.57,-0.268,0.776
76125.8,123461.7,239641.7,129.6,0.61,-0.245,-0.585,0.771
60862.4,119636.2,223022.4,198.1,0.24,-0.522,0.383,0.762
34984.9,113251.7,203647.5,333.8,0.49,-0.416,-0.445,0.792
17262.6,58255.8,160060.6,142.5,1.71,-0.025,-0.265,0.964
95782.0,136828.9,240236.4,164.8,2.25,-0.228,0.596,0.77
19231.4,62469.3,161823.1,350.9,0.37,-0.195,-0.472,0.86
65842.5,115595.4,226496.6,43.6,0.17,-0.407,-0.678,0.612
-30596.4,603.2,151094.2,259.4,1.73,-0.243,-0.403,0.882
-20775.2,-3360.7,151662.0,336.8,1.91,-0.235,-0.352,0.906
17475.7,7345.6,160050.0,11.6,2.37,-0.451,0.319,0.833
76885.2,133919.5,237729.0,153.8,0.36,-0.665,0.218,0.715
103343.7,120207.7,222057.1,30.5,0.33,0.524,0.258,0.811
19618.5,111279.1,193668.3,117.6,0.32,-0.242,-0.487,0.839
37636.1,120330.1,208610.9,86.5,0.21,-0.455,-0.512,0.729
89712.7,125011.7,245287.4,2.4,0.2,0.808,-0.144,0.571
-36450.5,3074.9,150728.7,153.7,0.46,-0.138,-0.568,0.812
35049.4,118582.0,206042.1,346.2,1.04,-0.679,-0.267,0.682
61431.8,97395.1,216906.8,110.9,0.23,-0.61,0.23,0.758
2272.7,107962.0,204177.2,115.9,1.49,0.25,-0.169,0.952
42397.9,119380.1,210665.2,17.3,0.82,-0.383,-0.462,0.8
84857.2,120395.1,243766.8,332.0,0.29,-0.595,-0.554,0.581
-35930.8,15700.6,165699.7,313.7,2.66,0.251,-0.317,0.914
67951.6,114881.7,227739.3,178.1,0.75,-0.445,-0.6,0.663
61827.4,105318.6,217419.2,79.3,1.67,-0.56,-0.337,0.756
83376.4,132959.0,243920.5,254.4,1.58,-0.297,0.54,0.788
80959.6,110582.9,234464.6,256.5,1.26,-0.596,0.221,0.772
73485.2,121252.5,233206.2,4.6,0.09,-0.375,-0.74,0.564
-27241.2,2552.1,153085.7,6.9,0.68,-0.209,-0.506,0.837
31172.0,113245.0,201523.3,210.7,0.25,-0.532,-0.313,0.787
89243.7,136481.7,246533.1,324.2,1.84,-0.681,0.177,0.709
24524.4,113928.4,197496.6,52.1,0.27,-0.493,-0.311,0.812
13053.4,3340.4,158741.1,322.7,0.31,-0.374,0.275,0.886
-28291.0,6168.9,155221.8,29.6,1.8,-0.225,-0.446,0.866
29805.2,110813.3,199586.3,185.0,0.27,-0.409,-0.429,0.805
89602.9,129591.5,249141.9,36.5,1.0,-0.595,0.295,0.747
77574.5,120838.8,237525.3,98.6,0.13,-0.676,0.401,0.619
49762.1,118399.0,213979.1,75.0,0.3,-0.585,-0.436,0.683
-31998.5,4520.6,152814.3,77.7,0.29,-0.318,-0.454,0.832
90403.9,120448.1,240256.5,312.6,1.03,0.648,-0.401,0.649
58789.9,115538.6,221677.5,62.3,0.17,-0.589,-0.449,0.671
50447.3,99032.0,208321.2,218.2,2.3,-0.366,-0.398,0.841
63106.0,119288.0,225223.2,68.1,0.97,-0.515,0.504,0.693
60819.1,114054.2,222179.0,125.5,0.1,-0.494,-0.661,0.565
42829.9,129224.5,228443.1,191.5,0.17,-0.33,-0.76,0.56
63768.5,102154.2,218148.2,213.3,2.33,-0.504,0.144,0.851
82913.2,120954.4,242435.4,66.6,0.53,-0.593,0.104,0.798
27894.4,114461.1,199766.5,355.3,0.61,-0.402,-0.459,0.792
23236.8,48987.6,159759.3,261.2,0.3,-0.417,-0.135,0.898
24299.3,113035.5,196986.1,19.8,0.41,-0.465,-0.359,0.809
88520.8,123885.7,246532.7,141.3,0.37,0.761,0.266,0.592
-39081.4,-25380.9,140680.7,299.3,1.36,0.252,-0.233,0.937
23895.0,118376.5,199970.9,305.0,2.93,-0.083,-0.531,0.843
65510.7,112999.7,223295.5,117.7,1.7,-0.291,-0.638,0.713
47684.4,104580.9,208878.2,137.6,0.3,-0.488,-0.239,0.839
40934.2,110784.1,206441.5,232.5,0.31,-0.419,-0.305,0.855
80733.8,107737.3,232577.0,141.5,0.18,-0.638,-0.408,0.653
32507.8,100448.7,201938.2,49.7,1.61,0.094,-0.686,0.721
63626.2,94735.4,218494.0,95.2,0.21,-0.535,-0.634,0.558
89131.9,127821.1,249234.5,132.4,0.82,0.454,-0.235,0.854
69025.2,120646.4,229443.1,154.5,1.1,-0.576,0.394,0.716
83522.8,120123.1,242398.7,42.8,0.25,-0.411,-0.587,0.697
85318.6,126418.9,247865.8,223.9,2.04,-0.648,-0.11,0.748
23546.5,112692.7,196407.0,140.8,0.96,-0.451,-0.39,0.803
9062.6,122568.2,205118.5,162.4,1.25,0.188,-0.736,0.651
87672.6,123373.9,247462.0,98.5,0.36,-0.195,-0.75,0.627
38732.2,109531.3,204947.1,177.0,0.39,-0.456,-0.211,0.865
35456.0,104690.8,203795.4,48.6,2.54,-0.515,0.36,0.778
79735.9,103909.6,230352.1,155.3,0.19,-0.633,-0.328,0.702
41512.4,110362.9,206580.3,349.8,2.06,-0.385,-0.336,0.86
26864.1,113626.7,198794.6,35.5,0.27,-0.388,-0.45,0.804
73344.9,100992.3,225149.8,20.0,0.5,-0.592,-0.062,0.8
-16222.5,6338.7,158557.5,337.7,3.06,-0.086,-0.119,0.989
-18523.8,6176.1,158123.4,261.9,0.99,-0.312,-0.361,0.879
1383.8,98332.6,185399.3,4.6,0.17,0.488,-0.528,0.671
60705.0,138727.5,224060.2,190.3,2.38,-0.141,0.437,0.889
43023.4,106096.1,206962.4,37.0,0.68,-0.339,0.188,0.922
85437.5,125832.9,248191.6,202.4,1.97,-0.495,0.352,0.794
11321.7,88971.7,175934.8,314.7,1.85,-0.202,-0.485,0.851
41822.3,96718.6,202735.0,269.4,0.46,-0.454,-0.418,0.78
87679.5,122662.3,246489.0,261.6,0.98,-0.74,-0.054,0.666
81161.5,104804.2,232255.5,121.1,0.39,-0.708,-0.19,0.68
56997.7,117808.2,220815.0,353.0,1.25,-0.513,0.427,0.745
27377.4,101319.3,198754.2,132.6,2.27,-0.518,0.111,0.848
87604.8,122481.3,246432.4,127.9,0.51,-0.753,0.077,0.653
80006.7,128592.2,245219.2,193.6,0.3,-0.191,0.494,0.839
16036.9,120942.4,199408.7,226.7,0.3,-0.01,-0.818,0.576
88667.2,123929.0,246351.1,130.2,0.42,0.729,0.289,0.62
98862.6,118646.0,227243.5,81.2,0.26,0.596,0.445,0.667
59496.7,115099.9,222320.7,138.7,0.1,-0.59,-0.56,0.582
40388.9,105665.1,205722.2,147.8,0.44,-0.336,0.028,0.94
59754.7,126955.1,233267.4,41.8,1.13,-0.526,-0.497,0.694
87304.6,121700.8,246215.2,84.2,0.28,-0.535,-0.304,0.787
64462.5,124967.7,234346.5,232.4,0.16,-0.213,-0.713,0.669
87408.9,122492.7,246203.4,282.2,0.19,-0.724,0.084,0.684
34634.9,104424.2,203140.1,276.6,1.04,-0.674,0.397,0.622
61436.5,120417.9,223197.5,130.5,1.4,-0.595,0.183,0.782
35600.5,111729.3,203797.7,196.6,0.5,-0.547,-0.204,0.812
68215.7,120348.0,228873.7,97.0,1.0,-0.727,0.192,0.659
-27131.0,16929.5,163559.0,27.8,0.64,0.559,0.308,0.77
66820.9,121425.4,227668.1,224.1,0.25,-0.448,-0.703,0.551
86818.2,107390.0,239336.5,114.1,0.28,-0.407,0.633,0.656
82729.4,130717.4,245420.0,341.2,0.45,-0.645,0.209,0.735
53361.7,131306.3,229685.9,251.3,0.78,-0.283,0.783,0.555
33862.3,124694.2,210842.3,140.4,0.13,-0.132,-0.775,0.618
81805.7,131598.9,244106.7,323.9,0.11,-0.771,0.314,0.554
18902.0,54915.8,159220.3,351.0,1.37,-0.013,-0.306,0.952
43241.6,102780.2,206154.7,162.7,0.51,-0.105,-0.524,0.845
69320.0,115960.2,230783.3,308.8,0.16,-0.696,-0.268,0.667
88818.7,124056.7,246102.5,211.0,0.22,0.727,0.234,0.644
41782.3,102433.0,205754.0,334.2,0.3,-0.195,-0.529,0.825
59848.2,120296.3,222130.2,340.2,1.17,-0.655,0.271,0.705
87413.7,122546.8,246207.7,105.9,0.59,-0.728,0.041,0.683
-24849.4,-28814.0,142394.9,111.3,1.64,-0.114,-0.074,0.991
20698.1,108739.3,193034.9,146.6,0.26,-0.605,0.068,0.793
73796.0,109996.7,227440.2,300.8,1.16,-0.336,-0.666,0.662
19810.8,108158.6,192023.5,26.3,0.95,-0.703,-0.272,0.656
53049.0,117966.3,217576.6,36.3,0.17,-0.727,0.154,0.669
80643.7,121475.6,240483.2,180.0,1.17,-0.622,0.39,0.679
15503.6,107956.7,190637.1,109.7,1.97,-0.028,-0.649,0.76
5418.1,74716.3,166980.1,122.4,0.3,-0.349,-0.286,0.891
87036.7,103511.5,238784.6,5.7,0.15,0.508,-0.574,0.65
61413.7,107036.3,217761.0,229.5,1.87,-0.486,-0.111,0.867
42742.0,103535.1,206487.1,350.4,0.38,-0.239,-0.296,0.924
70492.2,125404.9,237680.6,67.6,0.83,-0.321,0.177,0.918
43290.9,82145.1,190834.5,105.0,0.55,-0.449,-0.679,0.581
32645.8,110517.2,201565.5,82.0,0.28,-0.557,-0.053,0.829
61710.4,115982.8,224594.3,217.7,0.38,-0.504,-0.313,0.805
43546.4,122718.3,213911.1,34.0,0.3,-0.224,-0.801,0.555
47002.4,102604.3,207977.9,27.1,2.45,-0.443,-0.204,0.873
59836.4,115264.8,222616.9,335.8,0.58,-0.456,-0.388,0.8
-18123.5,-113487.5,141854.8,64.6,2.22,-0.372,-0.246,0.895
80322.5,104342.3,231095.2,244.9,0.18,-0.601,-0.418,0.682
74538.6,112232.3,230533.8,293.6,0.52,-0.373,-0.568,0.734
69657.4,113402.2,227683.2,187.6,1.15,-0.404,-0.589,0.692
16661.4,95417.1,184341.3,121.3,0.09,-0.782,-0.279,0.558
69485.6,114355.4,228817.7,70.6,0.23,-0.371,-0.537,0.751
86416.1,127322.6,248889.1,93.6,1.48,-0.439,0.387,0.809
17217.4,62687.6,161745.1,206.0,0.3,0.154,-0.412,0.898
27104.5,116896.9,200182.7,345.0,0.94,-0.54,-0.301,0.783
68307.3,100254.4,222265.6,259.7,0.15,-0.759,0.111,0.642
37147.8,109115.2,203983.5,297.1,0.62,-0.498,-0.155,0.853
59519.1,112686.3,219808.9,120.6,1.36,-0.25,-0.445,0.86
56768.6,111287.9,216112.5,222.7,0.21,-0.668,0.225,0.709
60863.1,114998.2,223028.2,274.6,0.82,-0.467,-0.49,0.735
10284.3,578.9,158975.4,289.1,0.34,-0.373,0.39,0.842
87806.2,119569.5,245271.0,356.5,0.35,-0.445,-0.441,0.779
10747.5,224.3,159290.9,75.4,0.3,-0.136,0.372,0.918
80785.8,110234.3,234396.1,241.3,1.14,-0.67,0.186,0.719
-18014.5,5660.2,158149.3,169.7,0.38,-0.467,-0.457,0.755
37149.0,107622.1,203898.2,125.7,1.15,-0.433,0.105,0.895
82821.3,141944.7,240080.3,218.2,1.14,-0.732,-0.03,0.68
17420.5,117899.1,196819.6,127.6,1.27,-0.571,-0.159,0.805
58511.3,115284.8,221323.8,105.6,0.92,-0.478,-0.457,0.75
22864.1,59158.4,161416.9,149.4,0.49,-0.557,-0.013,0.83
25680.5,114615.0,198459.2,354.3,0.28,-0.521,-0.307,0.796
15547.3,54965.7,158854.8,182.0,0.3,-0.14,-0.359,0.923
69879.3,113653.7,228069.1,233.6,0.11,-0.432,-0.683,0.583
87781.3,122714.7,246605.7,182.3,1.61,-0.718,-0.076,0.692
87626.0,126430.7,249847.7,319.2,0.3,-0.064,0.218,0.971
26508.5,120288.2,202060.9,344.0,0.12,-0.355,-0.739,0.576
59981.9,105006.9,216157.1,114.8,1.16,-0.506,-0.169,0.846
73379.3,124561.3,239023.6,24.7,0.8,-0.328,-0.624,0.709
29121.6,111058.9,199198.3,12.4,0.25,-0.579,-0.238,0.78
1673.2,98012.2,185028.3,337.3,0.63,-0.116,-0.656,0.73
12000.2,66755.4,163791.4,68.3,0.3,-0.045,-0.453,0.89
79685.6,102753.5,230032.4,244.1,0.26,-0.596,0.118,0.794
61782.1,115491.1,224407.0,228.3,0.7,-0.63,-0.481,0.613
59347.1,115625.4,222378.0,356.2,0.19,-0.701,-0.266,0.663
84533.1,146308.2,242039.0,359.4,0.18,-0.746,0.197,0.636
20256.0,112621.5,194689.7,335.6,0.32,-0.165,-0.575,0.801
15081.5,61865.4,161634.9,275.0,1.33,0.172,-0.455,0.874
55920.0,110911.5,215187.7,130.9,0.24,-0.685,-0.144,0.715
8263.9,124210.8,207349.1,59.0,0.29,0.35,-0.529,0.772
38009.4,108831.1,204426.8,62.1,0.46,-0.472,-0.176,0.864
77648.6,133007.0,238545.6,320.7,0.45,-0.606,0.354,0.713
2775.4,116886.8,205275.5,38.1,0.35,0.496,-0.307,0.812
46592.9,103464.8,208042.3,152.9,0.74,-0.462,-0.3,0.835
7600.6,71976.1,165967.3,114.5,0.28,-0.451,-0.341,0.825
53681.0,114905.9,214299.2,332.9,0.26,-0.576,-0.182,0.797
17989.2,122696.5,201627.7,247.8,0.25,-0.233,-0.598,0.767
87846.1,118873.0,244967.8,102.2,1.15,-0.454,-0.513,0.727
-29230.6,1378.9,151959.5,312.3,0.34,-0.236,-0.45,0.861
58752.0,114346.7,220830.6,11.2,0.24,-0.398,-0.686,0.61
32711.8,113962.4,202756.6,266.6,0.42,-0.487,-0.297,0.821
27766.2,110435.4,198041.3,20.4,0.28,-0.584,-0.188,0.79
74326.3,130229.6,237568.1,11.5,1.53,-0.692,0.176,0.7
40221.5,120148.3,209753.3,143.0,0.55,-0.463,-0.353,0.812
51470.2,107460.2,211916.9,261.7,2.28,-0.487,-0.119,0.865
-24026.4,-111844.7,139664.2,105.2,0.53,-0.379,0.076,0.922
71712.3,129543.5,236443.2,140.4,1.79,-0.569,0.284,0.772
-24945.7,170.4,152588.7,265.2,0.37,-0.185,-0.436,0.88
79336.5,107693.7,231594.4,33.8,0.11,-0.525,-0.626,0.578
47622.3,103096.7,208450.6,89.7,0.56,-0.431,-0.254,0.866
47696.0,119644.1,213463.2,277.1,0.28,-0.582,-0.128,0.803
75167.2,110622.6,229076.4,77.2,1.65,-0.561,-0.426,0.707
23824.4,112979.7,196682.9,149.3,1.73,-0.442,-0.372,0.816
1861.1,97265.7,184374.6,222.3,0.67,0.445,-0.463,0.748
85894.1,122031.2,245079.7,3.0,0.16,-0.726,0.227,0.648
16380.8,59813.8,160633.5,356.1,1.4,0.082,-0.356,0.931
47586.1,129966.9,229993.6,43.8,0.21,0.11,0.812,0.573
31512.7,114690.1,201952.1,211.1,0.58,-0.641,-0.01,0.766
-7328.0,-13338.6,155778.0,43.7,1.21,-0.249,-0.41,0.876
11971.6,89272.4,176637.5,41.9,0.18,-0.744,-0.374,0.555
6570.2,77985.4,168336.0,20.6,0.3,-0.049,-0.465,0.88
31902.5,113188.7,201938.5,165.1,0.26,-0.513,-0.323,0.795
87143.6,128548.4,248271.2,128.2,0.4,-0.318,0.583,0.748
84479.0,121779.2,243619.3,199.5,0.23,-0.606,0.412,0.68
60722.9,115577.0,223318.3,241.1,0.16,-0.526,-0.544,0.654
-11596.0,323.3,158988.6,303.5,2.4,0.127,-0.065,0.99
66529.5,113531.5,224583.8,287.4,0.09,-0.585,-0.579,0.569
33115.4,113321.1,202752.7,254.3,0.8,-0.404,-0.395,0.825
-28502.0,2084.3,152573.2,19.7,0.4,-0.183,-0.516,0.837
47707.2,129160.7,230795.2,91.2,0.26,0.294,0.544,0.787
95182.7,120247.8,231893.1,29.6,0.13,0.769,-0.231,0.597
-36856.2,-1370.1,147669.2,356.3,0.55,-0.234,-0.448,0.862
25762.3,110935.9,196727.6,39.4,0.43,-0.609,-0.189,0.77
30315.5,114336.1,200956.9,315.6,0.27,-0.557,-0.218,0.8
85987.4,127655.7,248500.7,184.3,0.28,-0.371,0.463,0.804
61666.3,115068.0,223883.7,18.2,0.36,-0.704,-0.392,0.593
88234.5,120548.8,246221.5,15.2,0.78,-0.141,-0.573,0.802
78440.8,132907.2,239573.9,233.3,0.1,-0.679,0.447,0.58
19514.4,111248.2,193629.1,299.5,0.63,-0.267,-0.478,0.837
-29987.5,2988.1,152712.5,346.0,0.82,-0.287,-0.494,0.82
27004.5,117443.9,200544.4,334.8,0.31,-0.349,-0.482,0.802
16556.5,94751.8,183848.7,17.7,0.49,-0.718,-0.34,0.607
86903.6,132311.6,246152.8,113.2,0.79,-0.664,0.335,0.668
59894.7,114845.2,222340.5,112.1,0.18,-0.509,-0.657,0.565
85057.6,134941.8,243781.9,3.4,1.52,-0.575,0.178,0.799
69548.2,110984.0,224657.8,100.5,0.44,-0.501,-0.608,0.618
58614.3,116139.2,222041.0,327.5,0.13,-0.528,-0.581,0.621
69417.7,119595.9,230436.4,44.9,0.19,-0.627,0.405,0.665
92338.2,132539.6,245621.1,115.0,0.37,0.707,0.4,0.584
44663.3,97871.5,204661.7,167.1,0.82,-0.273,-0.633,0.724
58100.4,107258.1,215628.0,312.8,0.79,-0.37,-0.39,0.843
61394.6,99793.6,216392.2,195.1,0.59,-0.757,0.164,0.632
86684.7,120549.3,245418.0,100.7,0.87,-0.63,-0.355,0.688
42370.2,105322.7,206738.7,39.8,1.28,-0.372,-0.145,0.916
38977.9,106395.4,205124.4,206.2,0.35,-0.378,0.44,0.814
15440.8,106763.2,189596.9,185.1,1.18,0.006,-0.628,0.778
87347.5,125059.0,249049.7,284.9,0.77,-0.001,-0.569,0.82
90639.1,120846.8,240331.0,135.6,0.38,0.693,-0.15,0.701
39090.3,109618.0,205161.6,6.7,2.84,-0.439,-0.23,0.868
36572.9,111696.1,204383.8,326.6,0.89,-0.49,-0.268,0.829
-17632.4,-62762.9,140313.0,103.4,0.35,-0.453,0.102,0.886
25034.6,113508.8,197663.8,130.8,1.26,-0.51,-0.307,0.803
34806.9,106580.9,202577.8,205.1,0.5,-0.684,0.33,0.651
73212.5,127027.6,238639.3,208.3,0.9,-0.415,0.368,0.832
11086.2,91268.3,178522.6,222.8,0.29,-0.107,-0.624,0.774
17405.4,9915.6,158679.9,245.4,0.65,-0.542,-0.045,0.839
20157.5,113388.3,195301.3,347.4,1.67,-0.017,-0.668,0.744
3859.2,113383.0,203876.2,204.5,2.08,0.459,-0.096,0.883
4760.0,69772.8,164903.6,206.1,0.74,-0.194,-0.393,0.898
75202.3,94842.8,229642.7,283.2,0.66,-0.761,0.002,0.649
-28133.1,4068.7,153984.2,75.8,0.46,-0.215,-0.541,0.812
90834.0,126498.0,245864.1,59.7,0.13,-0.162,-0.776,0.608
37636.3,111826.5,205047.8,275.1,0.36,-0.479,-0.287,0.829
19172.0,4930.0,161763.3,14.0,0.48,-0.503,0.237,0.831
59216.3,115577.8,222169.1,231.6,0.26,-0.729,-0.299,0.616
58287.4,115439.5,221252.9,211.6,1.78,-0.525,-0.38,0.761
23220.1,110371.1,194948.4,223.2,0.28,-0.498,-0.321,0.805
29250.5,112360.2,199778.0,98.0,1.79,-0.607,-0.109,0.787
79118.6,123381.4,240594.3,98.6,0.09,-0.553,-0.584,0.567
55944.4,119960.3,218956.8,75.9,1.75,-0.516,-0.114,0.846
-3103.3,-3772.4,158450.8,173.4,0.3,0.029,0.079,0.996
-25866.4,-3529.9,150537.2,78.2,0.31,-0.285,-0.335,0.898
38686.5,104807.1,205561.4,101.2,0.41,-0.123,-0.09,0.987
87514.8,125583.7,249584.2,233.3,0.2,-0.091,-0.713,0.694
17046.9,124823.1,202920.2,287.7,1.01,0.024,-0.58,0.814
61350.4,124019.0,231215.1,152.2,0.67,-0.49,-0.576,0.654
72433.5,128934.5,237274.8,317.9,0.15,-0.559,0.519,0.647
47581.6,108569.0,210264.5,128.1,1.2,-0.45,-0.111,0.885
36768.9,111048.0,204309.7,278.6,0.85,-0.468,-0.25,0.848
76788.6,122957.0,239436.6,13.2,0.51,-0.156,-0.759,0.63
58185.1,128895.5,232137.4,251.6,1.32,0.197,0.667,0.718
-25750.0,-3533.2,150591.9,59.9,0.72,-0.285,-0.344,0.895
64089.8,125696.2,234770.1,50.3,1.44,-0.39,-0.635,0.668
-28559.0,-117424.6,139363.6,4.7,0.3,0.007,-0.017,1.0
59053.5,115568.8,221949.2,42.2,0.18,-0.7,-0.368,0.611
33018.0,109873.0,201728.0,248.9,0.31,-0.53,-0.148,0.835
90463.4,129072.9,250035.8,203.6,0.32,-0.205,0.128,0.964
15830.4,-3908.5,163412.8,207.3,0.26,-0.567,0.286,0.773
71374.9,114521.0,229939.7,110.3,1.35,-0.595,-0.354,0.721
12293.6,4276.7,158224.7,253.8,1.02,-0.242,0.011,0.97
59176.9,115425.7,222057.6,29.0,0.74,-0.752,-0.311,0.581
84336.0,124279.2,247393.4,207.1,0.15,-0.343,-0.687,0.64
94718.2,111789.7,234308.7,183.3,0.38,0.579,0.38,0.721
-9236.1,-94782.7,143249.8,288.9,0.99,-0.289,0.091,0.953
83806.7,125662.3,246694.6,38.2,1.3,-0.634,0.367,0.68
55148.2,117976.4,219437.7,187.3,0.25,-0.613,0.097,0.783
35424.0,110572.4,203388.2,276.0,0.43,-0.507,-0.237,0.829
88049.7,123178.4,247060.4,308.6,0.3,0.248,-0.506,0.806
29178.8,60214.3,164827.4,359.6,1.85,-0.501,-0.14,0.854
27983.5,114794.5,200010.0,68.0,0.78,-0.42,-0.438,0.795
55297.5,117597.8,219593.9,64.1,1.81,-0.582,-0.043,0.812
29580.1,109351.3,199185.6,147.9,0.32,-0.659,0.095,0.746
88442.3,122275.9,246704.7,134.6,0.51,0.751,-0.031,0.664
39000.3,90135.5,196229.6,325.2,0.26,-0.735,-0.371,0.567
76614.6,124578.9,241158.7,301.9,0.19,-0.538,-0.58,0.612
64647.8,120921.2,225515.6,46.0,1.08,-0.56,-0.455,0.687
-20989.7,-2707.5,151876.5,298.1,2.84,-0.173,-0.343,0.923
27173.1,108232.6,197579.6,194.6,0.25,-0.542,0.374,0.753
88744.8,123697.4,246403.0,168.3,0.12,0.76,0.21,0.613
51586.9,98624.9,208859.8,51.4,0.3,-0.462,-0.254,0.849
28688.0,48746.9,162107.1,2.3,0.54,-0.395,0.056,0.917
88780.1,123006.9,246151.2,323.5,0.25,0.827,-0.043,0.558
28339.9,112691.2,199092.5,155.5,0.25,-0.606,-0.178,0.776
37062.2,109838.1,204116.6,302.3,0.3,-0.474,-0.231,0.849
14276.8,3910.6,159342.0,278.8,1.06,-0.652,0.321,0.686
16781.7,65450.2,163069.0,270.8,0.31,0.081,-0.455,0.887
38708.4,111360.3,205443.7,90.4,0.31,-0.441,-0.312,0.842
58522.2,107094.6,215813.6,187.3,0.27,-0.548,-0.308,0.778
58185.3,92765.3,213004.7,276.3,0.16,-0.73,-0.248,0.637
78415.3,136968.2,237785.7,270.6,0.56,-0.587,0.553,0.591
12404.0,4696.0,158279.5,307.8,0.35,-0.296,-0.19,0.936
33111.7,111197.4,201987.1,306.1,0.95,-0.563,-0.163,0.81
27034.1,113606.9,198849.3,304.2,0.65,-0.368,-0.463,0.807
-23743.0,-111327.7,139755.0,151.9,0.61,-0.404,0.077,0.911
-13199.3,5685.4,158214.4,250.2,1.1,-0.084,0.024,0.996
19183.7,60798.5,161049.8,283.9,0.53,-0.232,-0.326,0.917
74006.6,127649.0,238621.0,186.6,0.63,-0.322,0.448,0.834
73069.2,120540.1,233372.8,279.0,0.67,-0.681,0.358,0.639
17696.6,54861.2,159087.7,308.3,0.3,-0.159,-0.286,0.945
45930.7,102603.6,207458.8,64.4,1.03,-0.423,-0.142,0.895
39247.0,117466.6,208064.9,156.7,1.63,-0.436,-0.414,0.799
37530.6,108361.9,204101.7,277.0,2.54,-0.463,-0.095,0.881
88160.2,122859.7,246949.7,261.5,0.37,0.024,-0.019,0.978
101938.3,116937.8,225140.9,64.1,0.25,0.346,0.62,0.705
11857.4,83588.2,172523.7,152.8,1.07,0.103,-0.497,0.862
-16166.9,6346.9,158570.9,11.8,0.41,-0.083,-0.113,0.99
16579.6,56354.2,159400.5,346.0,0.3,-0.062,-0.316,0.947
85145.0,127668.0,248113.9,275.5,0.74,-0.352,0.348,0.868
6494.7,85502.6,177248.3,157.9,0.79,0.651,-0.343,0.676
-33990.5,15346.4,164795.3,47.3,0.9,0.329,-0.309,0.892
-25506.6,-6762.8,149407.6,44.4,1.14,-0.154,-0.349,0.924
83038.4,121008.0,242522.6,34.3,0.35,-0.619,0.091,0.779
55403.2,91671.9,209498.2,238.3,1.07,-0.732,-0.078,0.677
72902.5,124837.2,238933.0,160.4,2.78,-0.385,-0.416,0.823
63439.2,106795.8,218951.5,247.2,0.23,-0.546,-0.347,0.762
6309.3,76522.8,167805.9,15.6,0.3,-0.424,-0.12,0.897
16444.8,9630.1,158224.2,290.2,0.38,-0.427,0.18,0.886
14292.1,57336.8,159617.3,0.6,0.31,-0.102,-0.374,0.922
13756.7,123705.4,202945.6,346.6,0.17,0.321,-0.695,0.643
9989.8,-333.6,159248.7,46.0,0.75,-0.451,0.357,0.818
57495.4,119851.5,220091.4,158.1,0.37,-0.604,0.121,0.787
67321.7,106330.9,221489.3,243.5,0.27,-0.584,0.077,0.808
17439.8,60907.7,160953.2,182.4,1.3,0.103,-0.391,0.915
-27902.0,4275.9,154155.9,38.8,2.5,-0.178,-0.53,0.829
67589.9,116246.5,229237.1,208.0,0.15,-0.757,-0.102,0.644
83741.8,125516.5,246738.5,356.0,1.29,-0.702,0.306,0.642
79305.2,108111.1,232168.6,196.7,0.63,-0.573,-0.562,0.596
64002.3,120036.1,225301.2,253.8,0.26,-0.579,0.353,0.735
34247.8,110841.2,202724.7,328.9,0.5,-0.552,-0.161,0.818
-13968.2,4758.2,158144.8,203.0,0.8,-0.126,0.061,0.989
61814.7,115690.3,224539.0,6.8,0.22,-0.539,-0.434,0.724
61176.8,114289.4,222576.2,0.9,0.97,-0.463,-0.656,0.596
26632.7,111247.1,197546.9,194.3,0.36,-0.588,-0.171,0.79
15681.8,69082.6,164907.8,69.1,0.74,0.038,-0.435,0.899
33012.1,58708.0,166986.3,25.8,0.31,-0.534,-0.179,0.826
66909.1,113340.8,224759.7,72.9,0.29,-0.524,-0.58,0.625
45468.7,102760.7,207232.1,77.4,2.63,-0.52,-0.142,0.842
56553.4,132127.5,228146.9,145.9,1.04,-0.306,0.73,0.605
46689.9,101110.5,207373.2,201.5,0.28,-0.47,-0.405,0.784
59865.0,115572.5,222718.8,173.6,0.61,-0.497,-0.272,0.824
84438.3,124092.9,247180.7,134.3,0.24,-0.282,-0.763,0.582
39100.5,109383.4,205103.8,97.3,2.83,-0.435,-0.24,0.868
38564.3,109564.1,204863.7,166.0,0.38,-0.462,-0.185,0.867
8751.1,86616.3,174391.1,130.9,0.59,0.224,-0.424,0.876
62038.6,120967.9,223518.9,216.3,1.88,-0.593,-0.151,0.784
36139.2,124769.7,212320.4,196.7,0.13,-0.612,-0.5,0.614
9748.4,121468.9,203877.4,60.4,1.72,0.308,-0.658,0.686
30708.1,108383.3,200031.0,95.0,0.32,-0.537,0.009,0.844
80013.1,121310.7,239864.5,61.8,1.05,-0.691,0.269,0.671
65859.3,114162.8,224791.3,160.4,0.47,-0.152,-0.723,0.674
-20220.4,-122334.7,139898.2,88.3,0.31,-0.163,0.09,0.982
30942.4,112425.3,201039.4,327.1,0.32,-0.479,-0.324,0.816
-24508.2,-718.8,152234.8,275.0,0.37,-0.233,-0.425,0.875
87272.7,128852.3,248094.6,209.3,0.32,-0.297,0.536,0.79
39240.1,110871.3,205593.6,328.8,0.61,-0.472,-0.261,0.842
16738.9,63173.3,162067.4,185.3,2.97,0.132,-0.373,0.918
79698.7,124032.9,241706.1,29.2,0.14,-0.634,-0.43,0.635
72662.0,131183.8,235683.8,121.1,0.21,-0.624,0.27,0.732
71159.0,114166.3,229732.1,187.0,0.35,-0.592,-0.231,0.772
25633.1,103671.3,197620.3,300.6,2.54,-0.435,-0.001,0.9
86490.0,122209.9,245578.0,299.1,0.71,-0.624,0.365,0.691
8765.0,93940.5,179492.7,119.7,1.54,-0.104,-0.674,0.731
400.1,-9686.2,160130.4,150.8,0.32,-0.093,0.05,0.994
-29767.4,2480.6,152485.8,169.7,0.66,-0.209,-0.52,0.828
51760.1,119018.9,216070.9,262.7,0.78,-0.643,0.028,0.761
27023.7,113625.7,198856.6,168.3,0.33,-0.369,-0.46,0.807
74796.5,112745.7,231099.6,212.8,0.95,-0.467,-0.544,0.697
36259.5,107612.6,203509.4,48.9,0.31,-0.474,0.289,0.832
41787.3,124651.5,215332.4,197.6,0.62,-0.305,-0.725,0.619
39526.2,83793.3,190120.5,248.6,0.24,-0.286,-0.571,0.769
79420.3,111352.7,232955.5,93.8,0.68,-0.678,0.147,0.718
21297.3,110588.1,193909.2,270.1,0.22,-0.323,-0.584,0.745
87326.7,124556.2,248631.0,3.9,0.17,-0.101,-0.729,0.674
85431.6,129933.6,246729.2,158.0,0.28,-0.121,0.591,0.798
-20385.0,-102213.2,140967.3,67.3,2.29,-0.038,0.228,0.972
89040.2,124105.2,245850.3,165.4,0.34,0.742,0.162,0.65
74288.1,129270.6,238002.8,344.0,2.02,-0.619,0.293,0.729
-17911.3,5665.6,158271.5,28.4,0.28,-0.495,-0.429,0.756
46792.9,100382.0,207078.3,132.4,1.06,-0.445,-0.408,0.797
94863.5,117001.1,232061.2,255.9,0.1,0.802,-0.146,0.58
87959.7,120248.7,245861.7,351.2,0.3,-0.316,-0.574,0.756
-25741.2,4330.0,154563.3,242.5,1.0,-0.287,-0.489,0.824
-19215.0,-338.7,153274.5,173.9,2.82,-0.275,-0.356,0.893
88186.1,120560.7,246200.9,222.7,0.27,-0.22,-0.559,0.793
83448.7,119600.7,241853.5,61.0,0.18,-0.544,-0.529,0.651
-25924.3,-3418.9,150557.5,131.3,0.8,-0.269,-0.346,0.899
79328.6,108985.8,232455.8,54.9,1.77,-0.566,-0.414,0.711
46569.8,119447.6,212665.6,125.7,0.72,-0.552,-0.099,0.828
56708.6,114015.6,216639.1,212.9,0.27,-0.754,-0.006,0.656
70730.7,89143.5,227317.5,137.8,0.27,-0.67,0.232,0.705
35078.6,120210.6,206527.3,196.9,0.3,-0.55,-0.464,0.695
36633.0,111062.9,204244.0,85.4,2.41,-0.469,-0.243,0.849
88576.4,123916.2,246455.8,72.7,0.13,0.75,0.275,0.602
14988.9,110951.5,192191.7,331.4,0.27,-0.638,-0.205,0.742
58726.5,106876.9,215875.8,156.5,1.87,-0.519,-0.315,0.794
31299.8,112097.1,201089.7,95.9,0.5,-0.437,-0.396,0.807
-17998.7,5980.3,158287.8,282.8,0.84,-0.456,-0.207,0.865
25390.6,104146.2,197550.9,230.3,1.86,-0.384,0.09,0.918
40403.4,109667.1,205807.9,23.3,1.61,-0.394,-0.286,0.873
48388.2,100798.3,208108.3,301.2,2.33,-0.092,-0.543,0.835
55784.9,129407.0,231673.1,6.4,0.15,0.034,0.796,0.603
57700.8,133812.5,226679.6,338.7,1.43,-0.229,0.546,0.806
48010.1,103251.4,208651.8,355.5,0.9,-0.529,-0.236,0.815
57768.5,127287.5,233773.9,183.2,0.22,0.617,-0.298,0.705
68488.2,124376.2,235821.9,89.1,0.16,-0.192,-0.803,0.565
6357.0,123812.0,207756.1,51.7,0.88,0.411,-0.621,0.667
65721.2,95839.5,221496.8,265.7,0.3,-0.23,-0.533,0.805
59250.4,119976.3,221692.3,51.2,1.0,-0.523,0.347,0.778
87193.9,101821.8,235733.4,162.3,1.0,0.596,0.513,0.601
-12511.8,5207.6,158232.0,297.5,0.31,-0.013,0.024,1.0
-24375.0,6.9,152706.1,340.8,0.44,-0.289,-0.429,0.856
68220.4,124954.5,236274.5,171.6,0.13,-0.394,-0.713,0.579
67967.4,120024.0,228634.7,347.9,0.14,-0.702,0.306,0.643
84026.0,119031.3,242011.9,308.7,0.21,-0.469,-0.494,0.73
67322.3,111452.4,223130.5,104.5,0.3,-0.491,-0.578,0.652
65445.1,101117.1,219580.8,270.8,0.97,-0.589,0.156,0.793
42623.4,97642.3,203765.8,142.9,1.79,-0.539,-0.337,0.771
16973.4,115228.7,195272.4,325.5,0.44,-0.412,-0.433,0.8
34773.0,112569.8,203372.1,123.3,0.36,-0.59,-0.096,0.801
21752.5,107125.3,194221.7,295.6,0.14,-0.816,-0.065,0.573
30890.6,112460.1,201020.7,174.3,0.27,-0.49,-0.321,0.81
58612.1,113914.9,220103.9,258.8,0.1,-0.553,-0.59,0.589
88825.8,134159.7,246676.1,122.2,1.69,-0.494,0.409,0.767
47035.9,105952.0,209063.6,338.1,0.24,-0.614,-0.167,0.771
40640.4,110613.3,206246.1,247.0,0.67,-0.412,-0.309,0.857
33861.1,59106.0,167641.3,347.0,1.06,-0.508,-0.172,0.844
22638.3,111976.8,195554.4,269.1,0.26,-0.494,-0.353,0.794
15675.8,54419.1,158669.7,318.0,0.32,-0.197,-0.351,0.915
78062.7,126877.0,242606.8,207.8,0.45,-0.725,0.003,0.689
62448.6,120458.5,223972.2,96.9,1.12,-0.557,0.426,0.713
16722.9,65551.7,163131.2,211.9,0.3,0.082,-0.464,0.882
13236.9,58735.8,160151.9,42.8,0.36,-0.037,-0.388,0.921
86156.3,121685.0,245310.3,314.1,0.63,-0.653,-0.137,0.744
80477.2,133245.8,241285.4,126.1,0.22,-0.133,0.656,0.741
35579.6,112425.3,203922.4,279.1,2.29,-0.572,-0.154,0.806
21987.9,120319.4,200631.8,273.3,0.31,-0.572,-0.222,0.79
-33069.7,13602.2,163916.6,165.2,0.41,0.056,-0.015,0.997
17366.7,10400.8,158705.5,299.4,0.92,-0.571,-0.023,0.821
10919.2,-2027.0,159740.9,233.3,1.24,-0.433,0.235,0.868
56079.4,120735.1,219401.8,214.7,1.05,-0.519,-0.367,0.772
4581.4,116466.4,203982.4,151.4,0.25,0.586,-0.201,0.784
35764.3,117539.1,205941.9,289.9,0.26,-0.607,-0.32,0.727
69806.6,113124.2,227700.1,68.5,0.86,-0.636,-0.326,0.699
22128.4,112360.4,195415.2,275.2,0.3,-0.501,-0.345,0.793
54229.0,105658.8,213093.6,247.7,0.49,-0.483,-0.192,0.855
46325.0,132142.9,227280.0,314.7,0.12,-0.243,0.754,0.61
58155.9,119646.9,220842.1,202.7,0.14,-0.769,0.192,0.61
14030.4,-5611.7,162893.3,60.7,0.24,-0.552,0.321,0.769
16174.7,64248.4,162577.1,177.6,1.25,0.06,-0.387,0.92
-18980.9,-8959.7,150969.0,193.2,2.11,-0.427,-0.302,0.853
-18402.3,6144.5,158154.9,6.3,0.3,-0.322,-0.329,0.887
61073.7,130613.1,230727.8,70.1,1.13,-0.12,0.792,0.596
60198.3,114709.7,222438.5,252.7,0.94,-0.406,-0.686,0.606
37124.4,111999.3,204811.9,57.7,0.35,-0.487,-0.272,0.83
39369.0,100565.3,204608.7,274.8,1.69,-0.047,-0.505,0.862
59406.6,119028.1,222260.4,172.9,0.21,-0.548,0.411,0.729
60803.7,114856.7,222910.6,206.3,1.52,-0.453,-0.514,0.729
-17855.5,5856.7,158399.3,205.8,0.3,-0.452,-0.233,0.861
81864.1,122172.7,241118.0,76.2,0.23,-0.626,0.209,0.749
85105.6,129430.6,247039.2,356.1,1.01,-0.221,0.523,0.823
83133.2,121823.0,242213.1,83.1,0.43,-0.653,0.339,0.678
71129.3,113169.2,229144.5,66.8,0.58,-0.642,-0.399,0.654
59411.7,120494.3,221587.5,74.9,1.17,-0.637,0.162,0.754
80634.6,129706.1,244544.0,14.9,0.21,-0.426,0.521,0.728
75011.2,127536.3,239146.2,137.1,1.74,-0.576,0.353,0.737
85711.1,137383.7,243169.5,283.7,0.65,-0.4,0.471,0.786
-24237.9,-3373.0,150909.2,338.8,0.3,-0.237,-0.212,0.948
84658.9,121733.5,243816.0,38.0,0.42,-0.617,0.408,0.672
58227.9,112822.0,218748.6,92.9,0.29,-0.781,-0.052,0.621
35882.8,117838.5,206141.7,326.1,0.23,-0.557,-0.372,0.741
86946.2,121654.7,245968.4,123.8,0.25,-0.525,-0.349,0.776
58569.4,115216.5,221315.4,114.6,0.39,-0.476,-0.476,0.739
4464.3,-7168.2,160885.8,205.1,2.01,-0.318,0.405,0.857
37706.5,87057.3,192616.0,61.7,0.2,-0.673,-0.172,0.717
52307.8,120781.9,216827.0,227.5,1.09,-0.415,-0.521,0.743
81348.3,142052.0,238879.7,92.8,0.69,-0.608,-0.085,0.787
59959.3,132926.4,227579.5,56.2,0.91,-0.156,0.68,0.717
64197.5,96612.9,220141.9,322.2,0.92,-0.72,0.115,0.684
11567.8,98693.2,183599.8,51.6,0.35,-0.451,-0.453,0.769
8341.7,78736.0,169486.8,265.0,3.01,-0.304,-0.166,0.934
67619.8,120932.9,227994.6,257.6,0.29,-0.679,-0.197,0.698
9664.2,-1106.1,159377.6,226.7,0.35,-0.221,0.149,0.963
64163.5,128204.8,235246.0,307.5,0.63,-0.135,0.466,0.864
35627.6,108292.0,202838.2,233.2,0.39,-0.573,-0.152,0.805
44171.7,118541.5,210985.0,317.8,1.84,-0.461,-0.28,0.842
49413.7,109549.4,211142.9,207.2,2.28,-0.398,0.118,0.909
22202.5,108822.5,194007.2,108.9,1.41,-0.527,0.306,0.792
72427.7,93276.8,227994.3,88.8,0.23,-0.611,0.262,0.747
10945.0,98911.5,183226.9,323.0,1.85,-0.598,-0.278,0.752
73934.6,131244.1,237121.3,344.1,0.42,-0.676,-0.254,0.688
60034.6,106036.3,216389.3,342.7,0.25,-0.53,-0.355,0.77
40641.6,119274.4,209746.1,65.1,1.52,-0.464,-0.37,0.804
20710.4,122751.4,201627.7,293.4,0.51,-0.277,-0.731,0.62
107840.3,125743.9,215340.7,273.9,0.28,0.208,0.542,0.814
87478.4,124813.8,248955.5,138.2,1.84,0.389,-0.554,0.729
39314.7,105970.4,205509.0,336.3,0.42,-0.247,0.391,0.886
58265.2,120046.8,220794.3,249.9,0.15,-0.732,0.243,0.637
86314.9,126600.7,248756.2,181.9,0.63,-0.662,-0.248,0.707
42967.5,104374.0,206792.1,170.8,0.83,-0.223,-0.254,0.941
37740.7,109205.6,204343.3,62.0,0.62,-0.502,-0.149,0.852
28123.5,48010.9,161626.9,227.6,0.38,-0.425,-0.215,0.879
83029.8,108723.0,235514.8,248.4,0.32,-0.359,-0.72,0.595
-4755.8,95801.8,193284.1,8.4,0.67,0.797,-0.233,0.559
29932.7,114411.2,200772.8,340.7,0.28,-0.436,-0.365,0.822
38162.7,115652.6,206594.2,57.2,0.27,-0.398,-0.435,0.808
54366.3,130784.3,230085.5,22.0,0.87,0.265,0.624,0.735
31197.2,108087.3,200353.4,104.0,1.12,-0.506,-0.063,0.86
49890.3,106105.5,210633.0,333.4,0.27,-0.51,-0.396,0.764
68116.9,121330.4,228612.2,302.2,0.67,-0.42,-0.645,0.646
17091.1,123611.3,202065.7,291.1,0.44,-0.02,-0.575,0.816
37119.3,95156.7,195099.7,294.4,0.64,-0.773,-0.243,0.587
52449.0,120745.2,216908.9,204.9,0.25,-0.475,-0.404,0.778
77986.1,110670.9,231779.3,297.5,2.1,-0.652,-0.014,0.758
17201.5,95729.9,185142.1,265.8,0.93,-0.678,-0.12,0.725
16278.6,66272.9,163570.8,341.7,0.37,-0.066,-0.458,0.886
58587.2,101198.7,214276.6,236.2,0.75,-0.525,-0.243,0.815
28983.8,60530.0,164758.2,340.2,0.29,-0.528,-0.129,0.84
79060.3,105626.3,230195.9,33.0,0.27,-0.589,-0.173,0.788
86028.5,119391.8,244304.7,219.6,0.4,-0.6,-0.358,0.719
60452.5,113261.5,220353.7,238.4,0.28,-0.356,-0.756,0.56
63270.4,111533.3,221338.1,139.4,0.2,-0.35,-0.626,0.697
39620.9,104884.0,205667.3,65.2,3.02,-0.152,0.009,0.988
62272.9,112867.6,221823.3,228.7,0.29,-0.359,-0.553,0.752
15874.8,96747.8,183790.7,99.3,0.15,-0.79,-0.195,0.582
38589.3,106206.2,204996.9,235.1,2.27,-0.461,0.397,0.793
59259.8,113259.4,220047.8,175.5,2.7,-0.261,-0.499,0.826
33188.1,101714.1,203576.4,23.4,0.15,-0.749,0.226,0.616
78194.2,139369.4,236872.7,40.6,0.93,-0.631,-0.004,0.773
67498.3,116811.6,229013.8,0.9,1.75,-0.634,0.216,0.742
46325.2,98852.3,205903.0,44.5,0.24,-0.312,-0.56,0.767
63022.1,111979.5,221569.5,193.7,2.03,-0.234,-0.561,0.794
37511.0,109245.2,204215.9,230.9,3.1,-0.496,-0.156,0.854
87115.9,126734.8,249438.2,26.8,1.62,-0.533,0.126,0.836
40616.9,106054.2,205833.6,49.7,1.07,-0.449,0.147,0.881
-29341.3,2200.4,152390.4,266.4,0.3,-0.215,-0.492,0.844
55594.8,114004.8,215491.1,171.2,1.5,-0.619,-0.346,0.705
61693.5,114735.9,223707.0,359.8,0.11,-0.707,-0.399,0.585
79557.0,110999.1,233227.3,16.1,0.22,-0.704,0.131,0.696
57561.9,113012.5,217921.5,94.7,0.36,-0.676,-0.112,0.725
93756.9,112295.0,234617.1,137.5,0.51,0.549,0.566,0.614
72829.2,125418.0,239107.5,79.5,1.0,-0.443,-0.033,0.894
79761.0,123803.7,241704.1,75.1,0.08,-0.806,-0.193,0.559
24410.9,112881.1,196989.8,152.7,0.43,-0.446,-0.387,0.807
62078.9,94194.1,216867.5,334.5,0.31,-0.508,-0.392,0.766
87214.5,125786.5,249606.5,42.9,0.33,-0.522,-0.321,0.781
30666.9,64816.3,166318.6,218.0,1.55,-0.549,0.08,0.831
11936.0,953.2,159193.4,324.9,0.72,-0.298,0.322,0.898
54207.6,119293.2,217907.3,64.8,0.68,-0.632,0.353,0.689
68852.1,120248.0,229490.3,106.2,0.43,-0.638,0.348,0.687
75391.5,130956.2,239086.0,244.2,0.24,-0.726,-0.26,0.636
85367.7,120214.6,243863.8,225.7,0.39,-0.582,-0.489,0.646
40550.2,100740.5,204726.5,228.0,0.47,0.076,-0.536,0.841
88123.7,127132.7,249553.6,302.7,0.27,0.599,0.075,0.794
22934.9,111023.9,195099.3,228.7,0.24,-0.409,-0.493,0.768
16558.4,96842.3,184729.1,316.9,0.19,-0.716,-0.164,0.679
4870.4,119224.0,204999.7,85.3,0.45,0.438,-0.388,0.811
-17102.2,-97576.2,140557.6,39.4,0.8,-0.448,0.332,0.83
-24483.9,-699.7,152251.3,351.4,0.32,-0.242,-0.427,0.871
85973.7,122205.4,245066.7,357.3,0.39,-0.69,0.345,0.636
6453.7,88193.0,176227.6,127.6,1.33,0.759,0.087,0.645
3486.2,109040.0,204069.7,52.7,0.75,0.059,0.021,0.998
17006.9,98282.5,185671.4,173.5,0.15,-0.705,-0.287,0.649
9416.3,-991.2,159270.4,204.1,1.31,-0.29,0.231,0.928
16543.8,95780.2,184429.7,144.2,0.81,-0.739,-0.367,0.565
41373.8,105682.6,206225.9,190.7,0.3,-0.462,0.031,0.886
19252.2,62076.0,161620.5,269.3,3.03,-0.217,-0.431,0.876
59023.7,115493.0,221858.7,315.0,0.12,-0.704,-0.373,0.604
23269.0,115433.2,197530.6,212.2,0.26,-0.238,-0.55,0.801
75952.1,111271.6,229938.6,271.9,0.11,-0.212,-0.774,0.592
-25791.6,9068.7,157980.0,110.2,2.43,-0.114,-0.602,0.791
102712.3,115413.5,225122.6,216.2,0.17,0.412,0.603,0.681
63404.3,125513.5,234376.5,210.3,0.77,-0.294,-0.502,0.813
22056.0,126792.1,205463.7,40.2,1.17,-0.26,-0.644,0.719
-12901.1,5872.6,158237.0,150.7,0.5,-0.073,-0.001,0.997
28353.1,111637.6,198909.1,110.8,0.35,-0.587,-0.242,0.773
85995.9,121666.2,245200.0,61.6,0.68,-0.674,-0.075,0.734
16837.3,65723.5,163214.3,43.1,2.72,0.08,-0.47,0.879
60912.0,127538.7,233075.6,92.6,0.23,-0.009,0.656,0.755
75197.0,126776.9,239698.7,322.3,0.25,-0.442,0.434,0.785
36651.2,111947.1,204529.7,51.0,0.34,-0.491,-0.256,0.833
84808.0,121638.9,244051.5,188.0,0.23,-0.641,0.343,0.684
72986.8,130170.5,236412.5,298.8,1.56,-0.285,0.579,0.753
80644.2,137490.5,239544.5,279.4,1.34,-0.615,0.379,0.692
79674.3,123820.0,241586.1,162.1,0.1,-0.774,-0.252,0.577
16638.0,94812.9,183997.7,291.0,0.1,-0.73,-0.353,0.586
63822.6,99500.4,218630.8,336.8,0.24,-0.53,0.339,0.776
34877.3,102233.5,205191.3,91.4,0.13,-0.635,0.531,0.57
95600.5,119103.2,231176.2,38.2,0.7,0.789,-0.15,0.597
59405.0,120545.2,221568.7,121.8,0.77,-0.628,0.112,0.768
86171.4,121732.0,245348.0,155.6,0.23,-0.664,-0.108,0.738
28801.7,114553.2,200280.2,74.3,0.37,-0.443,-0.424,0.79
-11894.4,4950.4,158253.3,105.1,0.95,-0.007,0.009,1.0
76103.6,138227.8,236101.3,350.6,0.29,-0.205,0.487,0.835
84548.0,126284.4,247156.3,178.1,0.23,-0.675,-0.029,0.734
74744.1,114299.9,232244.2,240.9,0.45,-0.476,-0.574,0.666
61159.0,120316.2,222989.8,304.9,0.25,-0.582,0.199,0.788
86786.0,122045.3,245937.0,121.6,0.34,-0.587,0.205,0.78
37901.1,83804.1,189584.6,306.8,0.26,-0.307,-0.697,0.649
75071.5,111194.1,229854.7,298.1,0.4,-0.169,-0.803,0.571
86637.5,126440.4,249036.6,145.3,0.47,-0.666,-0.155,0.728
58420.1,121244.8,221183.4,276.7,1.01,-0.485,-0.367,0.792
21889.0,108232.5,194008.0,247.0,1.45,-0.608,0.21,0.766
36801.9,110006.7,203993.7,39.4,0.31,-0.483,-0.231,0.845
68545.6,121199.9,228793.2,320.5,0.35,-0.626,-0.454,0.634
89417.2,127785.4,248862.3,42.2,0.47,0.593,-0.459,0.661
76025.8,123245.0,239503.0,336.0,0.15,-0.38,-0.67,0.638
24740.0,112128.5,196735.7,163.4,1.0,-0.439,-0.371,0.819
86278.9,129691.5,247080.3,45.5,1.7,-0.31,0.566,0.763
93522.3,106062.2,232511.7,159.6,0.6,0.757,-0.235,0.608
-36576.9,3259.5,150850.1,3.2,0.53,-0.139,-0.586,0.798
62369.2,138999.5,224484.8,209.6,0.48,-0.409,0.16,0.898
86667.0,127912.9,248537.6,168.6,0.21,-0.322,0.609,0.724
49087.5,109430.6,211025.7,187.3,2.81,-0.389,0.162,0.906
29884.4,56423.3,164588.8,190.0,0.89,-0.508,-0.262,0.821
91626.0,128699.7,249176.0,232.3,1.54,0.391,0.012,0.913
73911.0,101199.8,225708.1,248.0,1.2,-0.575,-0.271,0.772
57983.4,124499.8,228835.1,146.5,0.41,-0.402,-0.661,0.633
-25032.2,-109323.8,139699.8,109.1,0.89,-0.078,-0.021,0.997
76145.0,106547.3,228344.8,309.4,0.18,-0.574,-0.466,0.673
67248.1,116673.3,228849.2,201.2,1.78,-0.725,0.063,0.685
63923.4,113354.9,223071.5,59.0,0.1,-0.247,-0.774,0.583
83565.3,127578.8,247501.2,99.7,0.28,-0.337,0.451,0.826
88663.0,123782.4,246452.8,211.2,0.25,0.733,0.279,0.62
49030.6,134656.3,222668.2,178.2,0.26,-0.27,0.558,0.785
33649.9,108032.7,201601.6,148.1,2.7,-0.413,-0.39,0.823
75808.0,125574.4,240780.9,103.1,0.12,-0.658,0.442,0.611
59111.8,113739.6,220256.5,5.0,0.32,-0.264,-0.524,0.809
54605.0,114760.6,214900.1,121.6,0.54,-0.617,-0.3,0.728
33794.1,112921.0,202850.5,113.6,0.4,-0.378,-0.508,0.773
58397.0,110959.9,217346.4,238.3,1.78,-0.462,0.216,0.852
30049.3,114452.7,200847.3,285.0,0.32,-0.445,-0.357,0.82
86130.8,124432.8,248099.5,273.6,1.82,-0.158,-0.608,0.778
28481.8,126981.8,212440.9,246.1,0.74,-0.741,-0.302,0.598
59208.1,119853.0,221724.0,284.0,2.58,-0.506,0.337,0.794
45371.3,93225.8,200545.6,75.9,0.12,-0.552,-0.591,0.589
86749.8,121039.9,245525.9,144.4,0.29,-0.629,-0.077,0.773
13609.0,55724.2,158908.5,181.4,0.43,-0.016,-0.43,0.903
83277.2,121064.8,242728.5,93.7,0.86,-0.682,-0.014,0.729
20286.7,112787.7,194811.6,248.7,0.26,-0.155,-0.591,0.792
88036.0,126032.0,249668.3,158.8,0.78,0.573,0.021,0.818
34144.7,69055.7,170186.1,223.0,0.29,-0.584,-0.312,0.749
23867.7,60182.8,162028.1,173.9,0.38,-0.54,0.04,0.841
81795.3,122182.6,241055.5,173.6,0.25,-0.642,0.192,0.741
86357.9,126288.5,248704.3,54.5,0.36,-0.673,-0.017,0.736
18384.5,118093.1,197480.7,265.4,2.21,-0.484,-0.282,0.828
41941.5,118647.6,210065.7,207.6,1.05,-0.363,-0.46,0.81
38674.7,111744.5,205608.3,190.6,0.29,-0.435,-0.342,0.833
34980.2,107122.7,202469.6,42.5,0.21,-0.659,0.324,0.679
60400.2,114898.4,222723.4,213.3,0.36,-0.43,-0.55,0.716
53633.0,130241.0,230591.0,267.7,0.33,-0.281,0.583,0.758
16549.9,121474.7,200289.2,188.0,0.17,0.071,-0.833,0.551
84766.6,119111.4,242350.6,301.9,0.54,-0.221,-0.601,0.768
89245.3,124158.2,245566.2,339.1,0.75,0.755,0.072,0.651
87649.6,119764.4,245322.6,47.4,0.26,-0.364,-0.521,0.772
59810.5,105668.4,216112.6,230.2,0.28,-0.524,-0.196,0.829
56516.1,107272.6,214947.5,83.1,0.83,-0.481,-0.153,0.862
37811.5,108391.0,204246.9,171.8,2.28,-0.439,-0.126,0.89
55976.3,110315.2,215126.3,196.0,0.22,-0.65,-0.26,0.714
-20343.1,-113923.0,140952.3,81.7,1.73,-0.25,-0.21,0.944
45840.7,120124.3,212427.0,105.1,0.26,-0.447,-0.525,0.724
16334.3,97077.8,184550.1,194.1,0.14,-0.772,-0.11,0.626
35279.4,103278.2,204477.5,39.5,1.2,-0.567,0.506,0.651
101092.3,117031.1,225385.3,23.4,0.16,0.513,0.542,0.665
-41555.1,-24308.9,140789.5,339.2,0.31,-0.029,-0.286,0.958
68728.0,120606.9,229232.0,149.0,0.22,-0.59,0.36,0.723
16314.7,64336.5,162597.9,272.6,0.34,0.066,-0.364,0.929
16568.3,66559.2,163695.7,163.6,0.51,0.09,-0.413,0.906
58210.5,119654.3,220924.3,42.3,0.22,-0.773,0.189,0.606
-36892.2,2600.3,150301.5,255.5,0.71,-0.202,-0.504,0.84
39855.8,105757.5,205663.7,333.1,2.44,-0.109,0.142,0.983
32266.3,115684.3,202870.4,319.6,0.46,-0.53,-0.344,0.775
80186.6,121507.5,239975.5,57.9,1.31,-0.681,0.348,0.644
24120.2,113302.5,196990.6,331.1,1.58,-0.456,-0.367,0.811
30430.7,113984.4,201022.1,130.7,0.23,-0.644,-0.095,0.759
16831.6,9822.0,158413.8,94.6,0.42,-0.419,0.073,0.905
49077.7,100329.4,208153.8,338.9,0.28,-0.598,-0.084,0.797
29393.4,114043.4,200269.9,341.2,0.55,-0.461,-0.401,0.79
29396.0,112310.0,199886.3,116.9,2.28,-0.595,-0.152,0.789
65902.2,114768.4,225474.2,267.9,0.29,-0.35,-0.707,0.615
59973.3,119504.6,222354.5,40.4,0.86,-0.588,0.313,0.744
83169.9,121688.9,242359.0,3.3,1.33,-0.658,0.389,0.645
-30243.6,16056.2,163917.3,123.4,1.14,-0.196,0.072,0.977
39576.4,87795.9,193957.6,188.6,0.33,-0.066,-0.691,0.718
69281.6,113796.6,228390.7,192.3,0.28,-0.061,-0.817,0.576
86865.5,122003.9,246001.9,72.5,0.27,-0.572,0.139,0.803
39161.6,121184.9,209969.8,24.1,0.43,-0.175,-0.766,0.619
69349.4,126154.3,237539.2,336.2,0.37,0.177,0.78,0.607
41235.4,104614.0,206076.5,103.7,0.96,-0.469,-0.073,0.88
-35097.5,3626.5,151295.6,251.6,0.45,-0.191,-0.542,0.818
34670.1,120370.2,206334.5,152.3,0.19,-0.509,-0.492,0.706
74717.8,129848.9,238241.4,136.9,0.26,-0.785,0.283,0.551
37544.5,116968.1,206704.4,273.9,0.75,-0.563,-0.296,0.771
93340.4,135347.9,242569.0,131.4,1.02,0.503,0.545,0.672
46201.5,119822.1,212492.4,96.2,0.28,-0.476,-0.31,0.822
45788.9,103427.6,207544.5,165.7,1.84,-0.478,-0.242,0.844
-18434.7,6117.4,158128.6,157.0,0.3,-0.328,-0.331,0.885
87651.7,131847.3,246942.5,90.7,0.57,-0.45,0.359,0.817
58316.8,117598.8,221900.5,300.7,0.25,-0.548,0.297,0.782
50092.0,106175.9,210813.4,186.7,1.85,-0.491,-0.38,0.784
33042.2,109916.4,201753.0,104.3,1.91,-0.531,-0.147,0.834
20022.1,121368.4,200397.6,279.9,0.67,0.102,-0.676,0.73
31231.5,113002.3,201454.7,352.5,0.41,-0.497,-0.363,0.788
42216.5,105354.3,206690.7,154.7,0.36,-0.413,-0.103,0.904
10635.5,110573.6,190427.5,26.0,0.13,0.675,-0.465,0.575
34561.9,119787.0,205897.8,285.4,0.9,-0.494,-0.424,0.759
54171.9,123726.5,225034.4,116.6,0.4,-0.582,-0.497,0.643
75238.3,112255.9,231044.2,164.1,0.35,-0.469,-0.549,0.692
36289.5,109165.1,203493.6,285.9,0.29,-0.498,-0.234,0.835
88655.1,122755.9,246373.5,138.0,0.17,0.796,0.08,0.6
59575.1,112964.7,219949.8,274.1,0.31,-0.202,-0.431,0.879
20057.2,107479.7,192138.6,325.3,0.12,-0.768,-0.184,0.613
57913.5,110174.2,217011.4,265.8,0.89,-0.535,-0.271,0.8
105370.3,116535.8,223252.7,354.5,0.21,0.197,0.665,0.719
-27929.3,1871.9,152553.4,123.0,0.84,-0.16,-0.481,0.862
94571.9,130928.5,246364.7,346.9,0.24,-0.329,0.621,0.711
40866.6,105845.2,205995.0,346.0,0.3,-0.45,0.054,0.891
49501.9,98880.6,207778.9,119.1,0.28,-0.437,-0.378,0.816
62206.9,89412.4,214626.2,342.0,0.3,-0.534,-0.519,0.66
36061.9,112375.4,204257.5,315.8,0.31,-0.556,-0.166,0.815
68021.0,128374.0,233741.6,32.5,0.14,0.227,0.739,0.635
84925.7,121358.9,244221.9,159.7,0.57,-0.646,-0.066,0.755
56007.6,127473.3,233865.7,208.8,0.2,-0.36,-0.82,0.559
-27879.2,3878.8,153861.1,189.3,0.92,-0.105,-0.584,0.805
61746.5,105121.6,217243.5,290.3,2.37,-0.575,-0.257,0.776
-18784.1,5406.3,157648.8,331.5,0.2,-0.34,-0.601,0.723
16545.2,6508.2,159801.6,315.4,0.31,-0.487,0.227,0.844
81419.8,103523.7,231792.0,155.6,0.31,-0.731,-0.261,0.637
87859.1,126986.9,249657.4,164.3,0.75,0.199,0.283,0.93
62893.0,102107.0,217580.1,176.4,1.47,-0.571,-0.003,0.82
24893.8,112492.8,197034.2,63.9,0.25,-0.456,-0.447,0.769
13506.4,61068.5,161194.8,227.8,0.7,-0.062,-0.432,0.9
50363.5,116724.5,213177.1,189.3,0.27,0.155,-0.57,0.807
62979.5,102003.1,217658.6,80.6,2.07,-0.571,-0.046,0.819
86247.0,128000.8,248280.2,143.0,0.42,-0.244,0.614,0.751
23093.3,110512.0,194911.6,48.9,2.36,-0.497,-0.339,0.799
55687.4,119557.2,218859.0,133.0,0.42,-0.519,0.279,0.807
35556.2,112948.4,204002.6,299.9,0.56,-0.6,-0.072,0.797
34734.5,112471.4,203327.4,54.9,0.28,-0.588,-0.106,0.802
69347.7,120102.8,230013.1,124.7,0.81,-0.571,0.447,0.689
15319.4,64617.1,162874.4,150.1,0.3,0.18,-0.414,0.892
32712.8,110265.2,201597.3,59.8,0.36,-0.549,-0.08,0.832
37780.9,108744.4,204293.6,195.5,0.48,-0.469,-0.145,0.871
85532.4,127802.5,248192.4,49.4,0.32,-0.325,0.425,0.845
36610.7,109338.2,203728.2,245.8,0.34,-0.481,-0.22,0.849
75972.4,131217.6,239618.5,73.1,2.38,-0.553,0.215,0.796
71348.4,100474.5,224291.8,201.5,0.38,-0.393,0.479,0.784
96730.4,130661.6,245490.4,249.9,0.72,0.444,0.456,0.771
60818.7,119732.6,222953.9,226.5,0.29,-0.527,0.345,0.776
27914.2,47891.0,161519.9,186.2,0.3,-0.412,-0.214,0.886
35344.1,111384.0,203558.5,35.4,0.57,-0.535,-0.144,0.832
84593.9,126237.8,247209.2,47.6,0.42,-0.684,0.022,0.728
82776.7,120681.0,242348.2,326.5,0.3,-0.557,-0.103,0.822
33077.6,58521.3,166988.2,282.0,0.33,-0.524,-0.212,0.825
35627.5,103342.4,204711.4,19.3,0.15,-0.493,0.574,0.654
88349.9,123689.4,246796.3,210.5,0.25,0.775,0.128,0.618
81434.7,122128.9,240710.3,203.1,0.48,-0.644,0.248,0.716
7283.3,98249.0,182053.3,309.6,0.26,0.381,-0.47,0.796
74040.7,113678.5,231125.3,276.9,0.42,-0.538,-0.514,0.667
-19426.1,5249.4,157369.6,1.4,0.29,-0.18,-0.513,0.838
38854.2,109266.6,204933.5,114.4,1.25,-0.426,-0.221,0.877
48356.1,101592.1,208444.9,207.0,0.35,-0.41,-0.267,0.872
16296.8,5093.8,160204.3,212.3,0.86,-0.329,0.272,0.903
16719.3,99039.0,185765.0,23.5,1.5,-0.661,-0.244,0.712
7694.9,71744.8,165960.2,20.3,0.69,-0.445,-0.353,0.823
22268.1,115362.9,197239.7,303.7,0.27,-0.074,-0.655,0.752
39845.8,105935.1,205637.4,16.1,0.34,-0.15,0.251,0.956
82775.1,121019.5,242346.3,95.6,0.29,-0.594,0.185,0.783
25508.1,111835.5,197053.9,179.7,0.27,-0.4,-0.443,0.802
43367.1,103629.5,206667.0,141.4,1.58,-0.091,-0.388,0.917
15356.8,59797.8,160709.1,319.9,0.82,0.027,-0.36,0.932
16143.8,94721.7,183332.2,43.4,0.09,-0.793,-0.221,0.568
37381.4,115346.3,206072.8,167.2,0.63,-0.377,-0.421,0.825
13986.7,6167.3,158822.3,286.7,0.43,-0.344,0.326,0.88
86434.8,122132.1,245577.9,82.9,1.6,-0.638,0.312,0.703
-28513.2,1861.6,152444.7,317.7,1.7,-0.193,-0.487,0.852
21135.9,58594.0,160619.0,221.8,0.31,-0.056,-0.422,0.905
-27385.5,-9098.4,148109.7,345.4,0.79,-0.265,-0.253,0.93
81323.9,121611.9,240951.0,155.8,0.79,-0.563,0.42,0.712
76348.1,130906.0,240013.1,273.0,0.22,-0.669,0.067,0.738
-29891.6,-5024.4,149092.0,82.9,0.47,-0.157,-0.199,0.967
68216.7,100654.1,222009.3,129.7,0.79,-0.729,0.277,0.627
92146.4,137546.9,243120.3,72.0,0.09,0.728,-0.375,0.574
22218.6,50545.5,159538.2,344.7,0.43,-0.494,-0.102,0.863
-13022.3,5984.2,158213.2,169.9,2.59,-0.092,-0.005,0.996
17083.0,99117.1,185984.1,160.8,2.49,-0.547,-0.174,0.819
37022.9,120720.8,208454.3,174.9,0.62,-0.408,-0.686,0.603
-30025.2,65.2,151033.5,224.8,2.92,-0.319,-0.285,0.904
83396.0,121007.9,242831.0,113.4,0.26,-0.659,-0.154,0.733
30998.9,102279.0,200593.5,218.4,0.35,-0.639,0.511,0.575
42595.3,96416.6,202396.8,348.7,0.41,0.119,-0.692,0.712
36283.6,111017.5,204041.2,53.4,0.94,-0.473,-0.213,0.855
62172.5,139562.1,224194.3,352.0,0.3,-0.409,0.282,0.868
80753.6,128958.5,244869.0,345.3,0.27,-0.291,0.582,0.76
33346.7,59354.8,167316.8,28.9,0.29,-0.554,-0.105,0.826
12035.0,85282.0,173464.4,62.7,0.31,-0.198,-0.512,0.836
37558.2,107829.6,204109.0,183.2,0.45,-0.416,-0.019,0.909
38345.4,108756.0,204597.7,48.1,0.97,-0.443,-0.209,0.872
86307.1,126891.4,248896.8,241.0,0.62,-0.636,-0.116,0.762
16041.8,5165.0,160111.0,28.7,1.06,-0.359,0.178,0.914
16745.4,94877.6,184193.6,243.9,0.16,-0.749,-0.361,0.556
75357.1,140495.3,233547.0,349.3,0.54,-0.42,0.563,0.703
61368.5,96210.0,217239.2,1.7,1.73,-0.719,0.063,0.692
76146.2,129505.7,239703.2,182.9,0.7,-0.505,-0.327,0.798
85819.7,121898.1,245025.4,38.2,0.41,-0.737,0.138,0.661
15909.5,111552.6,193139.4,70.7,1.58,-0.64,-0.198,0.742
73638.1,113794.9,230988.5,45.7,0.31,-0.232,-0.718,0.654
75810.8,126314.0,240284.5,81.3,0.29,-0.618,0.321,0.717
9982.9,89076.5,175681.0,57.5,0.31,-0.149,-0.474,0.868
84627.3,121646.0,243870.5,263.6,0.33,-0.624,0.372,0.686
87841.9,126040.4,249816.7,232.0,0.44,0.371,-0.074,0.917
22725.5,59029.6,161293.4,98.1,0.28,-0.558,0.035,0.829
102434.3,114239.0,226336.3,354.8,0.75,0.274,0.691,0.669
82918.6,125599.2,245687.5,318.8,0.15,-0.751,0.136,0.646
23317.5,99656.1,197123.0,100.3,0.1,-0.773,0.278,0.578
74096.8,126871.2,239077.2,110.7,0.26,-0.408,0.45,0.794
-33154.1,3110.5,151434.9,12.8,0.5,-0.299,-0.509,0.807
37168.2,104462.7,205205.3,327.8,0.97,-0.546,0.412,0.73
-19645.0,-108643.3,141417.3,0.4,2.2,-0.498,0.085,0.863
90197.8,132922.8,247984.3,9.5,0.31,0.225,0.185,0.946
37508.5,111990.6,205027.7,203.0,2.77,-0.484,-0.286,0.827
36591.7,119749.9,207468.3,283.8,0.36,-0.645,-0.243,0.724
79837.9,126707.4,246285.6,34.7,0.22,-0.543,-0.439,0.714
87492.0,124448.3,248663.1,264.1,0.17,0.235,-0.72,0.649
9417.2,84247.1,173441.1,234.7,0.15,0.769,-0.119,0.628
24720.7,114274.8,197772.3,86.8,2.31,-0.524,-0.277,0.805
58431.2,120068.4,221025.4,128.1,0.19,-0.703,0.31,0.64
82534.9,120572.5,242192.9,222.5,0.82,-0.513,-0.155,0.841
29305.9,70956.7,169974.8,147.7,0.55,-0.474,-0.633,0.616
89863.8,129250.0,249475.1,272.3,0.24,-0.56,0.335,0.757
79432.0,121709.3,239148.1,169.8,1.44,-0.666,0.34,0.664
26858.5,113554.9,198745.9,348.8,0.31,-0.381,-0.458,0.803
55079.0,106960.7,213987.1,283.2,0.43,-0.595,-0.068,0.8
30825.6,112098.4,200818.8,213.5,0.25,-0.507,-0.373,0.777
86409.6,124303.8,248073.6,4.9,0.22,-0.15,-0.683,0.716
28846.0,115528.1,200853.6,29.5,0.69,-0.409,-0.433,0.803
58458.2,120403.4,220837.6,354.2,0.27,-0.621,0.021,0.777
87963.2,126923.3,249643.8,256.6,0.8,0.47,0.143,0.862
87928.4,121471.0,246499.2,275.8,0.41,-0.524,-0.37,0.767
83883.5,128665.4,247056.8,248.0,0.88,-0.401,0.437,0.804
33734.5,111665.4,202492.1,70.1,0.33,-0.559,-0.114,0.821
88723.2,124035.9,246218.8,11.2,0.15,0.731,0.255,0.633
87202.1,125890.7,249609.4,227.8,0.25,-0.595,-0.161,0.782
83154.9,121333.0,242559.7,169.0,0.21,-0.691,0.261,0.673
88425.7,123506.6,246815.6,156.3,0.8,0.73,0.094,0.677
67173.4,99234.4,221254.5,348.3,1.53,-0.615,0.295,0.73
679.8,-2251.7,158241.9,21.9,0.97,-0.015,0.231,0.973
59563.6,115449.0,222546.2,348.8,0.23,-0.603,-0.267,0.752
27485.3,118703.8,201324.8,219.0,0.28,-0.462,-0.369,0.806
19190.5,123246.9,202352.6,76.5,0.75,-0.042,-0.603,0.796
29501.5,109309.5,199127.7,342.5,0.36,-0.661,0.092,0.745
15564.7,107866.9,190547.5,27.6,0.25,0.01,-0.659,0.752
58260.9,117712.8,221832.7,344.0,0.78,-0.55,0.333,0.766
31376.4,68661.8,167510.1,356.9,1.15,0.092,-0.748,0.656
83150.7,125277.8,246071.8,52.4,0.57,-0.763,0.112,0.636
92611.2,130548.1,247022.0,351.9,0.34,0.123,0.705,0.695
18056.3,-1169.1,163683.2,124.4,0.27,-0.554,0.454,0.698
-3637.0,-8214.6,159095.2,17.4,1.75,-0.419,-0.031,0.907
88655.2,123552.2,246580.5,130.4,0.13,0.771,0.114,0.623
41312.8,104559.2,206115.1,254.8,0.4,-0.485,-0.086,0.87
-53810.0,-12307.5,145811.6,4.0,0.97,0.04,-0.416,0.908
8641.1,69914.2,165220.8,180.5,1.72,-0.049,-0.461,0.886
48777.7,95252.9,205346.2,64.4,0.26,-0.593,-0.471,0.653
85581.8,120962.4,244586.2,330.5,0.7,-0.591,-0.323,0.737
31602.0,121360.5,206317.4,157.0,0.11,0.166,-0.78,0.603
87740.2,126706.9,249762.4,253.8,0.32,0.143,0.257,0.952
6141.3,73664.9,166743.5,194.9,0.39,0.117,-0.416,0.901
13812.9,56633.4,159296.6,219.9,0.95,0.032,-0.389,0.92
87971.4,122806.7,246822.3,93.1,0.29,-0.533,-0.115,0.831
69659.8,115836.8,231067.3,10.2,0.27,-0.512,-0.516,0.684
24907.4,112493.9,197042.9,79.9,0.26,-0.457,-0.448,0.768
11412.2,-6013.7,161991.1,114.0,2.58,-0.108,0.487,0.867
87604.4,124245.8,248299.0,217.9,0.37,0.421,-0.682,0.587
65662.5,115650.8,226470.2,178.7,0.13,-0.365,-0.695,0.619
-36581.1,3010.9,150649.4,341.3,2.16,-0.178,-0.569,0.803
41797.2,111114.5,207016.8,317.2,1.66,-0.425,-0.332,0.842
95220.7,109706.0,233176.4,289.9,0.1,0.785,-0.243,0.569
50120.1,119744.5,215107.4,34.8,0.64,-0.503,-0.346,0.792
29720.9,114936.8,200994.7,31.0,1.09,-0.397,-0.461,0.793
83192.5,121196.2,242602.9,269.8,0.19,-0.698,0.14,0.701
24853.2,113574.7,197556.8,276.8,1.14,-0.522,-0.31,0.795
89511.7,129850.1,248976.9,217.9,0.31,-0.621,0.238,0.747
77015.8,120890.9,236787.6,237.7,0.16,-0.688,0.35,0.637
41274.8,130887.5,229619.6,25.6,1.53,-0.158,-0.076,0.965
-29263.1,1405.0,151965.2,245.9,0.3,-0.233,-0.452,0.861
25548.5,99171.0,198344.2,331.5,1.56,-0.611,-0.283,0.733
32978.7,116838.9,203642.5,346.8,1.66,-0.486,-0.288,0.824
4720.5,-1214.0,158230.1,242.6,0.57,-0.195,0.209,0.958
12414.9,-2010.5,160375.1,57.4,2.2,-0.466,0.239,0.851
31052.4,113392.3,201495.7,146.7,0.24,-0.593,-0.248,0.765
33773.8,99937.6,201767.8,108.9,0.26,-0.459,-0.667,0.59
42305.3,104788.2,206635.9,166.8,1.73,-0.357,-0.131,0.925
36595.1,109504.6,203760.7,316.9,0.3,-0.478,-0.219,0.851
95044.3,116238.9,231688.9,349.9,1.37,0.724,0.022,0.689
59399.6,116494.7,222727.8,354.9,0.77,-0.549,-0.314,0.775
30756.0,108425.8,200057.6,117.9,0.3,-0.537,-0.006,0.843
78135.1,104574.1,229164.8,258.5,0.29,-0.653,-0.157,0.741
68587.8,114816.3,228178.4,279.2,0.15,-0.609,-0.49,0.624
88842.0,122947.8,246067.3,353.3,0.08,0.828,0.042,0.557
72645.0,125902.6,238876.1,246.8,0.91,-0.45,0.396,0.8
34191.2,110581.0,202622.3,196.1,0.45,-0.535,-0.195,0.822
39011.1,109668.0,205138.3,52.0,0.31,-0.447,-0.224,0.866
59955.6,117525.4,223324.1,24.9,0.57,-0.661,-0.057,0.749
82623.2,125327.4,245345.9,78.4,0.37,-0.752,0.173,0.635
73372.2,112937.2,230173.2,135.4,0.6,-0.427,-0.492,0.757
19241.8,117641.6,197764.0,318.9,0.32,-0.516,-0.346,0.784
15306.8,67442.9,164158.9,124.0,0.31,0.058,-0.445,0.893
43099.3,103219.2,206418.2,213.9,1.02,-0.081,-0.463,0.883
78605.7,109611.9,232446.8,231.3,1.37,-0.569,0.003,0.82
61483.9,94086.1,216382.9,304.2,0.36,-0.663,-0.333,0.67
42291.2,102398.5,205902.4,52.1,0.46,-0.169,-0.514,0.84
52201.7,120156.0,216685.5,101.5,0.48,-0.555,-0.075,0.828
-4940.2,104646.3,203177.2,178.1,0.87,-0.026,-0.585,0.811
87387.5,125429.0,249326.4,28.2,0.51,-0.128,-0.705,0.696
84107.9,126613.2,246909.0,354.7,0.44,-0.301,-0.705,0.641
66821.2,121146.6,227356.9,67.3,1.06,-0.601,-0.398,0.689
28553.8,112545.2,199219.4,320.8,0.32,-0.627,-0.102,0.772
7627.1,91086.1,178656.9,212.0,0.33,0.403,-0.381,0.832
77923.3,130542.2,241141.0,206.8,0.17,-0.393,0.696,0.601
38147.2,110200.2,204788.4,113.2,0.33,-0.452,-0.259,0.853
72772.5,127361.9,238253.6,114.7,0.64,-0.506,0.349,0.788
29070.9,102097.8,199477.2,132.4,0.69,-0.313,0.442,0.841
87178.9,101701.6,235946.5,319.3,0.55,0.533,0.622,0.572
92605.8,131824.7,245855.4,211.9,1.2,0.404,0.594,0.694
82270.8,120539.0,242040.4,68.6,2.47,-0.509,-0.054,0.857
86128.9,125656.7,248776.7,46.7,0.35,-0.585,0.159,0.793
15292.5,107811.2,190507.8,53.2,1.13,-0.072,-0.625,0.777
87105.2,128499.4,248300.6,261.0,0.27,-0.333,0.579,0.744
16172.3,66743.6,163779.6,154.1,0.63,-0.04,-0.436,0.899
38285.5,108908.6,204599.6,220.3,0.3,-0.457,-0.196,0.867
75368.8,112023.2,230947.8,16.6,0.31,-0.425,-0.582,0.693
86429.3,126291.6,248770.1,65.3,1.92,-0.682,-0.032,0.728
-22901.2,-108340.1,139922.9,102.4,0.89,-0.197,-0.089,0.976
97052.5,110447.7,232591.9,57.0,1.22,0.483,-0.397,0.758
60566.9,115498.0,223169.5,185.6,0.44,-0.522,-0.481,0.705
83636.2,134498.5,242987.1,1.0,0.26,-0.487,0.408,0.771
68817.5,102627.1,221793.1,302.5,0.22,-0.692,-0.236,0.681
32049.9,112719.6,201834.2,300.8,0.62,-0.456,-0.461,0.761
61777.5,120343.4,223470.2,98.3,1.46,-0.61,0.27,0.745
11322.0,82953.9,172213.4,169.4,0.31,-0.205,-0.481,0.852
61315.2,119848.5,223280.6,137.3,0.28,-0.617,0.32,0.719
60686.0,114671.7,222747.9,183.0,1.46,-0.478,-0.584,0.657
24870.6,103323.4,197143.8,313.8,1.97,-0.674,0.008,0.738
93800.4,117912.1,233516.3,268.1,0.96,0.792,-0.039,0.61
60921.4,115362.8,223305.9,275.3,0.32,-0.481,-0.535,0.695
38435.9,99828.6,204319.5,31.3,0.33,0.158,-0.261,0.952
41343.7,120713.2,210701.6,295.1,0.46,-0.561,-0.294,0.773
3727.5,-1715.3,158229.6,136.2,0.74,-0.056,0.232,0.971
70483.5,111344.3,226170.9,280.1,0.14,-0.378,-0.735,0.563
60121.2,115495.0,222861.6,195.3,0.39,-0.513,-0.35,0.784
59466.1,115225.8,222409.2,244.8,0.18,-0.649,-0.435,0.626
28239.7,112728.5,199022.3,262.6,0.7,-0.593,-0.204,0.779
22164.7,120414.7,200787.4,290.6,0.97,-0.52,-0.252,0.816
4387.0,109609.8,203870.2,15.3,1.17,0.203,0.198,0.959
62933.6,130146.6,231615.4,239.3,0.08,-0.494,0.67,0.554
45396.0,102237.2,207126.3,57.9,1.44,-0.564,-0.227,0.793
36259.9,105170.9,204007.1,234.8,1.54,-0.398,0.331,0.855
16105.7,-3620.3,163505.0,243.5,1.9,-0.565,0.324,0.759
71110.5,98006.1,225365.4,116.2,0.19,-0.708,-0.092,0.7
99070.9,125324.1,229152.1,269.7,0.16,0.584,0.528,0.615
87964.1,122857.6,246795.1,8.7,0.29,-0.5,-0.214,0.834
61075.6,110183.3,219141.5,183.9,0.49,-0.482,-0.486,0.728
42591.9,104010.4,206570.7,121.3,0.3,-0.31,-0.253,0.917
10532.7,114759.0,195327.7,338.0,0.29,0.647,-0.441,0.623
84652.6,134416.2,243669.8,90.4,0.26,-0.427,0.428,0.797
39764.8,118870.2,208996.9,84.5,1.21,-0.539,-0.293,0.79
66724.8,125567.4,236945.4,206.2,0.27,-0.346,-0.732,0.587
22265.6,50439.3,159533.0,359.5,0.44,-0.482,-0.141,0.865
77885.5,120964.2,237750.7,193.8,0.14,-0.666,0.4,0.63
16744.0,64683.2,162712.9,37.8,0.89,0.081,-0.406,0.91
87544.5,127327.9,249334.3,131.6,0.29,-0.248,0.534,0.808
-18396.7,6235.9,158200.1,318.5,1.06,-0.298,-0.343,0.891
60197.4,121105.5,222213.3,32.8,1.6,-0.469,-0.31,0.824
59396.6,113544.3,220223.9,69.5,2.89,-0.212,-0.5,0.84
25669.5,103042.9,197688.9,357.4,0.69,-0.515,0.062,0.855
77096.7,121130.4,236748.2,97.3,0.17,-0.646,0.365,0.671
-32032.8,4958.7,153034.0,317.5,2.14,-0.319,-0.496,0.808
-20907.8,-3456.1,151583.4,99.2,0.57,-0.25,-0.343,0.905
29110.6,109629.3,198742.8,54.8,1.77,-0.62,0.011,0.784
5192.4,-827.2,158203.0,271.9,0.4,-0.183,0.241,0.953
89701.6,125450.9,245517.0,205.9,0.67,0.759,-0.287,0.584
9436.6,125017.3,206878.4,214.0,0.36,0.508,-0.415,0.75
81892.8,134204.9,242212.4,53.2,0.42,-0.418,0.556,0.718
73792.0,112535.5,230263.9,299.8,0.56,-0.542,-0.465,0.7
83866.6,121171.7,243372.7,59.7,1.32,-0.603,-0.214,0.764
67097.4,120413.4,227735.0,65.0,0.26,-0.512,0.328,0.794
59457.4,116436.2,222750.7,223.7,0.25,-0.552,-0.327,0.767
28170.7,106973.9,198458.6,153.8,2.3,-0.541,-0.012,0.841
27477.8,63163.2,164322.4,203.3,1.69,-0.64,0.067,0.765
33183.2,103967.6,202023.0,5.4,0.11,-0.734,0.391,0.555
18452.8,60310.0,160713.2,208.1,0.34,-0.175,-0.335,0.926
61590.8,120458.2,223307.7,165.5,2.5,-0.589,0.204,0.782
85383.2,127993.9,248049.4,72.4,0.54,-0.3,0.449,0.841
60030.8,116043.9,222976.6,14.8,0.45,-0.572,-0.348,0.742
65692.8,121148.9,226338.6,154.5,0.14,-0.244,-0.723,0.636
76340.5,112748.1,231720.1,32.8,0.74,-0.008,-0.635,0.772
-22758.8,12146.8,160410.1,12.4,0.48,0.419,-0.432,0.798
89735.7,125266.5,245399.1,149.9,0.09,0.788,-0.25,0.562
89853.6,129421.4,249402.8,90.2,0.87,-0.604,0.275,0.747
-19566.2,5830.3,157515.3,158.5,0.36,-0.259,-0.518,0.814
85337.7,125929.4,248104.1,189.8,0.44,-0.547,0.385,0.744
58314.3,112789.1,218839.5,246.0,0.29,-0.768,-0.07,0.636
73063.6,122895.2,236001.1,102.0,1.06,-0.224,-0.753,0.619
67473.8,114439.5,226977.6,155.8,0.11,-0.664,-0.453,0.594
55128.2,119661.1,218403.1,280.8,0.29,-0.537,0.207,0.813
48416.3,101551.2,208462.0,283.6,1.34,-0.393,-0.29,0.872
17884.2,64452.4,162661.4,129.5,3.01,-0.214,-0.472,0.855
66085.2,120239.3,227234.3,170.2,0.21,-0.493,0.47,0.732
24083.6,111584.4,196137.1,165.5,0.55,-0.458,-0.411,0.788
-15630.1,-102433.0,142738.0,66.9,0.53,-0.427,-0.152,0.892
16548.5,95181.3,184053.6,143.0,0.18,-0.775,-0.278,0.568
49430.3,108208.4,211033.6,78.8,0.3,-0.447,-0.151,0.881
-27159.4,-11032.5,147652.9,339.1,1.95,-0.32,-0.179,0.93
14681.6,67387.4,164156.1,193.4,0.41,-0.009,-0.409,0.912
77149.0,125573.6,242034.6,331.0,0.15,-0.72,0.245,0.652
25549.4,111681.3,196981.7,3.3,1.71,-0.357,-0.486,0.798
37807.5,115898.4,206533.0,3.5,0.29,-0.417,-0.394,0.819
77748.0,124830.0,242248.5,255.3,0.25,-0.334,-0.764,0.553
13211.5,60515.5,160926.2,171.7,2.36,-0.068,-0.407,0.911
25648.8,103080.6,197677.8,27.3,0.35,-0.521,0.06,0.851
91011.3,101537.6,232183.5,220.2,0.43,0.516,0.649,0.559
57846.4,127560.6,233476.6,268.0,1.7,0.46,0.509,0.726
87888.9,118208.0,244477.2,244.4,0.77,-0.138,-0.596,0.788
57837.9,119650.3,220456.3,82.7,0.56,-0.681,0.215,0.7
83881.4,132571.6,244334.3,273.6,0.27,-0.282,0.568,0.773
27205.6,108305.6,197567.4,232.9,0.78,-0.541,0.367,0.757
86398.3,127387.9,248856.2,261.0,0.47,-0.417,0.423,0.803
64276.7,120333.9,225396.6,259.6,0.87,-0.598,0.3,0.743
14072.8,4485.5,158921.1,7.2,1.45,-0.538,0.093,0.836
36099.2,107031.1,203551.1,52.7,1.58,-0.508,0.216,0.834
83908.0,111483.8,237105.3,329.8,1.16,-0.638,-0.218,0.738
86688.8,125978.5,249121.9,294.9,0.71,-0.668,0.114,0.735
48434.5,100979.4,208215.4,45.3,0.37,-0.128,-0.498,0.857
83588.5,104638.6,234708.2,356.7,0.77,-0.687,0.224,0.692
49593.1,98665.9,207718.3,335.4,1.5,-0.391,-0.426,0.816
13862.4,58682.0,160181.3,164.6,0.3,-0.026,-0.378,0.925
65874.1,118638.2,228161.3,65.7,0.85,-0.666,0.169,0.723
87916.7,140135.3,244567.4,12.2,0.54,-0.742,-0.111,0.661
59772.8,121015.6,221914.4,324.5,2.32,-0.53,-0.298,0.793
74691.1,120365.9,234955.9,177.2,0.69,-0.507,0.441,0.741
80328.5,104265.7,231046.2,77.1,1.72,-0.585,-0.405,0.703
54140.6,118067.3,218544.7,201.1,1.45,-0.644,0.261,0.719
66296.2,115944.8,227189.5,106.0,0.93,-0.669,-0.456,0.587
69441.2,129163.1,234930.1,38.3,1.22,-0.727,0.205,0.654
70897.5,131369.6,234265.9,295.9,0.96,-0.622,0.259,0.738
-15155.0,-93788.1,140176.1,307.9,0.27,-0.56,0.152,0.814
24843.2,116447.8,198807.1,307.4,1.21,-0.365,-0.515,0.776
38034.0,108969.0,204473.7,335.9,0.48,-0.483,-0.177,0.857
92337.7,108936.9,236808.1,300.4,0.17,0.736,0.068,0.672
4729.3,69122.6,164593.8,248.1,0.35,-0.195,-0.425,0.884
28963.6,101876.4,199549.6,343.1,0.76,-0.363,0.421,0.831
41233.5,105521.2,206147.5,97.6,0.4,-0.446,-0.035,0.894
71447.8,129419.8,236280.3,236.9,0.23,-0.579,0.317,0.752
36769.6,104958.9,204373.8,126.4,0.61,-0.554,0.489,0.674
42563.7,104310.3,206647.8,4.9,0.51,-0.327,-0.236,0.915
15292.3,6763.0,159130.9,48.2,0.66,-0.307,0.371,0.876
16600.5,98871.8,185562.2,88.2,0.11,-0.733,-0.327,0.599
17979.2,58842.6,160223.3,92.9,0.94,0.008,-0.347,0.938
43398.4,118443.5,210562.4,67.5,0.49,-0.352,-0.415,0.839
87588.1,123428.4,247423.5,227.1,0.26,-0.288,-0.75,0.602
82402.4,104079.8,233899.4,253.6,0.74,-0.716,-0.25,0.653
36878.2,105144.3,204413.1,118.8,0.26,-0.595,0.403,0.696
77793.7,120892.3,237711.7,233.5,0.7,-0.664,0.397,0.633
59332.7,115882.5,222458.0,274.0,0.86,-0.618,-0.331,0.713
90772.4,131377.5,248102.7,88.8,0.21,0.581,0.47,0.664
-24848.8,349.3,152701.6,312.4,0.99,-0.201,-0.452,0.869
29087.2,101204.9,199931.3,44.3,0.49,-0.488,0.298,0.82
80820.5,129211.0,244786.4,229.7,0.29,-0.267,0.477,0.836
65101.2,96419.7,221086.9,33.2,1.16,-0.578,0.249,0.776
-20280.3,-55188.5,139511.3,159.6,0.99,-0.22,0.037,0.975
65076.4,110900.5,221594.5,117.8,0.54,-0.17,-0.638,0.75
84172.9,128757.3,247102.4,196.6,0.27,-0.349,0.483,0.803
11303.7,99001.6,183607.1,73.7,0.31,-0.592,-0.314,0.742
88623.7,122787.1,246410.0,135.6,0.21,0.8,0.064,0.596
54634.5,118312.1,218917.4,221.1,0.22,-0.681,0.314,0.661
37075.9,111121.1,204505.3,116.6,2.31,-0.463,-0.255,0.849
13648.9,61771.1,161534.2,184.8,1.38,-0.108,-0.489,0.865
81594.3,121608.3,241178.4,241.5,0.21,-0.564,0.375,0.736
35115.8,111425.8,203404.3,49.3,0.4,-0.562,-0.111,0.82
61218.5,109708.6,218894.0,197.5,0.25,-0.402,-0.526,0.75
89153.5,123692.5,245834.1,247.1,0.1,0.814,0.029,0.578
30373.4,112959.6,200838.7,16.4,0.39,-0.633,-0.135,0.762
46148.3,108203.8,209031.8,11.1,0.34,-0.685,-0.386,0.618
39856.5,105350.7,205678.0,134.7,0.32,-0.081,0.059,0.995
65932.9,112781.7,223358.1,81.3,0.42,-0.481,-0.557,0.677
73972.4,125292.8,239824.1,169.7,1.36,-0.475,0.134,0.866
33007.7,111137.8,201897.5,152.7,1.91,-0.574,-0.163,0.802
75363.3,110785.2,229235.8,248.2,0.6,-0.35,-0.57,0.737
42717.3,105198.4,206840.8,47.3,0.64,-0.314,-0.133,0.94
87635.6,122525.8,246459.1,195.6,0.29,-0.754,0.056,0.654
37180.2,109239.2,204029.0,183.6,1.93,-0.491,-0.173,0.854
44891.5,117886.5,211211.1,178.2,0.56,-0.498,-0.235,0.835
17387.2,54760.3,159011.9,83.6,0.38,-0.146,-0.285,0.947
20328.6,106882.2,192136.1,34.3,0.89,-0.685,-0.443,0.579
-29662.8,20259.8,163411.6,24.9,0.68,-0.133,0.516,0.846
12112.7,2891.8,158438.1,180.4,1.81,-0.361,0.31,0.88
17871.3,118152.8,197186.8,268.4,0.81,-0.58,-0.128,0.803
43194.1,103422.1,206526.8,241.5,0.5,-0.106,-0.435,0.894
94657.4,131001.0,246366.0,273.2,0.24,-0.299,0.604,0.738
-1222.3,-3128.6,158295.0,220.7,2.02,-0.012,0.13,0.991
83113.5,121467.1,242481.7,222.9,0.36,-0.673,0.349,0.652
45559.1,103353.2,207414.7,230.1,0.3,-0.466,-0.217,0.858
57368.0,100494.5,213333.0,130.7,0.3,-0.474,-0.257,0.842
22631.4,112384.2,195706.0,153.2,0.61,-0.472,-0.388,0.792
59389.6,112581.2,219720.0,343.0,0.44,-0.333,-0.466,0.819
-28881.1,655.6,151730.8,245.8,1.99,-0.331,-0.306,0.893
60152.3,115036.7,222671.8,26.3,0.5,-0.42,-0.489,0.765
22214.9,112305.1,195409.2,255.8,0.36,-0.477,-0.374,0.795
54355.6,117468.3,218775.0,73.7,0.38,-0.638,-0.215,0.738
79564.1,127939.8,244864.8,322.4,0.23,-0.756,0.159,0.632
92939.4,105776.7,233227.9,22.6,0.16,0.769,-0.049,0.638
50086.9,97012.2,207287.1,322.4,0.24,-0.445,-0.457,0.771
37476.1,108295.1,204063.7,81.5,0.56,-0.468,-0.08,0.88
56218.7,115744.1,218378.0,230.9,0.19,-0.618,-0.353,0.702
37970.4,123106.5,212048.0,326.6,0.69,-0.363,-0.719,0.593
14775.4,120937.2,199281.5,69.6,0.14,-0.085,-0.775,0.625
55138.8,136822.0,224313.9,302.9,0.29,-0.199,0.501,0.842
-27959.9,2323.6,152811.8,99.7,0.33,-0.136,-0.542,0.829
57254.9,120581.8,220205.4,97.6,0.87,-0.575,-0.256,0.777
77236.8,109206.3,230695.2,234.1,0.19,-0.697,-0.295,0.654
66952.0,126277.8,237223.9,309.7,0.46,0.166,0.368,0.914
63015.0,111758.0,221395.7,267.2,1.15,-0.269,-0.63,0.729
60545.1,115058.4,222880.4,319.6,0.23,-0.466,-0.467,0.752
78278.0,132564.3,239469.1,287.2,0.62,-0.769,0.237,0.594
24934.1,112496.7,197060.4,329.2,0.49,-0.458,-0.45,0.767
49969.8,117022.9,213439.4,226.2,1.45,-0.099,-0.554,0.824
29294.0,111842.0,199668.9,346.2,0.82,-0.509,-0.347,0.787
57721.8,117714.5,221351.2,243.5,0.8,-0.601,0.395,0.695
76088.9,112651.3,231632.1,138.6,1.92,-0.04,-0.623,0.781
30297.9,113071.5,200774.4,149.0,0.34,-0.662,-0.092,0.744
85375.4,137478.4,242944.4,62.8,0.36,-0.464,0.428,0.775
51170.9,118653.5,215638.3,169.0,0.39,-0.632,0.248,0.734
109225.9,123207.5,215985.0,64.9,0.21,0.618,0.285,0.732
59463.8,115404.9,222452.6,37.5,0.17,-0.673,-0.289,0.683
45924.5,130947.9,228419.7,314.3,0.24,-0.331,0.55,0.766
15890.7,96789.3,183838.6,336.4,0.36,-0.789,-0.192,0.584
61799.1,114519.5,223692.3,128.9,0.3,-0.66,-0.478,0.581
87129.3,120249.0,245440.1,131.4,0.17,-0.344,-0.655,0.673
21384.4,114174.0,196089.2,346.3,0.25,-0.154,-0.612,0.775
84731.2,121759.6,243854.4,134.8,0.33,-0.623,0.411,0.666
43058.6,104348.6,206800.6,256.6,1.93,-0.2,-0.256,0.946
61383.5,91868.7,216431.9,351.2,1.01,-0.63,0.461,0.625
21435.4,111718.6,194704.6,119.1,0.93,-0.532,-0.356,0.769
82805.5,124752.3,245634.2,359.6,0.29,-0.755,0.128,0.644
57637.5,128259.4,232874.7,314.6,1.25,0.273,0.705,0.656
32854.8,113036.2,202483.0,108.0,0.47,-0.427,-0.449,0.785
-11152.7,-3661.3,157228.8,201.5,1.21,-0.448,-0.155,0.88
65813.3,128787.3,233914.1,224.0,0.1,-0.028,0.814,0.577
96413.5,117355.2,229715.2,79.0,0.15,0.708,0.287,0.646
21566.3,50868.6,159188.2,139.9,0.78,-0.433,-0.147,0.889
38251.5,110254.8,204864.4,56.9,0.35,-0.455,-0.264,0.85
74320.4,130625.1,237542.0,205.2,0.22,-0.763,0.067,0.643
88616.2,124007.0,246353.1,188.6,0.28,0.749,0.26,0.61
46127.2,103138.1,207683.6,316.7,1.86,-0.476,-0.226,0.85
89781.9,124767.7,245191.2,85.3,0.33,0.752,-0.085,0.653
59218.7,120985.0,221580.7,31.2,0.26,-0.479,-0.37,0.796
83347.6,127982.2,247093.5,266.1,0.48,-0.386,0.522,0.76
10604.8,62789.0,161860.6,94.0,0.77,-0.156,-0.392,0.906
21123.5,106959.9,193133.3,151.4,0.32,-0.716,-0.423,0.554
90252.0,125400.6,244771.3,134.6,0.66,0.665,-0.433,0.606
58867.6,113437.8,220029.1,200.8,0.71,-0.536,-0.525,0.668
74770.5,127671.9,238943.8,265.2,0.36,-0.486,0.386,0.784
104698.0,134696.6,229990.8,278.4,0.21,0.756,0.274,0.592
10718.9,109720.3,189615.5,69.5,0.24,0.591,-0.544,0.6
84899.2,110683.4,238019.1,351.2,0.2,-0.661,0.217,0.718
35933.8,105854.6,203683.3,187.9,0.33,-0.4,0.116,0.908
59124.8,115400.8,221965.7,45.3,0.09,-0.746,-0.334,0.576
12415.9,97119.7,182933.9,41.0,1.47,0.071,-0.57,0.819
87664.4,121369.6,246269.9,78.1,0.65,-0.522,-0.277,0.806
60152.6,114995.4,222656.6,53.2,2.14,-0.422,-0.518,0.745
86999.8,125343.3,249096.0,279.4,0.51,-0.323,-0.56,0.763
51415.7,89373.0,205168.9,48.4,0.57,-0.742,-0.325,0.587
27466.2,63153.4,164313.7,5.8,0.96,-0.641,0.067,0.765
87632.4,124388.8,248519.2,263.8,0.1,0.59,-0.571,0.566
71396.2,122049.1,233972.4,58.0,0.12,-0.542,-0.585,0.604
90448.5,134153.1,247132.9,254.1,1.4,0.459,0.548,0.698
87351.4,134525.0,245575.8,90.3,0.27,-0.545,0.22,0.809
89000.5,124462.6,245858.1,308.3,0.18,0.683,-0.258,0.678
94453.4,131206.4,246062.4,50.4,0.39,-0.42,0.548,0.723
59056.6,107180.1,216256.1,23.6,0.38,-0.51,-0.329,0.795
-15482.5,5297.0,158421.4,121.5,1.14,0.046,-0.262,0.964
76514.8,134007.3,237394.4,265.6,0.23,-0.565,0.34,0.75
-25241.5,-109253.9,139679.2,116.2,0.77,-0.086,-0.032,0.996
59814.1,120538.6,221956.7,43.7,0.79,-0.648,0.249,0.719
26627.9,124527.5,208365.1,137.0,0.12,-0.384,-0.705,0.597
48053.7,98484.1,206702.9,75.2,0.36,-0.48,-0.436,0.761
76003.8,128856.6,239515.0,273.5,1.2,-0.589,0.229,0.772
87026.1,126705.1,249377.0,276.8,0.33,-0.55,0.057,0.832
16311.7,97477.3,184613.6,204.0,0.13,-0.764,-0.163,0.625
47977.4,91655.3,202061.4,269.3,0.96,-0.552,-0.357,0.754
82340.1,127623.9,246859.0,119.5,0.45,-0.349,0.574,0.74
59982.1,114787.1,222332.5,349.4,0.18,-0.497,-0.659,0.568
17665.2,6161.0,160557.3,86.1,0.32,-0.441,0.283,0.851
-17939.4,5858.2,158333.7,53.1,0.31,-0.488,-0.26,0.833
61364.2,88187.6,213455.0,113.9,0.19,-0.71,0.055,0.701
15371.7,-2820.3,162629.3,132.8,0.27,-0.49,0.342,0.802
92381.9,131132.9,246561.8,265.7,1.49,0.424,0.601,0.673
56293.6,115688.6,218413.2,132.4,0.27,-0.635,-0.309,0.708
17959.1,57178.2,159734.4,313.2,0.31,-0.096,-0.238,0.966
70016.0,99748.6,223780.1,22.7,1.2,-0.613,0.227,0.757
85363.4,120416.0,244083.6,146.9,1.28,-0.44,-0.595,0.673
30102.2,114934.3,201163.2,67.3,0.45,-0.383,-0.485,0.786
7820.4,70042.3,165228.7,40.4,0.42,-0.032,-0.452,0.891
-1268.6,-6187.9,159196.2,71.6,0.46,-0.006,0.251,0.968
76878.3,124412.2,241216.5,238.7,0.24,-0.43,-0.701,0.567
37601.7,121134.7,209401.2,200.6,0.12,-0.277,-0.751,0.599
34930.6,102191.6,205301.2,326.8,0.14,-0.599,0.502,0.631
28207.2,110467.1,198383.7,12.7,1.28,-0.562,-0.225,0.796
66682.9,100623.1,220656.2,248.3,0.9,-0.688,0.012,0.725
36807.6,110207.4,204061.7,359.2,0.31,-0.483,-0.257,0.837
88694.6,123651.6,246489.4,342.6,0.34,0.76,0.196,0.619
30026.6,116912.9,202169.1,185.2,0.27,-0.419,-0.419,0.805
58834.3,120907.8,221316.7,291.7,1.6,-0.467,-0.368,0.804
48556.8,99543.3,207606.3,41.3,0.96,-0.457,-0.367,0.809
89451.5,141399.2,244926.4,44.5,1.25,0.011,0.533,0.846
10705.7,117855.2,196468.1,131.7,0.6,0.746,-0.278,0.605
60522.8,115372.1,223054.5,282.9,1.41,-0.5,-0.466,0.73
73468.0,113861.0,231055.7,60.5,1.12,-0.114,-0.763,0.636
23941.1,111495.5,196005.8,308.9,1.58,-0.464,-0.424,0.777
56200.4,115875.8,218414.1,2.8,0.31,-0.6,-0.494,0.634
17744.1,117954.9,197044.4,254.8,1.2,-0.546,-0.2,0.813
26865.6,-2249.9,168498.8,282.8,0.3,-0.415,0.233,0.879
58051.7,115404.3,221114.9,275.0,0.22,-0.586,-0.363,0.723
42023.5,120882.5,211286.1,119.8,1.37,-0.533,-0.348,0.771
25263.9,110448.4,196256.4,232.0,0.62,-0.589,-0.104,0.801
82260.2,124453.0,245158.1,202.2,0.77,-0.758,0.24,0.606
86507.8,127398.6,248924.2,234.9,2.68,-0.372,0.469,0.801
81557.7,127343.8,246653.9,213.0,0.36,-0.215,0.619,0.755
58035.1,115513.2,221130.7,326.3,0.26,-0.605,-0.305,0.735
82647.3,125467.3,245338.9,125.3,0.22,-0.764,0.12,0.634
30984.0,120436.6,205357.2,343.2,1.08,0.102,-0.791,0.602
16783.4,116143.0,195769.6,67.4,2.55,-0.365,-0.466,0.806
86467.5,121564.1,245546.5,152.7,0.25,-0.569,-0.323,0.756
82176.3,139752.3,239894.5,3.6,0.67,-0.494,0.37,0.787
62078.8,125561.9,233192.5,40.8,0.09,-0.355,-0.743,0.566
41250.9,110323.8,206444.0,184.8,0.35,-0.408,-0.32,0.855
38884.3,106069.2,205257.4,291.2,0.93,-0.445,0.436,0.782
56652.7,118175.0,220343.8,67.8,1.67,-0.467,0.47,0.749
29789.1,117959.3,202519.4,30.8,0.49,-0.55,-0.247,0.797
51505.8,120365.7,216198.1,162.8,0.29,-0.499,-0.278,0.818
32870.3,122554.4,207379.1,71.6,1.21,-0.173,-0.749,0.64
67377.9,101635.6,221047.3,85.7,0.24,-0.639,0.137,0.757
55926.0,114288.0,215951.8,311.3,0.65,-0.648,-0.418,0.636
26311.0,113629.9,198488.3,160.3,0.27,-0.477,-0.371,0.797
88387.4,127189.2,249131.2,189.5,0.17,0.714,-0.168,0.679
89694.1,130049.8,249078.8,358.5,0.75,-0.61,0.253,0.75
14964.5,107808.8,190446.3,147.7,2.18,-0.229,-0.568,0.79
41703.8,110682.4,206794.8,247.7,0.35,-0.397,-0.34,0.852
24530.5,112981.1,197088.3,144.7,0.6,-0.46,-0.381,0.802
5837.6,72554.4,166292.0,182.4,0.31,0.109,-0.422,0.9
39286.3,113878.1,206697.2,319.9,0.44,-0.51,-0.283,0.812
38947.0,111688.5,205712.1,119.3,0.42,-0.446,-0.341,0.828
16930.1,65389.3,163033.9,241.2,0.55,0.055,-0.455,0.889
64813.4,119500.8,226226.7,143.7,0.36,-0.56,0.442,0.7
23341.3,111862.1,195904.0,276.3,2.4,-0.422,-0.435,0.795
57174.4,124263.9,228125.5,54.6,0.18,-0.532,-0.545,0.646
38565.2,108157.7,204513.1,251.7,0.31,-0.353,-0.144,0.924
61346.7,105437.3,217053.6,241.7,0.42,-0.571,-0.35,0.742
69730.0,108762.6,224079.2,59.1,0.25,-0.68,-0.369,0.635
79245.4,107237.6,231164.3,257.1,0.27,-0.639,-0.383,0.668
62175.2,97221.7,217773.8,43.5,0.18,-0.723,0.216,0.656
75538.7,114576.6,232998.3,253.2,0.65,-0.456,-0.638,0.621
52182.7,120428.3,216697.9,321.5,0.28,-0.556,-0.127,0.821
58663.6,117447.9,222228.3,15.5,0.29,-0.602,0.199,0.773
61216.8,109744.7,218919.7,339.1,0.38,-0.395,-0.527,0.752
102380.6,110457.8,229369.1,23.0,1.02,0.087,0.74,0.654
38645.5,84182.9,190241.1,26.7,0.28,-0.252,-0.664,0.704
82258.0,130227.6,245311.1,235.9,1.08,-0.495,0.422,0.759
58812.4,121540.8,221565.9,231.1,0.12,-0.392,-0.703,0.596
16832.2,9779.9,158415.0,296.2,0.56,-0.414,0.091,0.905
101829.4,111202.1,228194.9,251.6,0.19,0.158,0.698,0.695
87833.2,123213.5,247224.6,245.6,0.51,-0.057,-0.754,0.647
32850.4,110517.6,201700.8,2.6,0.37,-0.562,-0.06,0.825
58853.1,113699.8,220142.8,262.2,0.47,-0.439,-0.516,0.735
24736.6,113444.7,197427.0,323.4,0.26,-0.521,-0.334,0.785
58805.1,117931.4,222194.3,59.9,0.21,-0.657,0.255,0.709
17143.2,65489.2,163071.4,19.9,0.33,-0.031,-0.468,0.883
86550.1,124581.5,248246.7,41.7,0.61,-0.238,-0.593,0.769
71384.5,122299.1,234179.0,286.0,0.65,-0.561,-0.602,0.569
93361.9,109541.6,235881.2,292.8,0.11,0.704,-0.381,0.599
42225.0,102848.7,206151.0,52.8,1.06,-0.213,-0.395,0.893
10470.2,83001.7,171896.7,180.7,1.52,-0.075,-0.623,0.777
80332.4,129820.1,243897.1,74.7,0.44,-0.547,0.536,0.638
89816.0,125557.5,245458.3,230.1,0.86,0.716,-0.352,0.603
47123.1,101715.4,207840.5,74.3,1.81,-0.429,-0.263,0.864
34608.1,107955.6,202082.3,229.0,0.27,-0.537,-0.255,0.803
35927.2,109376.1,203332.2,315.6,0.75,-0.484,-0.251,0.838
59860.8,118218.7,223162.7,39.3,0.51,-0.564,0.389,0.728
33557.2,58078.9,167150.2,152.9,0.34,-0.478,-0.29,0.829
76938.8,112999.3,231940.7,107.0,1.15,-0.106,-0.672,0.733
17958.2,64518.6,162721.8,83.6,0.38,-0.225,-0.476,0.85
19841.6,7950.5,160981.8,31.5,1.43,-0.265,0.469,0.841
89588.6,112390.2,241461.8,25.9,0.18,0.698,0.191,0.69
95134.6,120583.3,232070.5,345.9,0.16,0.689,-0.29,0.663
37961.3,106196.5,204617.1,92.6,0.24,-0.495,0.422,0.76
30651.2,58199.4,165367.3,202.6,0.6,-0.534,-0.081,0.842
15725.9,58601.1,160248.2,27.6,0.31,0.023,-0.366,0.93
59344.0,115836.8,222450.1,193.6,0.49,-0.635,-0.317,0.705
9949.0,-6549.1,162035.3,84.0,0.31,-0.164,0.472,0.866
16782.2,95918.6,184805.5,209.6,0.17,-0.697,-0.266,0.667
61762.9,115560.9,224447.5,217.8,0.13,-0.605,-0.49,0.629
44092.6,97816.6,204373.4,134.0,0.19,-0.263,-0.659,0.705
93833.7,132125.5,244878.6,71.1,0.21,0.19,0.691,0.693
14388.8,63481.1,162513.4,170.2,2.4,0.048,-0.383,0.922
89713.7,129462.5,249265.7,40.9,0.25,-0.583,0.304,0.753
85897.7,121832.5,245109.1,257.8,0.22,-0.723,0.069,0.687
75125.9,115287.5,233356.7,74.9,0.4,-0.571,-0.572,0.589
75810.7,113308.8,232049.1,163.8,0.61,-0.294,-0.562,0.773
80375.4,130600.0,243340.9,292.7,0.13,-0.467,0.641,0.61
14757.7,66987.0,163974.5,180.3,0.32,0.041,-0.416,0.909
94118.1,133288.2,243867.1,2.7,0.2,-0.219,0.656,0.721
87834.5,126555.2,249730.4,201.1,0.38,0.376,0.188,0.901
79049.3,134539.3,239392.9,189.8,2.42,-0.498,-0.334,0.8
37684.0,112256.7,205228.1,311.6,0.28,-0.489,-0.296,0.82
46582.6,103221.7,207937.4,283.3,0.6,-0.453,-0.279,0.847
15620.5,120650.7,199046.5,57.0,0.53,-0.059,-0.739,0.671
70970.5,119311.5,231889.2,305.0,0.22,-0.659,0.333,0.674
6966.1,122202.4,205731.8,328.9,0.2,0.21,-0.729,0.652
74522.2,141082.9,232489.3,222.8,0.24,0.01,0.718,0.678
39584.5,104830.5,205662.2,147.6,0.43,-0.159,0.004,0.987
59689.4,95789.6,214762.6,281.8,0.37,-0.731,0.389,0.559
36419.7,116431.2,205879.5,320.0,1.14,-0.611,-0.135,0.78
14357.9,109487.6,191083.4,338.4,0.84,-0.604,-0.337,0.722
90046.4,129498.8,249505.0,23.8,0.29,-0.633,0.211,0.745
38220.0,107646.0,204367.5,31.4,1.83,-0.381,-0.028,0.924
59329.9,113651.7,220269.8,266.1,0.55,-0.235,-0.506,0.83
8693.2,78926.6,169632.1,84.6,0.61,-0.299,-0.289,0.907
57384.2,120171.6,220098.7,162.3,0.79,-0.524,-0.319,0.789
58875.0,115497.0,221716.1,135.2,0.24,-0.631,-0.43,0.646
84547.9,121745.0,243712.3,22.1,0.4,-0.611,0.411,0.677
73557.1,112586.8,230129.0,45.5,0.31,-0.552,-0.464,0.693
58269.1,113009.5,218702.8,37.0,0.41,-0.788,-0.061,0.611
9977.8,79661.0,170224.6,199.6,2.02,-0.265,-0.437,0.859
39803.0,105421.0,205671.3,103.1,0.3,-0.073,0.057,0.996
33691.1,106906.5,201287.4,208.7,0.22,-0.652,0.17,0.738
84028.7,120595.7,243086.7,328.1,0.37,-0.502,-0.484,0.717
66279.1,100303.4,220358.3,198.2,0.28,-0.583,0.146,0.799
84850.7,127224.7,248079.6,28.3,0.84,-0.395,-0.396,0.824
76914.4,128378.7,241261.2,212.6,0.1,-0.568,0.585,0.587
17900.6,60585.4,160808.5,128.1,2.71,0.056,-0.301,0.952
63065.9,112120.7,221667.6,57.9,1.98,-0.23,-0.538,0.811
33794.3,106746.1,201451.6,29.7,1.57,-0.692,0.285,0.664
75348.8,130448.3,238846.5,37.4,0.34,-0.732,0.251,0.628
73026.6,91186.2,229025.6,343.7,0.84,-0.731,0.185,0.656
15213.9,114405.3,194061.8,146.2,0.27,-0.333,-0.481,0.811
34612.4,109333.6,202557.6,123.6,2.56,-0.482,-0.228,0.846
42288.8,94538.3,200758.0,331.9,1.06,-0.069,-0.686,0.724
15190.9,6502.2,159218.9,66.5,0.31,-0.287,0.37,0.883
-29237.5,11919.6,163068.4,114.5,0.15,0.465,-0.604,0.649
37030.9,106568.0,204024.5,170.7,1.36,-0.347,0.227,0.91
61299.3,124696.5,231791.4,4.4,0.15,-0.528,-0.598,0.603
98811.3,120996.2,227294.7,269.7,1.41,0.711,-0.28,0.639
48181.1,108642.4,210574.3,327.5,1.54,-0.434,-0.079,0.896
75596.6,125223.1,240834.7,317.2,0.17,-0.646,0.35,0.677
89186.7,129885.7,248675.3,93.7,0.23,-0.612,0.236,0.755
58783.5,120519.9,221096.6,143.0,0.3,-0.56,0.019,0.826
56017.1,117531.5,220099.2,168.4,1.16,-0.645,-0.013,0.764
84993.4,120321.8,243789.4,46.4,0.21,-0.535,-0.63,0.564
74177.9,132871.6,237099.1,79.9,0.2,-0.712,0.084,0.698
17316.8,56819.2,159604.3,348.5,1.24,-0.036,-0.315,0.949
36670.4,104305.2,204825.8,313.4,0.59,-0.585,0.431,0.687
47634.8,100738.9,207810.0,359.3,0.69,-0.434,-0.426,0.793
60814.8,114174.8,222313.8,140.1,0.88,-0.489,-0.65,0.582
31668.9,112116.3,201299.1,220.5,1.63,-0.44,-0.378,0.814
31296.1,115851.4,202248.4,337.7,2.19,-0.449,-0.386,0.805
36492.9,109285.9,203650.0,9.7,0.87,-0.487,-0.225,0.844
11838.2,98132.0,183433.8,79.5,2.23,-0.419,-0.409,0.811
58154.3,112772.9,218683.5,67.6,0.11,-0.799,-0.146,0.582
7580.4,72665.2,166211.8,90.9,0.31,-0.29,-0.383,0.875
80553.9,124744.3,242955.7,114.8,0.18,-0.414,-0.609,0.656
41064.9,104620.2,205997.9,306.8,0.42,-0.396,-0.045,0.917
80014.4,111673.4,233613.0,77.2,0.63,-0.669,-0.298,0.681
77646.6,143032.7,236021.1,80.5,1.28,-0.699,0.069,0.71
80203.4,124120.6,242373.7,206.9,0.51,-0.797,0.02,0.604
60061.8,104704.7,216117.9,25.0,2.71,-0.497,-0.189,0.847
95090.2,137183.5,239834.2,56.7,0.34,0.025,0.625,0.776
-18403.4,6218.0,158189.7,105.9,0.6,-0.303,-0.341,0.89
19731.1,106183.9,190724.2,12.7,0.76,-0.68,-0.285,0.676
32116.0,107310.3,200635.7,143.6,2.14,-0.365,-0.289,0.885
76743.7,137588.0,236496.5,191.5,0.2,-0.249,0.653,0.714
65293.2,111458.9,222102.6,117.3,0.24,-0.147,-0.617,0.773
3043.7,92213.7,180045.5,84.7,1.25,0.49,-0.613,0.622
58352.4,124573.4,229143.4,188.0,0.1,-0.459,-0.667,0.587
37746.8,101665.1,204847.8,291.1,0.6,0.102,-0.273,0.956
22445.0,3294.7,164238.9,276.3,1.86,-0.505,0.067,0.86
52329.6,127721.6,232239.7,322.8,0.17,0.273,-0.698,0.664
78518.6,109626.0,232400.2,324.6,1.91,-0.608,0.006,0.791
60312.5,121324.0,222414.3,168.9,0.19,-0.418,-0.577,0.705
56524.5,115301.3,218513.8,108.1,0.23,-0.693,-0.441,0.57
20066.9,112981.9,194946.7,272.4,0.29,-0.063,-0.647,0.76
80421.2,110665.2,234077.1,136.1,2.42,-0.63,0.081,0.772
19477.2,111322.1,193661.5,127.6,0.89,-0.279,-0.476,0.834
67365.1,113046.3,224788.8,223.0,0.42,-0.403,-0.657,0.64
57939.9,133055.6,227335.5,10.8,2.33,-0.094,0.623,0.776
-22926.8,12675.2,160740.7,237.5,0.36,0.405,-0.366,0.838
54459.4,128081.6,232869.0,185.8,0.28,-0.534,0.514,0.671
58486.9,116401.2,222252.6,215.1,0.42,-0.533,-0.425,0.731
52199.6,120679.6,216738.3,333.3,0.45,-0.468,-0.399,0.781
83094.3,120993.1,242566.6,21.0,1.01,-0.625,0.057,0.777
-12200.2,5112.1,158244.6,3.7,0.38,-0.022,0.007,1.0
39381.9,120444.8,209515.8,329.5,0.29,-0.351,-0.47,0.809
89652.9,134807.9,247074.1,279.9,0.28,-0.537,0.183,0.823
59267.1,113989.1,220438.6,133.9,0.24,-0.19,-0.626,0.756
52756.9,106449.7,212417.3,149.7,0.3,-0.515,-0.135,0.846
-31852.1,5980.5,153758.4,206.6,1.52,-0.295,-0.586,0.755
41379.2,105305.8,206204.9,18.8,2.27,-0.493,-0.043,0.869
29617.0,56244.1,164329.7,85.9,0.98,-0.485,-0.273,0.831
36019.8,107773.5,203240.5,157.7,0.27,-0.611,0.259,0.748
16676.3,94696.5,183959.0,80.6,0.74,-0.709,-0.38,0.595
39254.2,109473.5,205199.5,25.0,0.87,-0.424,-0.24,0.874
59699.9,138911.0,223778.9,246.6,0.49,-0.223,0.417,0.881
84892.4,141007.7,241910.7,356.6,0.26,-0.69,-0.134,0.709
22158.7,117571.2,199071.9,112.8,0.26,-0.127,-0.6,0.79
88420.6,131650.4,247483.4,348.8,2.06,-0.585,0.311,0.749
17258.9,6185.5,160308.8,79.3,2.01,-0.505,0.21,0.836
87855.4,121305.6,246387.2,302.5,0.54,-0.517,-0.312,0.797
3428.5,95705.7,183111.9,82.0,0.3,0.102,-0.726,0.653
66960.9,116787.0,228500.4,256.2,0.31,-0.731,-0.053,0.68
85159.9,122447.8,244042.4,68.1,0.37,-0.676,-0.165,0.716
67337.4,110520.7,222516.2,25.2,0.9,-0.5,-0.296,0.813
35589.8,110170.5,203384.7,345.6,0.41,-0.486,-0.241,0.84
48871.5,107201.6,210557.1,247.1,0.5,-0.426,-0.221,0.877
83620.3,137604.6,241860.5,335.7,1.02,-0.352,0.498,0.792
42795.8,117144.1,209775.6,253.6,1.32,-0.514,-0.216,0.83
66626.4,109505.3,221600.5,28.6,0.49,-0.455,-0.429,0.78
73101.3,120343.0,233459.6,294.6,1.4,-0.671,0.353,0.652
60426.6,114976.0,222774.1,332.3,0.36,-0.444,-0.504,0.741
76397.8,114415.5,233407.6,79.4,0.42,-0.257,-0.759,0.598
42042.4,102522.2,205921.4,96.3,0.31,-0.237,-0.509,0.828
86863.4,122026.2,245996.6,144.8,1.26,-0.57,0.172,0.798
65574.9,138027.6,225885.5,205.8,0.32,-0.342,0.401,0.849
15600.3,95127.3,182771.5,337.1,0.17,-0.701,-0.348,0.622
17771.8,5018.1,160823.4,23.3,2.29,-0.362,0.368,0.857
32855.8,121347.2,206269.5,329.0,0.31,0.0,-0.655,0.755
35269.1,104142.4,203900.6,318.8,0.26,-0.573,0.397,0.717
-31524.3,-31596.2,139590.1,6.9,2.03,-0.087,0.005,0.996
10113.8,-993.2,159462.2,96.1,1.21,-0.35,0.039,0.935
58305.3,125258.3,229719.2,323.3,0.25,-0.658,-0.326,0.678
58104.3,118062.3,221555.9,237.0,0.49,-0.605,0.415,0.679
71354.0,128110.7,236888.8,207.3,0.82,-0.52,0.463,0.717
76157.5,137668.7,235976.6,306.8,0.1,-0.804,-0.18,0.565
43166.1,104381.5,206827.7,305.8,0.7,-0.175,-0.255,0.951
76028.2,121524.3,235579.9,23.3,1.08,-0.693,0.189,0.695
61689.3,105753.2,217478.2,306.3,0.29,-0.555,-0.273,0.786
86938.8,121655.8,245965.5,119.6,0.99,-0.527,-0.348,0.775
82800.0,130267.1,245600.0,27.0,0.25,-0.583,0.309,0.751
68087.7,111444.4,223681.6,61.2,0.81,-0.551,-0.515,0.657
16102.1,62754.7,161908.5,153.1,1.27,0.051,-0.428,0.903
85068.0,105922.8,236119.9,266.3,0.15,-0.746,-0.313,0.592
53822.3,119546.2,217515.3,219.6,0.34,-0.58,-0.004,0.81
46276.7,103852.4,207967.0,56.7,0.31,-0.485,-0.19,0.853
38527.0,108585.3,204651.4,13.5,0.3,-0.383,-0.253,0.888
36162.1,110869.8,203949.0,325.5,0.33,-0.454,-0.232,0.86
41050.7,109630.3,206066.0,88.4,0.39,-0.365,-0.354,0.861
23271.9,117030.3,198783.4,294.4,0.59,-0.066,-0.649,0.758
81335.7,103252.0,231679.1,196.9,0.24,-0.585,-0.26,0.767
79945.8,134430.0,240010.2,300.3,0.29,-0.68,0.182,0.71
56572.9,119323.8,219730.0,260.8,0.48,-0.549,0.391,0.739
-22239.3,-107080.2,140066.8,6.1,0.53,-0.094,0.005,0.995
36560.9,120006.9,207577.0,280.5,0.32,-0.612,-0.352,0.708
63450.3,138559.4,224870.8,30.3,0.76,-0.454,0.284,0.844
78929.5,136193.6,238714.4,103.3,0.26,-0.547,0.343,0.761
10745.6,79786.3,170609.5,269.2,0.61,-0.228,-0.368,0.9
87295.9,134645.8,245510.7,30.4,0.44,-0.55,0.24,0.8
85123.5,122145.5,243986.5,275.0,0.24,-0.733,0.177,0.654
76575.8,121015.8,236351.0,268.1,0.69,-0.682,0.213,0.699
72514.5,120756.1,232475.7,46.2,0.53,-0.738,0.159,0.653
30038.2,63238.1,165729.0,138.4,1.04,-0.506,-0.177,0.844
78966.8,102754.1,229520.8,254.1,0.46,-0.602,0.138,0.787
87165.9,125590.9,249480.6,65.8,0.4,-0.397,-0.548,0.733
52933.4,118386.1,217320.6,196.6,0.33,-0.682,0.254,0.685
-17821.5,-98575.7,140597.8,103.4,0.84,-0.488,0.388,0.782
77025.3,110129.4,230720.2,83.4,0.19,-0.693,-0.152,0.705
52251.8,96270.9,208013.0,80.7,0.28,-0.415,-0.402,0.816
36611.6,60513.8,169641.8,354.1,0.27,-0.552,-0.202,0.809
87137.7,125621.3,249476.5,346.2,1.61,-0.441,-0.495,0.742
55966.5,119745.3,218963.9,63.2,0.56,-0.569,0.155,0.806
53704.6,124180.8,225152.6,90.0,0.31,-0.562,-0.375,0.734
-13370.0,5899.4,158174.1,319.5,0.36,-0.058,0.001,0.998
52189.7,120393.9,216699.3,104.0,2.43,-0.559,-0.108,0.822
59513.9,115092.8,222330.7,266.8,0.14,-0.578,-0.571,0.584
21881.7,119769.5,200408.3,68.3,0.29,-0.534,-0.258,0.805
75592.6,135041.7,236078.3,97.0,2.02,-0.434,0.463,0.766
86813.8,126227.8,249157.5,137.9,0.56,-0.694,0.028,0.72
15215.1,57073.9,159634.8,127.1,1.57,-0.059,-0.355,0.933
38688.7,108021.6,204563.7,41.9,0.31,-0.373,-0.08,0.924
85529.8,125868.4,248202.2,132.4,2.48,-0.499,0.342,0.797
82335.2,140103.2,239757.5,171.7,0.81,-0.375,0.497,0.783
88670.0,122668.7,246407.3,114.8,0.38,0.789,0.068,0.609
57199.0,116749.3,221437.2,236.7,0.37,-0.597,-0.202,0.774
74490.2,121464.9,234040.8,5.6,0.76,-0.344,-0.776,0.56
35896.6,106242.5,203687.1,204.8,1.75,-0.371,0.091,0.924
42028.8,102803.6,206080.3,188.4,1.69,-0.247,-0.4,0.882
24401.2,111803.8,196434.6,299.0,0.28,-0.439,-0.398,0.805
60834.5,114587.1,222776.8,172.0,1.55,-0.471,-0.578,0.667
46465.5,107532.1,208894.6,299.9,1.57,-0.696,-0.222,0.682
86195.0,125337.1,248800.7,155.1,0.3,-0.383,-0.347,0.852
-38456.5,-1251.4,147713.4,37.4,2.45,0.114,-0.577,0.809
58247.6,115388.8,221213.3,117.2,0.26,-0.522,-0.396,0.755
63664.2,113271.4,222877.4,121.0,0.1,-0.218,-0.791,0.571
63516.9,107263.2,219117.9,206.6,0.69,-0.535,-0.201,0.82
28739.0,62404.5,164909.5,2.5,0.67,-0.412,-0.223,0.883
70208.6,130655.5,234202.5,115.0,0.29,-0.335,0.723,0.604
83254.4,103714.5,234811.1,15.7,0.26,-0.699,-0.019,0.712
38117.3,109311.5,204596.3,269.5,1.1,-0.487,-0.145,0.861
32855.6,113530.8,202718.9,123.1,2.45,-0.489,-0.301,0.818
-19494.5,-654.3,153072.3,116.4,0.31,-0.245,-0.36,0.9
82543.0,121934.1,241697.2,112.9,0.31,-0.593,0.233,0.77
56655.7,117661.7,220651.1,285.5,1.71,-0.576,0.324,0.75
-41138.3,-24142.4,140883.5,70.0,0.31,-0.014,-0.273,0.962
47207.0,103052.3,208214.0,100.0,0.35,-0.429,-0.248,0.869
84877.0,121724.5,244057.2,51.7,0.16,-0.643,0.388,0.661
77198.6,102672.8,228177.0,46.8,2.26,-0.552,0.124,0.824
25168.7,112653.3,197297.5,224.3,0.26,-0.463,-0.465,0.755
69650.5,116175.5,231011.3,244.8,0.36,-0.631,0.128,0.763
47367.1,129374.2,230791.0,192.6,0.77,0.046,0.624,0.774
90216.7,112302.3,240921.0,191.9,1.09,0.625,0.268,0.733
72871.5,113213.7,230135.0,191.7,0.81,-0.259,-0.704,0.66
68556.8,122083.6,230618.8,9.8,0.58,-0.372,-0.747,0.551
28023.8,61877.4,164476.7,160.7,1.8,-0.349,-0.27,0.897
46136.3,103249.1,207715.5,117.2,0.32,-0.484,-0.238,0.842
30639.3,109825.2,200021.4,82.4,0.25,-0.622,0.077,0.779
81470.8,129004.2,245194.6,159.7,1.27,-0.454,0.589,0.668
65895.1,112514.5,223110.6,20.4,1.86,-0.424,-0.572,0.701
-24230.2,-110308.7,139718.4,188.7,0.44,-0.123,-0.119,0.985
75961.4,108008.7,229043.8,30.8,0.37,-0.622,-0.468,0.626
86267.8,124722.6,248321.7,274.7,0.26,-0.174,-0.583,0.794
-29072.5,3099.9,153053.1,270.7,1.15,-0.303,-0.486,0.82
84831.1,122124.6,243743.9,295.6,0.32,-0.666,0.179,0.72
-29168.0,-109412.4,139547.9,201.5,0.31,-0.018,0.092,0.995
60883.8,115380.1,223293.0,127.0,0.27,-0.476,-0.54,0.695
42274.6,105784.5,206716.0,42.3,0.3,-0.442,0.131,0.886
89258.3,124285.9,245523.8,158.1,0.21,0.734,-0.089,0.671
38735.1,109769.8,205013.2,347.9,0.63,-0.473,-0.207,0.856
90656.5,121005.5,240311.7,10.9,0.59,0.696,0.051,0.713
69343.2,116370.5,230640.2,231.8,0.23,-0.651,0.2,0.732
45594.5,103378.2,207437.9,354.8,0.37,-0.466,-0.222,0.857
-26468.5,-8949.2,148468.5,323.0,0.67,-0.349,-0.258,0.901
65268.2,102395.7,219293.2,291.0,0.25,-0.603,0.14,0.785
103598.4,120947.4,221780.0,39.4,0.19,0.702,0.12,0.7
38044.6,106377.6,204607.6,279.6,0.26,-0.488,0.361,0.794
73160.5,113198.1,230343.6,291.8,0.22,-0.3,-0.604,0.738
34037.7,111894.5,202719.1,75.7,0.27,-0.575,-0.104,0.811
22061.3,114808.2,196750.8,244.7,0.29,-0.133,-0.625,0.769
36247.8,105864.9,203802.8,21.0,0.31,-0.332,0.142,0.932
77256.5,107289.0,229509.1,207.0,0.88,-0.565,-0.32,0.761
73213.0,126998.7,238651.1,271.6,2.65,-0.418,0.369,0.83
75104.6,111783.6,230530.5,49.8,0.31,-0.46,-0.61,0.645
67313.3,115135.0,227690.0,101.1,0.09,-0.419,-0.704,0.574
54584.2,119595.9,218121.9,165.3,0.59,-0.586,0.23,0.777
-23057.9,13955.5,161232.2,92.7,0.78,0.588,0.018,0.808
58901.4,113680.5,220156.5,242.2,0.28,-0.403,-0.508,0.761
57595.5,123476.9,227589.7,340.5,0.51,-0.393,-0.662,0.638
32174.7,100529.9,202103.1,4.2,0.28,0.189,-0.588,0.787
88773.6,135242.1,246192.5,51.2,0.26,-0.598,0.235,0.766
37596.5,108629.4,204180.3,55.9,0.32,-0.472,-0.121,0.873
29490.0,112860.6,200014.9,168.1,1.31,-0.64,-0.112,0.76
47337.5,106678.4,209424.1,201.1,0.42,-0.439,-0.237,0.866
6009.5,73996.2,166940.8,196.5,0.71,-0.125,-0.333,0.932
-12014.7,6347.6,158234.5,63.4,0.3,0.054,0.059,0.997
16695.2,95525.0,184423.5,108.6,0.09,-0.77,-0.297,0.564
33147.7,109712.0,201785.1,175.2,0.88,-0.529,-0.149,0.836
47499.7,101521.6,207974.9,345.5,0.3,-0.471,-0.238,0.849
12165.3,97698.9,183346.8,166.7,0.42,-0.141,-0.5,0.852
30239.6,112887.9,200714.4,306.9,1.69,-0.645,-0.132,0.752
84146.4,133485.9,243853.4,324.3,1.51,-0.455,0.421,0.784
60385.0,120731.6,222317.1,242.3,0.28,-0.543,0.202,0.814
53655.3,128664.7,232018.1,83.3,1.94,-0.287,0.603,0.742
82374.6,126870.2,247115.7,232.1,0.58,-0.106,-0.811,0.582
10260.9,-416.6,159445.9,149.4,1.4,-0.358,0.33,0.873
16324.4,58083.3,160026.1,296.7,0.35,0.055,-0.323,0.945
82368.7,129208.9,245775.9,76.5,0.33,-0.536,0.373,0.757
75902.0,108860.0,229385.9,161.1,1.36,-0.611,-0.251,0.75
88470.9,121432.0,246755.5,312.8,0.18,0.846,-0.24,0.591
-12161.1,5459.8,158254.2,120.0,0.85,-0.017,-0.004,1.0
38266.3,108768.8,204555.8,162.6,0.6,-0.454,-0.201,0.868
33543.8,111965.1,202398.5,238.5,0.27,-0.576,-0.07,0.814
-26314.4,4179.3,154335.0,358.3,2.5,-0.186,-0.491,0.851
27800.8,99732.9,199363.0,26.0,0.15,-0.281,-0.715,0.644
-12361.0,5523.6,158248.2,183.9,0.9,-0.028,-0.014,1.0
-20380.8,-103131.9,140973.3,340.2,2.61,-0.153,-0.326,0.932
59971.9,104994.0,216147.2,229.9,0.33,-0.508,-0.171,0.844
88135.1,125475.2,249442.7,77.8,0.11,0.28,-0.764,0.591
9218.5,-490.8,158958.6,299.4,0.26,-0.355,0.497,0.792
25980.5,62190.3,163351.0,217.7,0.31,-0.468,-0.048,0.882
84614.5,128262.7,247589.3,199.6,0.3,-0.344,0.428,0.836
93770.5,136754.2,241168.0,86.7,0.3,0.55,0.491,0.675
-39959.1,-31294.6,139560.3,132.2,1.29,-0.022,-0.057,0.998
97570.2,117119.7,228893.4,111.2,1.05,0.62,0.192,0.761
8675.4,44.6,158441.0,212.8,1.12,-0.262,0.377,0.888
42273.3,104002.6,206441.1,263.6,0.44,-0.343,-0.251,0.905
58121.1,115751.0,221279.1,201.5,0.35,-0.616,-0.336,0.713
24291.4,111877.9,196411.3,47.5,0.34,-0.44,-0.396,0.806
37056.7,108062.1,203810.3,216.0,0.3,-0.504,0.002,0.863
87527.6,127660.3,249107.2,172.5,0.43,-0.155,0.608,0.778
29445.5,64292.1,165550.8,56.7,0.38,-0.528,0.038,0.848
39140.4,86286.3,192373.1,81.7,0.35,-0.171,-0.724,0.668
61463.6,126130.6,234325.5,156.4,0.61,0.004,-0.357,0.891
48147.0,108791.2,210548.3,322.1,0.3,-0.465,0.043,0.884
16104.9,96682.7,184215.7,359.8,0.51,-0.819,-0.136,0.557
77579.0,120748.9,237585.9,129.0,0.23,-0.677,0.379,0.632
98552.2,115185.7,228821.8,314.4,0.62,0.52,0.421,0.743
52254.7,98029.6,208819.9,96.5,1.11,-0.197,-0.499,0.844
93176.5,129137.4,248426.9,61.3,0.31,0.378,0.49,0.783
70962.7,120097.7,231332.8,4.3,0.28,-0.637,0.45,0.626
22999.2,113181.0,196276.5,259.2,0.27,-0.562,-0.185,0.806
55063.2,128935.4,232490.6,326.1,0.47,-0.042,0.785,0.618
54003.7,118892.2,218000.1,78.2,0.18,-0.611,0.442,0.657
86972.5,124756.5,248694.3,252.4,0.63,-0.367,-0.628,0.686
36489.2,111807.8,204373.5,125.8,1.25,-0.493,-0.269,0.827
72778.1,113450.1,230425.3,226.2,0.72,-0.108,-0.796,0.596
78951.7,125999.1,244893.1,216.6,0.37,-0.626,-0.529,0.559
28922.1,114519.1,200337.4,238.6,1.3,-0.434,-0.419,0.798
36749.3,110818.7,204229.2,4.1,0.76,-0.465,-0.267,0.844
9050.7,-1353.3,159237.0,297.9,0.68,-0.221,0.266,0.938
83171.8,119709.0,241800.8,268.1,0.18,-0.323,-0.669,0.669
60845.8,130846.8,230464.6,240.7,0.1,-0.138,0.807,0.577
21773.1,119569.2,200258.1,194.5,0.27,-0.529,-0.272,0.803
75630.4,115041.2,233731.8,94.3,0.36,-0.473,-0.678,0.561
26551.2,-2183.7,168290.4,322.8,0.29,-0.515,0.184,0.837
88232.8,126026.9,249494.1,80.4,0.24,0.683,0.122,0.721
17177.3,55410.3,159168.9,84.7,0.34,-0.133,-0.273,0.953
75116.7,111825.0,230580.8,102.5,0.15,-0.475,-0.597,0.646
20410.7,108591.9,192814.8,22.9,2.13,-0.665,-0.065,0.744
87745.6,122711.1,246557.6,300.8,0.18,-0.728,-0.089,0.679
81749.6,121458.2,241348.2,345.8,0.32,-0.54,0.342,0.769
57024.5,125263.9,228471.3,351.4,0.33,-0.681,-0.26,0.682
9661.7,-1728.0,159402.4,156.5,1.52,-0.146,0.098,0.984
15754.2,67230.6,164015.9,160.5,0.3,0.035,-0.471,0.882
59596.2,115611.7,222599.5,100.4,0.45,-0.578,-0.239,0.78
57804.3,117443.6,221610.5,245.8,0.22,-0.603,0.323,0.73
89611.7,118008.9,240674.5,305.8,0.98,0.748,0.23,0.622
-31734.2,6073.9,153908.1,230.4,0.6,-0.289,-0.586,0.757
39205.3,111251.0,205680.3,26.3,0.91,-0.463,-0.298,0.835
15561.3,120553.1,198948.5,11.5,0.39,-0.054,-0.753,0.656
86367.4,125521.5,248935.6,311.4,0.7,-0.474,-0.157,0.858
59760.6,105973.8,216193.9,163.7,0.49,-0.512,-0.313,0.8
14083.4,124468.6,203785.5,275.0,0.18,0.575,-0.528,0.619
37838.2,84523.8,190352.6,334.2,0.14,-0.224,-0.754,0.618
55659.6,115993.3,218080.5,108.8,0.13,-0.543,-0.577,0.609
58657.3,113734.6,220055.1,8.0,0.16,-0.588,-0.532,0.613
71393.7,94712.2,226312.2,261.0,0.17,-0.639,0.511,0.573
77470.1,124073.1,241031.0,168.6,1.17,-0.177,-0.772,0.611
28164.1,47450.1,161541.0,312.1,0.59,-0.448,-0.208,0.87
86208.3,124954.4,248456.6,211.4,0.27,-0.194,-0.617,0.762
78730.9,110797.1,232403.1,291.4,0.28,-0.666,-0.105,0.739
53453.1,106442.7,212803.1,69.5,0.51,-0.469,-0.171,0.866
19670.2,123599.7,202600.1,255.6,0.34,-0.02,-0.571,0.82
-25375.2,8576.3,157771.0,96.4,0.63,-0.301,-0.45,0.841
56838.0,118721.7,220185.7,129.9,0.31,-0.486,0.38,0.787
78250.6,128453.0,244232.9,122.2,0.13,-0.78,0.103,0.612
14754.3,63194.5,162352.6,129.1,0.32,0.175,-0.389,0.904
12234.6,4729.9,158236.2,84.4,0.3,-0.327,-0.133,0.935
90298.3,140552.4,245388.6,36.1,0.99,0.104,0.616,0.781
76014.7,136754.0,235822.1,199.6,1.68,-0.533,0.341,0.774
88122.6,113415.8,243000.9,85.6,0.76,-0.773,-0.116,0.618
59218.2,97486.5,214028.5,178.7,0.17,-0.805,0.123,0.58
36879.4,109951.2,204026.4,43.8,0.85,-0.485,-0.227,0.844
69249.2,121127.5,229494.2,12.0,0.13,-0.573,-0.539,0.617
-17872.2,5993.3,158385.6,2.6,0.5,-0.427,-0.156,0.89
38056.3,113605.1,205845.0,20.8,0.3,-0.515,-0.221,0.828
16691.3,65902.9,163333.1,13.0,1.58,0.106,-0.484,0.869
33183.9,69647.9,169087.6,282.5,0.1,-0.654,-0.476,0.582
90558.3,121190.3,240302.2,104.0,0.21,0.645,0.237,0.726
59847.8,96395.0,214522.4,273.1,0.8,-0.815,-0.11,0.563
16426.4,62698.2,161882.0,279.2,0.83,0.006,-0.436,0.9
88001.0,120425.3,246018.7,138.5,0.25,-0.315,-0.56,0.766
15137.2,2321.6,159974.0,119.7,0.61,-0.485,0.179,0.855
58398.2,115385.1,221306.8,160.6,0.67,-0.5,-0.42,0.757
57126.6,116591.7,221324.7,119.7,0.2,-0.61,-0.515,0.612
94599.6,129539.0,247485.8,127.9,0.24,-0.121,0.658,0.742
55544.2,120779.4,219041.7,229.6,1.88,-0.525,-0.357,0.772
34632.1,120774.1,206583.0,34.4,1.33,-0.541,-0.471,0.697
4852.9,-1289.0,158287.7,40.6,0.31,-0.205,0.189,0.96
62798.6,95352.7,218380.5,146.6,0.14,-0.554,-0.623,0.554
4132.3,110393.1,203798.4,334.9,0.94,0.171,0.062,0.983
58948.7,105326.7,215568.5,30.9,0.37,-0.515,-0.21,0.831
84922.4,128705.4,247422.6,92.6,0.29,-0.28,0.534,0.798
77051.6,113858.0,233024.3,239.4,0.12,-0.193,-0.788,0.585
85920.2,119338.2,244211.3,283.9,0.61,-0.68,-0.411,0.612
28406.0,-10076.9,172100.4,281.6,0.4,-0.625,0.03,0.78
49677.7,129765.3,230734.9,353.1,0.22,-0.215,0.64,0.737
50317.7,130498.4,230107.2,21.0,1.01,-0.051,0.685,0.726
-155.5,-11029.5,160501.0,319.3,0.61,-0.171,0.252,0.951
81998.9,107576.9,233561.3,257.1,0.5,-0.62,-0.337,0.707
36440.8,123379.7,211213.8,110.8,0.2,-0.656,-0.334,0.676
-31964.2,3441.6,152200.2,200.9,0.42,-0.357,-0.405,0.841
54054.2,128652.5,232279.7,338.0,0.22,-0.572,0.338,0.746
36613.8,109468.1,203762.1,53.7,1.08,-0.477,-0.22,0.851
75364.1,121313.2,234988.8,217.7,1.06,-0.696,0.317,0.643
47960.2,101148.5,208144.7,80.6,0.31,-0.425,-0.246,0.871
64512.7,98897.4,219482.8,30.5,0.8,-0.705,0.238,0.668
18138.1,133158.3,219529.8,164.2,0.08,-0.2,-0.805,0.557
50541.5,134051.1,223553.0,214.5,1.94,-0.054,0.579,0.813
32836.7,108991.6,201462.3,62.1,0.3,-0.509,-0.153,0.847
31005.8,110666.8,200326.3,37.0,1.05,-0.659,-0.061,0.749
16863.9,-2321.9,163370.4,29.2,0.87,-0.491,0.449,0.747
60000.0,115119.0,222648.3,51.5,0.47,-0.434,-0.466,0.771
86024.5,121693.7,245225.0,74.6,0.25,-0.676,-0.072,0.733
34771.5,112936.8,203373.2,183.1,1.6,-0.522,-0.245,0.814
17775.5,62695.7,161710.9,321.2,0.3,-0.006,-0.457,0.889
17555.4,99907.4,186618.9,228.8,0.85,-0.75,-0.137,0.648
-17983.9,5713.9,158223.0,150.3,0.35,-0.486,-0.402,0.776
43206.9,104345.4,206822.1,32.4,0.62,-0.171,-0.253,0.952
57693.2,116684.0,221698.7,103.2,0.26,-0.516,-0.304,0.795
-29342.6,5221.1,154298.3,239.0,0.27,-0.28,-0.528,0.802
60923.0,130116.0,231317.9,28.7,0.77,-0.537,0.623,0.566
74756.1,111131.3,229646.8,87.2,0.24,-0.155,-0.799,0.583
68547.2,119898.9,229417.1,324.0,0.24,-0.666,0.384,0.64
38648.7,104864.1,205566.7,99.5,0.3,-0.156,-0.053,0.985
9147.1,69886.7,165202.5,130.9,2.72,-0.034,-0.426,0.904
85013.4,126045.0,247644.7,20.2,0.59,-0.685,0.314,0.657
17793.6,60383.2,160751.2,87.8,3.02,0.054,-0.28,0.958
12176.4,66718.3,163787.7,6.1,0.47,-0.066,-0.445,0.893
38180.2,109221.9,204622.8,149.5,0.38,-0.478,-0.155,0.865
23055.0,110574.2,194913.8,153.0,0.52,-0.487,-0.359,0.796
87927.2,122392.5,246865.3,163.3,0.59,-0.628,0.019,0.778
80016.1,107034.7,231784.8,317.9,0.21,-0.664,-0.238,0.709
86511.3,122299.5,245530.5,268.4,0.91,-0.626,0.367,0.688
86862.4,127925.5,248601.8,158.9,1.68,-0.376,0.593,0.712
76573.3,125829.8,241546.0,25.6,0.15,-0.526,0.576,0.626
87240.6,120324.0,245602.9,256.7,0.29,-0.305,-0.654,0.693
-25975.9,-3578.5,150479.1,92.8,0.34,-0.266,-0.334,0.904
61361.2,119668.9,223377.0,210.9,0.4,-0.65,0.355,0.672
78428.5,130923.7,240897.7,46.2,0.15,-0.328,0.728,0.601
88408.4,126709.0,249204.2,248.5,0.28,0.815,0.083,0.574
63917.0,107905.2,219589.7,105.4,0.29,-0.434,-0.358,0.827
86975.5,125068.9,248922.5,258.3,0.4,-0.323,-0.569,0.757
25644.8,114818.6,198525.4,184.6,0.48,-0.518,-0.317,0.794
21999.6,50579.7,159411.3,81.8,0.59,-0.504,-0.08,0.86
52138.0,118838.6,216410.1,270.7,1.17,-0.572,0.218,0.79
-33851.3,-110595.0,139751.3,1.8,0.3,-0.398,0.339,0.852
86964.7,125335.9,249080.4,172.4,0.39,-0.329,-0.55,0.767
56990.1,118917.5,220154.4,2.0,0.86,-0.457,0.376,0.806
58788.6,114309.4,220809.7,36.0,0.63,-0.348,-0.712,0.608
12236.3,61592.9,161374.2,242.8,0.97,0.012,-0.414,0.91
42734.8,102568.4,206027.9,56.5,0.54,0.06,-0.548,0.834
38704.8,109441.4,204905.5,170.4,0.48,-0.444,-0.204,0.872
50711.5,128001.6,232901.8,314.2,0.25,-0.654,0.333,0.671
77363.1,112255.7,231496.5,273.4,1.56,-0.432,-0.48,0.761
98748.4,121028.0,227347.4,49.6,0.61,0.734,-0.245,0.634
42756.8,105450.7,206901.0,244.2,0.76,-0.28,-0.117,0.953
15343.4,61636.6,161470.8,323.3,0.47,0.139,-0.423,0.895
26720.1,110882.5,197472.7,270.5,0.25,-0.539,-0.295,0.789
42250.1,101942.1,205634.9,57.6,0.46,-0.114,-0.654,0.748
-30507.5,394.1,151030.3,86.5,1.12,-0.227,-0.355,0.907
59355.6,130662.3,229531.3,45.2,1.38,-0.268,0.679,0.68
57962.8,115030.9,220712.0,219.3,0.11,-0.546,-0.629,0.554
30923.4,101484.9,201081.6,135.2,0.1,-0.728,0.371,0.577
98885.4,113235.0,229599.5,20.0,0.19,0.656,0.282,0.7
68259.3,112752.5,225351.7,292.1,0.08,-0.704,-0.456,0.551
37707.6,115738.6,206407.1,178.8,0.62,-0.402,-0.4,0.824
62450.7,127298.4,233905.2,259.6,0.34,-0.464,0.466,0.75
22018.3,120606.5,200735.6,123.5,0.25,-0.581,-0.218,0.784
23790.2,99123.0,197528.6,265.9,0.31,-0.389,0.098,0.915
33836.9,111565.7,202549.1,152.1,0.34,-0.562,-0.126,0.818
60731.8,114561.0,222671.1,260.2,0.59,-0.5,-0.598,0.628
-32213.8,2631.8,151707.9,39.2,1.33,-0.408,-0.363,0.838
11836.5,59474.3,160422.5,277.5,0.3,0.024,-0.385,0.922
67152.9,120244.5,227835.7,323.2,0.25,-0.501,0.367,0.784
76399.9,113045.0,231928.9,236.7,0.39,-0.043,-0.641,0.766
56002.4,118306.0,219934.8,107.3,0.63,-0.389,0.441,0.808
82845.8,111097.4,236012.8,181.4,0.24,-0.634,-0.223,0.736
57840.6,116843.2,221849.2,321.4,0.37,-0.554,0.003,0.827
56062.8,117766.6,220091.8,339.1,2.09,-0.611,0.109,0.783
57536.2,127821.3,233520.1,160.2,0.11,0.354,0.717,0.599
87899.2,122194.2,246805.9,317.0,0.38,-0.614,-0.076,0.785
73717.5,127042.5,238814.7,155.9,2.19,-0.309,0.43,0.848
56664.0,114225.1,216577.2,84.3,0.54,-0.731,-0.367,0.574
66605.4,101284.3,220508.2,4.8,1.55,-0.652,0.09,0.752
59885.6,118418.5,223041.7,36.6,0.42,-0.552,0.427,0.717
65161.9,124343.4,234172.4,21.7,0.25,-0.429,-0.698,0.595
27224.8,118101.8,200941.7,119.4,0.37,-0.489,-0.325,0.81
77230.6,137275.6,237112.9,211.5,0.2,-0.315,0.615,0.718
29696.3,112553.2,200160.7,269.6,0.91,-0.628,-0.138,0.765
82657.1,125995.8,245301.6,231.8,0.25,-0.538,-0.541,0.641
51723.1,120593.6,216403.9,354.2,2.06,-0.389,-0.515,0.753
36787.9,109945.4,203970.7,155.5,0.3,-0.482,-0.224,0.847
62098.2,119686.7,224219.4,241.1,0.35,-0.607,0.441,0.662
57448.6,118357.2,220728.4,62.8,1.31,-0.531,0.462,0.71
58546.7,128486.2,232389.4,127.7,0.75,0.072,0.689,0.721
-11697.5,6517.0,158207.8,251.5,2.68,0.171,0.137,0.976
20379.2,112790.5,194843.4,40.3,0.26,-0.168,-0.584,0.794
35763.1,106803.8,203435.2,333.4,0.7,-0.53,0.379,0.759
34985.8,111505.4,203312.0,27.3,0.32,-0.563,-0.117,0.818
-25104.1,-109269.5,139695.0,237.0,0.33,-0.082,-0.023,0.996
87977.3,121230.8,246432.4,88.0,0.27,-0.494,-0.349,0.796
8084.5,74078.9,167159.2,147.5,0.3,-0.38,-0.417,0.826
21133.6,113190.7,195329.5,68.9,0.27,-0.187,-0.584,0.79
52768.6,96954.9,208657.1,277.7,0.28,-0.469,-0.377,0.798
13430.4,60793.3,161065.3,201.9,0.33,-0.055,-0.424,0.904
42014.4,110128.7,206674.9,46.2,0.89,-0.367,-0.363,0.857
24164.7,113338.7,197033.3,38.7,1.87,-0.456,-0.366,0.811
72933.2,124426.4,238721.2,309.1,0.11,-0.357,-0.754,0.557
57973.7,115116.8,220874.6,351.2,0.11,-0.563,-0.583,0.586
47278.0,102859.4,208189.5,53.9,1.11,-0.428,-0.25,0.868
68686.9,125906.6,237540.3,263.5,0.3,-0.26,-0.051,0.939
80685.8,132224.9,242434.1,262.2,0.88,-0.312,0.633,0.708
51549.9,123808.4,222775.1,262.8,0.15,-0.759,-0.161,0.628
33085.0,113473.5,202819.4,175.5,0.45,-0.426,-0.355,0.832
78240.7,121697.6,237656.6,356.9,0.2,-0.746,0.065,0.662
68509.7,120559.9,229086.6,240.1,0.24,-0.614,0.318,0.721
32490.5,110364.2,201456.3,244.6,2.72,-0.557,-0.056,0.828
65886.6,115250.4,226102.9,356.0,0.1,-0.408,-0.728,0.55
75450.6,115155.3,233635.2,81.7,0.09,-0.58,-0.586,0.565
28494.6,110927.0,198710.0,35.2,1.16,-0.528,-0.287,0.799
38188.4,107579.3,204349.0,79.4,1.46,-0.382,-0.004,0.924
36537.6,110331.3,203950.5,234.3,0.76,-0.464,-0.265,0.845
58825.0,112986.2,219415.3,341.4,0.1,-0.697,-0.448,0.56
73606.8,113938.0,231177.4,353.7,0.59,-0.174,-0.758,0.628
39365.0,109228.9,205183.2,182.2,0.3,-0.413,-0.258,0.873
59539.4,115800.1,222616.2,327.1,0.25,-0.583,-0.246,0.774
23672.1,101495.9,196472.7,328.0,0.87,-0.644,0.176,0.744
33285.5,123573.9,208933.9,217.7,0.11,-0.23,-0.794,0.563
15221.3,5560.6,159558.3,1.2,0.29,-0.562,0.004,0.827
58832.0,115924.8,222021.5,343.7,0.13,-0.559,-0.547,0.623
105469.6,119805.8,221269.5,221.2,0.71,0.649,-0.002,0.756
-24917.5,143.1,152575.1,92.3,0.58,-0.182,-0.439,0.88
23592.8,112920.6,196536.2,340.5,0.28,-0.447,-0.373,0.813
-32814.3,5256.3,152962.5,227.5,0.4,-0.212,-0.529,0.822
21855.3,108625.9,193877.0,23.3,2.17,-0.547,0.277,0.79
87084.7,120332.4,245586.5,115.6,1.27,-0.359,-0.649,0.67
50472.9,115226.9,212163.4,207.2,0.57,-0.005,-0.367,0.93
80685.4,109470.9,234362.2,55.9,0.16,-0.685,-0.419,0.595
39087.4,110954.6,205525.5,203.8,1.54,-0.463,-0.268,0.845
95035.7,130384.3,246910.5,180.1,1.41,0.143,0.611,0.778
66926.9,105463.4,221346.7,116.1,0.29,-0.597,-0.047,0.8
27377.5,117877.5,200951.1,219.3,0.4,-0.412,-0.43,0.803
15696.1,94849.8,182692.6,32.4,0.25,-0.743,-0.307,0.597
70594.2,96817.8,224874.2,23.8,0.27,-0.545,0.193,0.815
-19683.2,5794.5,157468.7,46.1,0.38,-0.254,-0.513,0.818
88768.1,122986.3,246148.6,216.1,0.1,0.826,-0.026,0.563
38143.8,122027.8,210989.8,96.6,0.11,-0.262,-0.764,0.592
17426.8,10072.6,158734.7,5.9,0.85,-0.566,-0.088,0.82
92515.0,129343.5,248331.8,15.6,0.26,0.091,0.678,0.73
46979.3,108049.6,209786.1,195.7,0.72,-0.577,-0.327,0.748
76381.0,123796.7,239930.3,23.4,0.3,-0.275,-0.718,0.641
20068.8,107964.2,192272.8,14.3,0.59,-0.767,-0.148,0.625
83466.7,112071.3,236878.2,333.8,1.53,-0.61,-0.27,0.745
77428.6,120663.1,237478.2,341.0,0.3,-0.697,0.358,0.622
57351.5,118416.5,220639.5,190.9,0.27,-0.504,0.467,0.726
36952.9,105312.2,204396.9,356.6,1.0,-0.594,0.374,0.712
59715.0,119773.1,222070.1,199.0,1.56,-0.607,0.203,0.767
31591.1,112676.1,201496.1,166.3,0.67,-0.471,-0.414,0.779
61000.8,121074.9,222733.2,27.8,0.97,-0.569,-0.122,0.809
67739.1,112969.3,224900.7,246.8,1.03,-0.61,-0.497,0.617
40711.2,90541.3,197029.8,41.2,0.45,0.137,-0.675,0.725
85784.3,124220.6,247891.1,250.7,0.98,-0.053,-0.746,0.671
77484.7,124523.9,241654.8,182.8,0.12,-0.201,-0.806,0.557
22554.6,112482.5,195726.1,89.9,0.41,-0.47,-0.394,0.79
52798.7,119127.3,216879.9,351.3,0.43,-0.597,0.132,0.789
54197.9,127499.5,233052.6,2.9,0.12,-0.338,-0.726,0.61
54763.9,114036.2,214831.1,1.9,0.5,-0.567,-0.147,0.811
19596.8,49937.1,158283.2,102.2,2.66,-0.186,0.022,0.982
84105.0,121213.2,243544.2,169.0,0.25,-0.579,-0.203,0.78
82352.7,139002.2,240366.0,202.4,1.71,-0.401,0.475,0.783
64971.2,125313.5,234662.8,189.4,0.16,-0.184,-0.728,0.66
59057.7,121231.6,221589.4,170.5,0.33,-0.491,-0.371,0.788
34206.0,110587.2,202632.5,177.3,1.53,-0.535,-0.195,0.822
-18496.0,6039.4,158070.4,253.1,1.01,-0.342,-0.325,0.881
90594.7,120770.7,240368.9,61.9,0.37,0.67,-0.251,0.698
58374.4,112503.2,218849.9,45.7,0.43,-0.764,-0.308,0.57
88926.0,113809.7,243593.7,126.5,0.29,0.67,-0.029,0.756
83078.0,120162.7,242239.9,354.5,0.72,-0.286,-0.637,0.716
27546.3,99265.8,198333.6,54.5,0.36,0.514,-0.609,0.587
38388.6,108393.3,204521.9,271.9,0.79,-0.381,-0.215,0.899
86875.1,118955.1,244563.5,90.8,1.79,-0.43,-0.451,0.782
40364.5,106023.5,205710.8,192.6,0.4,-0.353,0.155,0.921
12057.2,97424.4,183175.0,86.0,0.45,-0.174,-0.512,0.839
38213.0,107574.3,204357.7,138.7,0.3,-0.38,-0.003,0.925
61156.5,114696.5,223007.6,307.1,0.15,-0.561,-0.521,0.643
37354.8,108082.3,203987.0,12.2,0.3,-0.482,-0.024,0.875
46335.1,118666.8,212355.2,24.6,0.27,-0.564,-0.265,0.782
28241.6,108055.0,198430.3,301.7,1.54,-0.539,0.312,0.782
39626.7,106101.2,205525.0,147.6,0.3,-0.2,0.395,0.897
89054.7,123768.4,245944.3,87.4,0.26,0.785,0.138,0.604
-25929.2,-3332.8,150588.6,289.1,0.61,-0.259,-0.356,0.898
36736.3,115880.2,205964.1,222.0,0.29,-0.486,-0.301,0.82
86008.5,121186.7,245138.9,140.3,0.52,-0.573,-0.343,0.743
96539.1,112668.3,232009.3,42.7,0.24,0.597,0.397,0.697
17545.9,5377.7,160603.1,342.1,0.92,-0.441,0.212,0.871
36892.1,103869.2,205291.5,299.0,1.58,-0.38,0.278,0.881
33162.5,112688.7,202386.4,344.6,1.63,-0.35,-0.525,0.776
5203.4,72409.4,166164.3,105.1,0.56,-0.229,-0.37,0.9
35887.2,109224.1,203266.9,254.7,1.03,-0.486,-0.246,0.839
46959.0,130691.6,229076.7,32.0,1.48,-0.112,0.685,0.719
61989.6,126243.4,234293.2,295.8,0.31,-0.013,0.045,0.987
36144.9,111324.7,204018.1,242.9,0.5,-0.505,-0.203,0.839
59378.9,115251.6,222331.6,301.0,0.13,-0.7,-0.395,0.595
84569.8,121379.6,243949.7,263.2,0.24,-0.64,-0.004,0.759
8427.0,71032.6,165758.3,212.0,0.3,0.002,-0.428,0.904
60116.4,117578.0,223486.1,60.9,0.4,-0.634,-0.04,0.772
30959.7,113432.9,201442.3,213.5,0.22,-0.631,-0.208,0.747
68555.7,98596.2,222790.9,351.7,1.85,-0.5,0.408,0.764
99495.0,125649.5,228387.8,255.6,0.14,0.648,0.44,0.604
33898.9,73260.9,174613.8,293.9,0.46,-0.816,-0.129,0.565
88409.6,121723.3,246825.1,49.9,0.24,0.63,-0.129,0.773
29441.6,125660.8,211761.8,337.1,0.15,0.156,-0.744,0.649
19435.8,-15830.4,167637.1,32.4,2.09,-0.4,0.268,0.877
42596.1,103643.5,206481.4,295.3,0.35,-0.289,-0.252,0.923
2706.2,97346.5,184595.8,178.1,0.55,0.039,-0.765,0.642
80571.1,121446.1,240450.2,88.6,0.26,-0.64,0.372,0.672
6830.3,77624.1,168304.5,102.5,0.68,-0.597,-0.145,0.787
40076.1,100755.5,204756.9,332.4,1.01,0.054,-0.616,0.786
40734.2,102257.3,205545.5,352.8,2.66,-0.11,-0.387,0.915
17154.6,59487.1,160428.6,284.8,0.98,-0.032,-0.333,0.942
38904.4,83496.4,189672.8,34.8,1.41,-0.338,-0.57,0.749
66170.3,107093.3,220681.9,241.8,0.25,-0.642,-0.074,0.763
105996.4,112442.6,219478.2,265.4,0.8,0.702,-0.114,0.695
70252.1,125482.3,237588.4,192.9,0.45,-0.077,0.347,0.927
57511.4,105435.5,214650.7,214.8,0.36,-0.475,-0.278,0.835
91399.2,140116.0,245629.3,188.9,0.24,0.042,0.648,0.76
100792.9,120460.2,224921.1,158.7,0.22,0.66,0.31,0.684
90801.7,134808.2,246423.9,164.8,0.28,0.261,0.646,0.715
48658.2,101189.8,208375.3,266.4,2.34,-0.251,-0.495,0.832
30121.2,112064.7,200284.8,94.1,1.18,-0.521,-0.36,0.773
87069.8,124654.5,248638.5,75.6,0.17,-0.321,-0.666,0.673
9513.1,86119.8,173935.1,200.2,0.29,0.283,-0.473,0.834
57455.0,118550.1,220615.2,180.8,1.15,-0.543,0.437,0.717
-2262.9,105572.0,203504.3,246.0,1.23,0.476,-0.456,0.751
69076.1,116323.0,230443.0,115.5,0.28,-0.632,0.185,0.751
26626.5,118608.9,200854.5,50.5,0.71,-0.307,-0.482,0.821
-28040.6,2107.4,152672.3,262.4,1.57,-0.151,-0.509,0.847
-32031.9,16918.7,164249.4,137.3,1.56,0.578,0.11,0.809
84714.9,104367.1,236092.1,189.7,0.72,-0.797,0.029,0.603
50429.2,133387.4,224049.0,135.5,0.22,0.017,0.69,0.724
86902.8,126318.8,249243.3,95.0,0.22,-0.684,0.0,0.729
39553.1,100655.4,204671.4,129.6,0.33,-0.075,-0.569,0.818
70145.1,118780.7,231373.0,143.4,0.36,-0.595,0.147,0.79
37484.1,109306.5,204214.2,70.8,0.49,-0.493,-0.163,0.855
67790.3,119876.0,228575.1,39.6,0.86,-0.622,0.423,0.658
16100.7,63627.2,162293.1,97.6,0.31,0.019,-0.421,0.907
87690.2,133068.3,246299.2,353.8,0.79,-0.591,0.322,0.739
33393.0,94128.1,192669.5,127.5,0.92,0.535,-0.61,0.581
87103.9,126675.6,249426.3,145.4,0.66,-0.563,0.092,0.82
88676.6,122400.7,246424.4,308.7,0.37,0.82,-0.092,0.568
60022.5,115363.8,222734.2,256.1,0.28,-0.459,-0.349,0.817
75677.4,105834.8,227691.3,245.5,0.29,-0.571,-0.238,0.786
87019.8,124826.7,248761.3,92.8,0.76,-0.351,-0.614,0.707
58057.6,88310.4,209354.5,236.9,0.57,-0.636,-0.478,0.602
30539.6,110396.2,199903.7,54.8,0.23,-0.66,-0.015,0.751
66974.9,116779.4,228518.5,144.9,0.22,-0.732,-0.046,0.679
42244.9,105020.9,206642.4,96.0,0.63,-0.36,-0.129,0.924
32816.9,110226.0,201661.0,192.9,0.33,-0.547,-0.094,0.832
24080.7,112912.5,196794.5,34.4,0.39,-0.463,-0.37,0.805
36546.9,109418.3,203713.8,102.9,0.46,-0.48,-0.222,0.849
77222.8,109651.3,230947.7,278.7,0.54,-0.763,-0.155,0.626
59950.2,117571.2,223331.7,101.6,0.22,-0.66,-0.054,0.75
89712.1,131888.4,248196.9,281.1,0.73,-0.396,0.339,0.853
61626.7,133745.3,227279.5,76.3,0.4,-0.034,0.576,0.817
37773.4,115473.3,206303.2,193.0,0.34,-0.369,-0.445,0.816
58976.8,115697.6,221936.7,322.5,0.44,-0.641,-0.441,0.628
-12693.2,6117.9,158245.5,331.7,1.73,-0.04,-0.003,0.999
46514.5,108771.3,209619.1,238.8,0.54,-0.643,-0.012,0.762
28218.7,112635.9,198979.0,40.2,0.38,-0.604,-0.179,0.776
-30019.6,3711.3,153138.3,64.1,1.48,-0.266,-0.512,0.816
56850.9,129132.1,232244.1,129.3,0.26,0.102,0.802,0.585
-17501.5,-8479.7,151873.6,139.5,0.31,-0.433,-0.205,0.878
50419.8,98851.2,208222.2,59.2,1.82,-0.419,-0.373,0.827
95771.8,129288.6,247162.4,64.3,0.35,0.504,0.156,0.837
24420.2,112897.7,197001.1,295.1,0.33,-0.447,-0.385,0.807
43890.7,99088.8,205256.7,322.3,0.77,-0.319,-0.379,0.869
-25737.3,-3472.8,150620.7,251.3,0.43,-0.292,-0.343,0.893
52117.0,123527.6,223489.7,110.4,0.28,-0.617,-0.349,0.698
63297.9,106809.2,218849.2,99.8,1.84,-0.58,-0.298,0.758
58395.4,118320.4,221651.6,73.7,0.33,-0.659,0.326,0.678
54873.3,120569.6,218561.4,194.7,0.3,-0.522,-0.264,0.811
9361.1,84437.3,173519.2,68.1,0.38,0.769,-0.012,0.639
106613.8,116907.3,222367.2,254.0,0.37,0.551,0.161,0.817
22346.6,108646.4,194185.7,238.9,1.23,-0.548,0.366,0.752
64342.2,113166.8,223071.5,195.5,0.11,-0.325,-0.735,0.595
39021.1,110952.9,205489.1,49.4,0.31,-0.46,-0.27,0.846
4942.2,74383.3,166645.1,62.4,0.36,-0.393,-0.178,0.902
49662.7,134978.3,222576.3,121.7,0.84,-0.251,0.691,0.678
-30079.0,-4.8,151003.3,120.1,2.17,-0.301,-0.276,0.913
58666.1,107063.4,215915.6,246.3,0.24,-0.553,-0.32,0.769
15948.0,111570.5,193177.7,26.4,0.23,-0.635,-0.203,0.745
18735.7,62651.2,161813.7,67.1,0.31,-0.168,-0.49,0.856
24239.3,98729.1,197590.9,332.8,0.24,-0.154,-0.672,0.727
33093.7,109113.8,201646.7,54.1,2.29,-0.5,-0.174,0.848
84131.6,124748.9,247555.2,80.4,0.19,-0.716,0.049,0.692
18513.6,58838.7,160269.6,241.7,1.31,-0.174,-0.291,0.941
23991.4,119042.4,200268.2,68.4,1.56,-0.204,-0.436,0.876
88569.6,122434.3,246555.5,73.2,0.16,0.794,-0.04,0.607
69017.4,131670.5,231960.9,284.7,0.12,-0.566,0.613,0.552
87157.2,120945.6,245952.9,129.6,0.26,-0.606,-0.041,0.794
-41140.9,-17254.1,143031.7,356.0,0.31,0.023,-0.334,0.942
47154.8,106779.1,209378.0,51.5,0.31,-0.472,-0.238,0.849
40966.3,104679.4,205974.0,319.9,0.91,-0.367,-0.025,0.93
68422.4,120000.5,229204.5,331.0,0.86,-0.693,0.341,0.636
1550.7,97810.9,184871.6,7.6,0.21,0.456,-0.51,0.725
24710.4,113150.1,197257.3,300.5,0.24,-0.513,-0.375,0.772
84257.9,109798.2,237592.6,291.4,1.4,-0.611,0.004,0.786
54219.1,105592.5,213070.2,244.2,1.09,-0.474,-0.187,0.86
-21142.1,4082.5,156028.8,238.3,0.66,-0.297,-0.461,0.836
40262.1,109158.8,205561.7,10.7,0.31,-0.359,-0.306,0.882
21253.2,113513.1,195581.5,317.9,0.78,-0.193,-0.577,0.793
87947.6,115058.1,243237.4,113.7,0.25,-0.807,-0.035,0.589
20012.0,108181.6,192240.1,233.8,0.16,-0.726,-0.222,0.651
61258.8,109714.5,218918.8,342.7,0.49,-0.396,-0.52,0.757
59398.8,115560.0,222429.5,106.5,0.8,-0.697,-0.245,0.674
37408.2,110811.9,204581.3,159.1,0.37,-0.448,-0.262,0.855
28321.6,112077.0,198994.5,167.8,1.0,-0.629,-0.145,0.764
69778.0,119426.1,230885.5,95.1,0.2,-0.598,0.369,0.71
74680.8,128943.8,238459.9,26.2,0.61,-0.676,0.204,0.707
36974.5,106845.2,203945.7,14.9,0.73,-0.311,0.204,0.928
76532.1,138526.7,235668.7,8.2,0.36,0.073,0.692,0.718
-9778.1,-91616.7,142665.2,76.2,2.57,-0.359,0.056,0.932
38186.1,108205.2,204400.7,195.9,2.91,-0.397,-0.139,0.907
82614.7,131627.7,244446.3,125.8,0.1,-0.458,0.675,0.58
62308.6,126501.1,234170.2,273.3,0.39,-0.361,0.433,0.823
68848.5,115709.8,229980.4,186.5,0.2,-0.55,-0.612,0.568
81096.0,123315.1,243126.9,229.6,0.26,-0.467,-0.544,0.688
29479.6,114644.2,200683.1,112.3,0.26,-0.399,-0.456,0.795
69335.1,120053.4,230040.6,331.2,0.17,-0.579,0.448,0.681
-18717.4,8976.6,159353.8,191.7,0.3,0.204,-0.266,0.942
78065.7,121605.4,237527.9,310.6,0.18,-0.717,0.188,0.667
87421.6,141949.1,244408.9,290.3,0.6,-0.509,0.027,0.859
89017.6,114347.4,243651.4,247.6,0.34,0.825,-0.154,0.577
89447.5,124046.5,245377.0,5.8,0.11,0.807,0.016,0.592
83591.6,132809.0,244074.1,181.6,0.32,-0.254,0.546,0.799
27355.8,111918.9,198182.4,214.7,0.73,-0.62,-0.123,0.775
35992.8,59909.2,169129.9,172.5,0.3,-0.531,-0.19,0.826
96615.5,130337.9,245744.0,79.5,0.26,0.528,0.408,0.744
76976.2,123905.5,240706.7,47.0,0.1,-0.423,-0.718,0.552
85742.6,124342.9,247975.4,173.1,0.26,-0.089,-0.625,0.775
88075.0,132241.2,247013.6,181.8,0.21,-0.593,0.355,0.722
58044.3,116000.0,221272.8,278.7,1.09,-0.578,-0.51,0.637
70575.6,114168.2,229232.4,79.8,0.42,-0.581,-0.378,0.72
75701.1,130859.6,239288.6,238.6,1.08,-0.684,-0.287,0.669
26333.4,117665.2,200226.3,181.7,0.37,-0.455,-0.369,0.81
65763.7,112830.1,223275.0,2.0,0.41,-0.423,-0.571,0.703
15862.9,96565.9,183733.9,45.3,0.09,-0.804,-0.195,0.562
61538.4,127760.4,232881.7,325.2,0.51,-0.252,0.57,0.778
14329.0,3833.0,159456.8,84.4,1.34,-0.646,0.297,0.702
80335.2,127275.8,246417.9,69.8,0.44,-0.101,0.586,0.803
75491.5,124865.2,240826.0,307.5,0.66,-0.626,-0.339,0.69
14141.0,63910.1,162704.8,79.9,0.31,-0.031,-0.404,0.914
28332.2,108601.8,198211.6,331.7,0.34,-0.579,0.226,0.783
-23323.7,21435.6,159896.9,147.4,0.82,0.571,-0.06,0.818
65420.0,99408.5,219981.0,322.1,0.52,-0.542,0.349,0.764
69227.6,111380.5,224815.5,88.4,0.09,-0.539,-0.629,0.564
18852.0,61047.3,161062.6,213.2,0.96,-0.2,-0.348,0.916
40855.9,99434.9,204067.1,260.6,0.35,0.191,-0.426,0.884
44236.6,99862.4,205777.1,310.3,2.12,-0.302,-0.45,0.84
22056.9,109278.6,193798.4,357.2,0.34,-0.547,0.012,0.835
39316.4,105361.6,205657.9,241.9,0.57,-0.081,0.065,0.994
20575.8,112524.8,194695.7,234.9,0.28,-0.163,-0.577,0.8
16581.0,96946.6,184789.8,333.8,0.16,-0.725,-0.173,0.666
91957.7,143931.9,242404.4,28.9,0.23,0.396,0.554,0.732
38671.0,108007.2,204557.2,59.3,1.05,-0.371,-0.077,0.925
18346.4,60370.5,160704.9,134.9,0.33,-0.113,-0.328,0.937
59383.4,116404.5,222677.0,303.0,0.33,-0.528,-0.319,0.787
-37551.6,2163.2,149916.5,3.0,0.61,-0.12,-0.554,0.823
58687.2,105915.0,215615.1,151.2,1.22,-0.423,-0.267,0.866
60086.0,115936.9,222958.2,86.3,0.22,-0.594,-0.305,0.744
36863.5,111120.4,204387.8,218.1,2.23,-0.47,-0.248,0.847
65405.2,115530.5,226141.5,97.5,0.84,-0.354,-0.711,0.607
18956.0,112202.4,194165.4,255.5,0.61,-0.034,-0.677,0.735
23695.6,111609.8,195927.6,44.0,2.46,-0.429,-0.463,0.776
35650.0,113344.1,204086.5,307.9,1.66,-0.545,-0.239,0.802
76628.8,138198.0,235912.9,197.3,0.74,0.034,0.676,0.734
76405.4,115203.2,234527.8,45.2,0.27,-0.478,-0.671,0.568
80691.0,127741.4,245996.5,121.2,1.15,-0.278,0.632,0.722
71528.5,129751.0,236106.0,187.7,1.0,-0.607,0.383,0.697
18339.6,64651.6,162900.3,275.2,0.35,-0.199,-0.481,0.854
21358.1,113238.8,195402.0,236.6,0.76,-0.192,-0.577,0.794
43271.3,104287.7,206817.9,55.4,0.3,-0.164,-0.247,0.955
59135.9,123704.3,228764.6,71.4,0.09,-0.283,-0.779,0.561
34472.0,110594.5,202799.7,323.0,0.35,-0.543,-0.194,0.817
88609.5,122789.9,246433.2,180.6,0.18,0.8,0.06,0.597
93115.1,134060.0,243791.4,167.2,1.17,0.521,0.5,0.691
11193.1,65607.4,163204.1,222.0,0.3,-0.041,-0.432,0.901
40529.2,110577.9,206184.5,299.1,0.65,-0.413,-0.315,0.855
45636.3,103293.0,207436.2,246.6,2.33,-0.462,-0.215,0.86
17398.6,10475.8,158736.2,93.7,0.32,-0.572,-0.003,0.82
-31887.3,3221.8,152139.1,353.2,2.23,-0.352,-0.396,0.848
87183.2,125753.6,249575.1,213.8,0.75,-0.517,-0.351,0.772
59217.4,114092.2,220517.2,192.1,0.2,-0.114,-0.699,0.705
23739.9,100416.5,197284.7,265.0,0.21,-0.558,0.393,0.727
39778.0,118193.2,208747.7,53.8,0.28,-0.459,-0.368,0.808
87514.9,121542.8,246239.1,48.6,2.13,-0.527,-0.35,0.775
30854.9,109648.7,200215.1,243.1,0.35,-0.593,0.071,0.802
57590.2,128437.5,232740.0,118.6,1.03,0.255,0.681,0.687
31595.8,120880.3,205625.4,163.9,0.85,0.163,-0.81,0.563
89949.7,128730.7,249783.8,204.9,0.31,-0.376,-0.097,0.911
38913.1,109281.8,204970.6,3.3,0.9,-0.431,-0.229,0.873
84907.3,121512.2,244187.8,311.7,0.49,-0.657,0.169,0.729
77711.2,120559.3,237800.2,350.4,0.15,-0.681,0.33,0.653
15822.9,96380.7,183634.9,13.2,0.08,-0.799,-0.23,0.557
29000.8,114699.3,200479.6,81.4,0.26,-0.419,-0.431,0.799
24882.3,112387.8,196958.9,236.2,1.12,-0.453,-0.434,0.779
31993.7,104116.6,200370.4,237.2,0.37,-0.684,0.299,0.665
34577.5,110490.7,202851.5,241.2,0.3,-0.546,-0.192,0.815
56979.5,113902.3,216933.5,301.6,0.4,-0.777,0.036,0.624
56868.3,120975.5,220003.4,188.5,0.82,-0.47,-0.465,0.741
37885.7,109164.3,204425.5,315.4,0.31,-0.501,-0.153,0.852
41854.3,95929.1,202047.9,236.9,2.24,-0.132,-0.654,0.745
55201.1,117954.9,219478.6,71.3,1.09,-0.612,0.084,0.786
23301.9,124625.8,204994.8,257.0,0.1,-0.657,-0.486,0.576
82173.6,120329.0,241960.4,279.0,0.92,-0.434,-0.23,0.867
34502.0,110450.4,202790.4,145.8,0.29,-0.544,-0.193,0.816
59047.1,113585.4,220160.1,303.4,0.67,-0.318,-0.484,0.815
-25649.7,-3495.0,150651.3,245.0,0.31,-0.271,-0.36,0.893
93933.6,133626.5,243492.2,106.3,0.21,0.114,0.664,0.731
34629.2,101947.2,205134.6,66.6,0.9,-0.648,0.509,0.573
74303.0,124657.5,239530.4,253.5,0.12,-0.273,-0.774,0.568
85066.3,131153.2,245816.0,296.2,0.26,-0.267,0.554,0.789
56726.6,118900.0,220028.8,208.8,0.38,-0.502,0.363,0.785
36741.8,109213.3,203769.9,189.0,0.32,-0.487,-0.204,0.849
14251.0,114222.2,193365.2,163.0,1.71,-0.648,-0.208,0.732
98303.4,113410.0,229990.1,80.7,0.22,0.592,0.362,0.72
84471.6,118583.9,241844.8,114.3,0.21,-0.292,-0.617,0.731
78997.1,123474.1,240549.1,73.7,0.42,-0.116,-0.77,0.6
-3055.2,-3739.1,158450.7,222.9,0.89,0.036,0.085,0.996
86419.4,119625.2,244664.2,97.3,0.74,-0.485,-0.428,0.763
22440.7,103804.7,194322.7,191.0,0.2,-0.685,-0.261,0.681
60104.3,115149.8,222693.4,35.5,0.27,-0.423,-0.432,0.796
18488.3,-15283.4,166987.5,150.2,1.19,-0.408,0.345,0.845
87861.2,125935.9,249829.4,205.4,0.31,0.342,-0.223,0.903
-1547.0,99371.5,188243.4,163.6,0.85,0.577,-0.347,0.739
87911.4,123324.3,247327.4,161.6,0.64,0.276,-0.599,0.732
15558.3,55571.6,159103.0,3.3,1.74,-0.082,-0.362,0.929
23431.9,61134.7,161900.0,219.2,0.82,-0.056,-0.352,0.932
65190.8,128062.3,235115.7,93.6,0.76,0.16,0.765,0.624
57747.7,111336.2,216857.0,295.0,1.28,-0.509,0.414,0.743
-25925.6,3308.6,153891.8,123.5,0.3,-0.226,-0.486,0.844
62834.8,98951.9,217958.1,135.7,1.3,-0.666,0.259,0.698
60914.4,130135.1,231277.7,333.6,0.49,-0.531,0.628,0.566
-26370.4,2947.8,153552.5,26.2,0.3,-0.256,-0.465,0.848
-26355.4,2979.7,153573.1,334.4,0.3,-0.256,-0.466,0.847
80410.6,128669.8,245053.1,218.9,0.23,0.042,0.648,0.757
57779.7,130072.5,230365.0,209.1,0.19,-0.262,0.793,0.554
-38324.7,-25465.3,140379.8,338.8,0.85,0.038,-0.16,0.986
32132.1,114115.6,202470.4,211.5,1.47,-0.544,-0.234,0.806
14319.3,66933.0,163961.0,197.9,0.33,0.007,-0.398,0.917
78124.5,120953.7,238002.4,62.2,0.13,-0.673,0.404,0.62
83971.4,121083.3,243350.9,332.3,0.4,-0.541,-0.362,0.756
-24934.0,-109399.0,139701.8,108.2,0.62,-0.067,-0.02,0.998
22626.2,112420.2,195725.4,287.1,0.47,-0.467,-0.394,0.791
57950.2,116031.1,221221.2,111.9,0.23,-0.536,-0.541,0.647
-29448.8,2510.9,152579.1,186.4,0.3,-0.208,-0.526,0.825
64686.0,120021.4,225817.3,352.8,0.21,-0.581,0.353,0.732
13176.1,63602.1,162354.4,310.2,0.41,-0.115,-0.419,0.9
76029.0,109363.3,229596.1,251.2,0.88,-0.651,-0.245,0.718
89200.9,123975.8,245721.1,49.1,0.13,0.77,0.159,0.619
77581.8,121506.7,236980.1,353.3,0.15,-0.714,0.288,0.636
42224.7,118876.5,210319.2,47.6,2.54,-0.36,-0.455,0.814
22794.9,112591.3,195933.9,136.8,0.31,-0.456,-0.391,0.799
58627.3,128683.2,232191.9,253.0,0.96,-0.042,0.675,0.737
23239.7,111039.2,195266.1,162.9,0.69,-0.44,-0.484,0.756
24469.9,112930.4,197037.8,154.6,0.27,-0.45,-0.383,0.806
17646.6,62904.6,161823.5,225.0,2.66,0.012,-0.454,0.891
57365.7,113054.0,217796.6,314.1,0.79,-0.681,-0.011,0.726
64192.6,100210.4,218555.5,201.0,1.53,-0.651,0.159,0.742
33471.7,110586.5,202138.8,246.7,0.62,-0.565,-0.106,0.818
38150.1,113048.5,205763.2,104.8,2.62,-0.488,-0.231,0.841
-30152.8,3989.4,153270.7,123.6,1.8,-0.329,-0.388,0.86
69215.5,124181.8,235750.7,80.1,0.55,-0.119,-0.803,0.585
27333.1,59840.7,163666.6,154.5,1.67,-0.485,-0.107,0.868
75682.4,126675.7,240002.3,4.6,0.36,-0.656,0.276,0.701
-34682.7,-110476.5,139538.2,89.6,1.1,-0.095,0.154,0.983
86533.8,122265.0,245580.2,279.9,0.32,-0.622,0.365,0.693
76171.2,112101.4,231152.6,115.1,0.9,0.127,-0.675,0.727
90185.1,141280.6,244842.5,149.4,0.9,0.159,0.589,0.792
84523.9,118806.9,242046.4,318.9,0.24,-0.264,-0.596,0.758
4424.4,-7197.7,160886.8,344.9,1.22,-0.322,0.395,0.86
27861.7,114531.6,199797.0,347.9,0.35,-0.407,-0.458,0.79
16386.2,54993.4,158954.7,257.8,1.39,-0.104,-0.295,0.95
88159.0,123216.2,247021.8,149.0,0.37,0.473,-0.311,0.818
42477.0,104949.4,206710.5,59.2,0.4,-0.357,-0.124,0.926
60495.8,115464.8,223113.1,290.6,0.26,-0.515,-0.465,0.72
21592.3,113005.1,195304.1,213.9,0.28,-0.332,-0.471,0.817
99654.8,114652.0,228306.0,145.0,0.19,0.603,0.401,0.69
87302.6,124668.3,248759.1,148.3,0.39,-0.113,-0.684,0.714
57953.6,120921.1,220781.7,90.6,0.76,-0.533,-0.259,0.805
58750.2,114769.5,221147.9,147.3,0.18,-0.495,-0.52,0.696
95751.1,133658.3,243679.3,263.1,0.78,0.071,0.781,0.62
16177.9,64522.4,162684.7,276.6,0.74,0.104,-0.386,0.917
-30084.0,3027.8,152699.6,130.0,0.76,-0.325,-0.479,0.815
86631.9,124505.6,248218.7,285.4,0.74,-0.256,-0.604,0.754
34148.6,57847.0,167405.2,60.4,0.29,-0.472,-0.291,0.832
-11829.1,-3558.5,156874.0,125.0,0.63,-0.493,-0.116,0.862
77088.8,111922.6,231117.1,349.1,1.11,-0.483,-0.305,0.82
39882.2,106002.2,205623.7,279.3,0.66,-0.166,0.283,0.944
14753.9,2944.9,159744.0,305.5,1.73,-0.47,0.099,0.877
62477.9,114163.5,223676.7,276.0,0.31,-0.082,-0.805,0.588
83005.8,120337.5,242365.5,321.1,0.66,-0.36,-0.545,0.756
58664.0,115905.5,221812.3,199.9,0.13,-0.552,-0.55,0.626
57183.3,112795.0,217581.4,322.4,0.45,-0.744,-0.347,0.575
22585.3,108254.8,194638.8,61.6,0.41,-0.622,0.359,0.695
-8104.6,-99353.1,143536.1,118.7,0.3,0.047,0.027,0.998
82413.8,131614.2,244424.1,339.0,0.18,-0.206,0.691,0.692
31012.5,112333.1,201039.5,4.5,1.95,-0.468,-0.336,0.818
16396.0,63951.1,162458.4,55.6,0.33,0.027,-0.393,0.919
-26761.2,4977.4,154823.1,295.6,0.29,-0.022,-0.577,0.816
82490.7,130647.6,245166.7,225.2,0.22,-0.654,0.252,0.712
37954.9,113007.4,205635.2,86.4,2.33,-0.491,-0.229,0.84
86498.4,121685.7,245651.8,141.6,0.25,-0.604,-0.265,0.751
59504.0,115924.4,222619.7,29.2,0.88,-0.568,-0.273,0.777
-28648.8,3237.6,153289.0,284.5,1.04,-0.262,-0.48,0.837
98315.0,115317.2,228934.4,336.1,0.22,0.533,0.415,0.737
35540.1,111703.5,203748.7,49.8,1.67,-0.551,-0.195,0.812
70625.8,124898.4,237449.5,145.9,0.16,-0.354,-0.693,0.628
-26875.4,-40292.8,139891.6,40.5,0.3,-0.136,-0.166,0.977
25404.4,119375.6,200971.7,39.4,2.1,-0.341,-0.455,0.822
33153.2,110183.8,201876.0,324.9,1.28,-0.541,-0.128,0.831
-30405.2,3557.4,152844.4,293.5,0.25,-0.327,-0.553,0.766
72684.9,112395.9,229253.6,177.1,0.12,-0.584,-0.537,0.609
22286.6,122946.4,202780.2,264.1,0.12,-0.521,-0.592,0.615
94050.5,131412.7,245658.4,51.3,0.28,-0.324,0.625,0.708
15572.6,107963.6,190638.5,165.1,0.23,-0.006,-0.658,0.753
66018.2,122576.8,229102.4,334.2,0.21,0.149,-0.732,0.662
11120.0,97515.0,182616.1,158.3,0.2,-0.6,-0.363,0.713
608.1,100591.0,188313.2,145.8,0.22,-0.102,-0.662,0.742
11396.3,97631.4,182912.1,108.8,1.41,-0.567,-0.383,0.729
64807.2,126201.1,236040.2,304.4,0.13,-0.489,-0.611,0.623
14003.3,66858.9,163936.9,71.6,1.62,0.023,-0.411,0.911
59429.4,105558.6,215840.9,237.1,1.08,-0.471,-0.185,0.862
17334.6,-3856.7,164279.4,155.8,0.66,-0.492,0.114,0.863
17638.2,9873.9,158833.6,255.1,0.8,-0.595,-0.052,0.802
22926.1,111772.4,195623.0,184.9,0.26,-0.431,-0.468,0.771
47624.4,105888.0,209477.4,82.4,0.44,-0.463,-0.208,0.861
56788.0,104978.9,214093.5,241.7,0.39,-0.514,-0.112,0.85
66337.5,113464.6,224188.3,86.3,0.3,-0.537,-0.607,0.586
38389.6,106277.7,204861.5,316.7,1.11,-0.463,0.392,0.795
23023.8,112694.7,196104.7,168.1,1.02,-0.454,-0.385,0.803
88068.8,122447.0,247019.5,215.0,0.3,-0.325,0.005,0.92
48421.5,106196.7,209896.6,297.4,0.35,-0.415,-0.32,0.851
8999.7,71998.1,166262.1,47.8,0.44,-0.028,-0.449,0.893
76916.5,109346.4,230466.5,142.1,0.69,-0.686,-0.18,0.705
13143.7,67851.1,164357.0,217.7,1.45,-0.038,-0.427,0.903
87353.4,121448.1,246094.9,116.2,0.49,-0.543,-0.288,0.789
19068.1,59030.9,160465.2,32.0,0.43,-0.242,-0.297,0.924
19434.3,112302.8,194284.6,356.3,0.35,-0.105,-0.637,0.764
36806.3,107663.6,203745.8,5.0,2.27,-0.434,0.184,0.882
38419.7,108064.2,204470.3,57.6,0.57,-0.36,-0.107,0.927
59074.6,107225.9,216281.9,347.5,0.37,-0.509,-0.318,0.8
25438.1,131677.4,214582.8,259.1,0.1,-0.003,-0.834,0.551
56389.7,130453.8,230601.0,311.1,0.13,0.05,0.816,0.573
-11958.0,6078.3,158241.3,49.6,1.23,0.039,0.03,0.999
69601.7,119505.2,230683.8,219.7,0.41,-0.625,0.378,0.682
93617.5,128477.4,247971.2,306.3,0.21,0.474,-0.555,0.683
70141.4,113200.4,228066.9,11.7,0.64,-0.693,-0.316,0.649
77455.7,113330.2,232445.5,16.2,0.59,-0.243,-0.765,0.597
7970.0,71501.2,165984.3,189.0,2.96,-0.208,-0.411,0.885
-36387.7,-1458.3,147776.5,122.6,1.88,-0.24,-0.417,0.876
15356.1,104064.0,187838.8,226.5,0.42,-0.21,-0.525,0.825
21517.2,111174.0,194476.0,116.7,0.44,-0.476,-0.446,0.758
36987.2,111545.7,204582.0,156.0,0.49,-0.479,-0.263,0.837
78376.3,121705.3,237871.3,25.2,0.27,-0.765,0.031,0.642
57151.1,113445.0,217359.8,278.9,0.13,-0.721,0.316,0.617
20709.4,70.4,164342.6,231.0,0.31,-0.471,0.406,0.783
76769.9,120710.7,236621.0,352.9,0.81,-0.7,0.306,0.646
14266.8,3206.6,159402.0,142.6,0.46,-0.61,0.08,0.787
64242.7,137493.4,225737.9,346.4,1.88,-0.406,0.375,0.833
31408.2,112027.5,201116.5,122.6,0.33,-0.438,-0.41,0.8
88531.1,122541.8,246601.3,185.9,0.2,0.786,0.003,0.618
17695.2,97169.4,186043.8,49.8,0.93,-0.799,-0.188,0.574
64051.8,120298.8,225241.1,260.5,1.28,-0.577,0.321,0.751
71281.2,120250.5,231600.8,92.7,0.31,-0.615,0.459,0.641
68783.9,120228.4,229423.4,160.3,0.28,-0.64,0.345,0.686
22177.7,51032.9,159490.4,66.9,0.35,-0.458,-0.089,0.883
23719.4,111219.7,195697.8,10.1,0.5,-0.496,-0.447,0.744
82504.2,124048.6,245761.1,152.4,0.95,-0.746,0.043,0.665
9764.4,117240.8,197617.9,287.8,0.08,0.807,-0.18,0.563
63741.1,113253.0,222871.6,276.2,0.11,-0.231,-0.783,0.577
86390.7,118918.5,244297.4,309.6,1.58,-0.457,-0.551,0.701
59340.8,113861.9,220398.1,0.8,0.54,-0.278,-0.557,0.781
81934.2,134691.8,241902.9,314.9,2.24,-0.433,0.51,0.743
-25488.6,19456.9,161407.0,221.7,0.18,0.593,0.411,0.692
16391.3,61406.6,161233.1,178.5,0.59,0.033,-0.396,0.917
88667.2,122737.6,246369.5,30.1,0.28,0.793,0.088,0.603
55889.6,110994.5,215179.4,315.4,0.22,-0.682,-0.132,0.72
64191.4,127979.8,235355.0,198.3,0.91,-0.364,0.262,0.885
56759.1,124803.2,228089.5,0.7,1.44,-0.688,-0.315,0.654
88729.3,129420.2,248518.7,210.3,0.22,-0.578,0.353,0.736
70654.6,131747.9,233878.1,213.8,0.29,-0.591,0.502,0.631
87775.6,121342.8,246345.1,62.7,0.31,-0.519,-0.299,0.801
81513.7,135331.4,241273.5,259.2,0.33,-0.628,0.227,0.744
92296.2,129429.4,248267.1,224.0,2.0,0.114,0.691,0.714
56365.2,107362.9,214862.2,199.6,0.3,-0.532,-0.053,0.844
46657.6,102449.8,207769.0,3.0,0.41,-0.437,-0.173,0.882
50987.4,90270.6,205101.1,224.4,0.14,-0.757,-0.182,0.627
5939.2,126677.7,213048.8,14.2,0.09,0.287,-0.767,0.575
25063.3,113754.2,197765.3,135.5,0.96,-0.507,-0.292,0.811
8394.5,-8672.6,162764.7,225.0,1.12,-0.188,0.392,0.9
8956.1,84200.2,174110.8,34.1,0.42,0.824,-0.106,0.554
72622.2,133301.5,234176.8,33.7,0.23,-0.643,0.429,0.631
22235.3,112267.8,195395.0,147.0,0.26,-0.473,-0.371,0.799
60645.7,115262.5,223088.9,102.7,0.58,-0.485,-0.471,0.737
81921.9,121509.8,241437.6,197.2,0.26,-0.526,0.337,0.781
